order_id,amount_paise,customer_id,created_at,status,channel
order_0034000000,179356,cust_000062,2026-07-17T13:00:02,paid,app
order_0034000001,39447,cust_000318,2026-07-31T11:08:52,paid,web
order_0034000002,30175,cust_000123,2026-07-05T19:04:21,paid,app
order_0034000003,57530,cust_000928,2026-07-10T10:37:47,paid,pos
order_0034000004,62327,cust_000230,2026-07-13T19:47:13,paid,pos
order_0034000005,30786,cust_000406,2026-07-09T15:06:24,paid,web
order_0034000006,57704,cust_000269,2026-07-17T17:16:25,paid,app
order_0034000007,298333,cust_001198,2026-07-10T02:29:36,paid,pos
order_0034000008,129321,cust_001249,2026-07-31T11:15:59,attempted,app
order_0034000009,49041,cust_000571,2026-07-06T15:08:14,paid,web
order_0034000010,128429,cust_000242,2026-07-17T19:22:48,paid,pos
order_0034000011,130399,cust_000316,2026-07-18T16:42:19,paid,app
order_0034000012,63829,cust_000265,2026-07-24T13:43:13,paid,app
order_0034000013,106558,cust_000946,2026-07-28T20:08:00,paid,web
order_0034000014,52471,cust_000339,2026-07-21T14:16:15,paid,pos
order_0034000015,64903,cust_001136,2026-07-31T11:18:43,paid,pos
order_0034000016,176361,cust_001104,2026-07-22T03:59:05,paid,app
order_0034000017,216830,cust_000610,2026-07-31T03:54:48,paid,app
order_0034000018,51449,cust_000018,2026-07-31T06:13:55,paid,web
order_0034000019,152315,cust_000891,2026-07-20T14:23:02,attempted,pos
order_0034000020,119007,cust_000444,2026-07-31T10:59:38,paid,app
order_0034000021,206504,cust_000453,2026-07-07T02:38:38,paid,web
order_0034000022,75751,cust_000901,2026-07-08T11:38:10,paid,web
order_0034000023,501555,cust_000723,2026-07-09T21:33:06,paid,app
order_0034000024,24753,cust_000230,2026-07-08T12:57:44,paid,web
order_0034000025,18354,cust_000559,2026-07-09T04:50:22,paid,pos
order_0034000026,399810,cust_001052,2026-07-12T17:45:51,paid,web
order_0034000027,152359,cust_000151,2026-07-19T23:47:37,paid,app
order_0034000028,6878,cust_000122,2026-07-23T23:02:08,paid,web
order_0034000029,13729,cust_000645,2026-07-07T22:36:42,paid,app
order_0034000030,466403,cust_001105,2026-07-28T21:05:18,paid,web
order_0034000031,72292,cust_001196,2026-07-16T19:13:21,paid,web
order_0034000032,515080,cust_000232,2026-07-29T00:34:23,attempted,pos
order_0034000033,376042,cust_000237,2026-07-15T14:51:16,paid,web
order_0034000034,245918,cust_001037,2026-07-23T19:27:38,paid,web
order_0034000035,348656,cust_000254,2026-07-08T01:45:19,paid,app
order_0034000036,165594,cust_000693,2026-07-07T09:02:23,paid,web
order_0034000037,47192,cust_001169,2026-07-21T14:37:10,attempted,web
order_0034000038,96726,cust_000975,2026-07-12T19:30:47,paid,app
order_0034000039,209056,cust_000833,2026-07-12T12:55:49,paid,app
order_0034000040,6254,cust_000456,2026-07-26T14:42:02,attempted,web
order_0034000041,18895,cust_001133,2026-07-10T06:20:25,attempted,app
order_0034000042,42384,cust_000750,2026-07-16T23:29:31,paid,app
order_0034000043,84485,cust_000455,2026-07-13T19:58:35,paid,app
order_0034000044,246949,cust_000165,2026-07-30T14:09:27,paid,web
order_0034000045,269194,cust_000474,2026-07-01T15:39:38,paid,pos
order_0034000046,113864,cust_000153,2026-07-30T10:46:26,paid,web
order_0034000047,37855,cust_000160,2026-07-22T15:32:04,paid,app
order_0034000048,55397,cust_000609,2026-07-19T18:06:43,paid,app
order_0034000049,115742,cust_001188,2026-07-26T16:54:29,paid,app
order_0034000050,65207,cust_000412,2026-07-15T05:50:45,paid,app
order_0034000051,333943,cust_000030,2026-07-01T17:11:41,paid,app
order_0034000052,52508,cust_001053,2026-07-11T13:06:57,paid,pos
order_0034000053,288218,cust_000822,2026-07-18T06:14:49,paid,pos
order_0034000054,93994,cust_000375,2026-07-16T14:18:03,paid,pos
order_0034000055,400091,cust_000325,2026-07-12T03:57:10,attempted,web
order_0034000056,6002,cust_001039,2026-07-01T05:22:50,paid,app
order_0034000057,115224,cust_001059,2026-07-11T06:22:07,paid,pos
order_0034000058,15965,cust_000392,2026-07-31T14:15:16,paid,web
order_0034000059,154463,cust_001326,2026-07-05T00:37:20,paid,web
order_0034000060,50073,cust_001019,2026-07-10T02:39:13,paid,web
order_0034000061,56622,cust_000153,2026-07-18T08:41:24,paid,web
order_0034000062,69805,cust_000171,2026-07-28T07:08:12,paid,pos
order_0034000063,171129,cust_001147,2026-07-15T11:53:52,paid,pos
order_0034000064,99036,cust_000510,2026-07-30T05:51:14,paid,pos
order_0034000065,245354,cust_000907,2026-07-17T01:28:10,paid,web
order_0034000066,176184,cust_000448,2026-07-06T11:31:32,paid,pos
order_0034000067,179533,cust_000446,2026-07-11T14:37:28,paid,app
order_0034000068,31970,cust_000405,2026-07-03T01:29:22,paid,app
order_0034000069,28539,cust_000174,2026-07-21T01:38:48,paid,app
order_0034000070,10479,cust_000947,2026-07-13T16:50:39,paid,app
order_0034000071,59084,cust_000074,2026-07-31T09:25:01,paid,app
order_0034000072,97873,cust_000862,2026-07-16T17:10:58,paid,web
order_0034000073,52763,cust_000223,2026-07-23T19:53:55,paid,app
order_0034000074,67114,cust_000559,2026-07-25T10:57:07,paid,web
order_0034000075,237694,cust_000208,2026-07-30T20:26:48,attempted,web
order_0034000076,53604,cust_000090,2026-07-22T09:22:43,paid,pos
order_0034000077,39047,cust_000651,2026-07-17T23:58:28,paid,app
order_0034000078,50160,cust_000722,2026-07-10T07:52:26,paid,pos
order_0034000079,70852,cust_001115,2026-07-30T23:18:04,paid,pos
order_0034000080,1122207,cust_001221,2026-07-11T17:08:26,paid,web
order_0034000081,21014,cust_000178,2026-07-18T19:49:02,paid,app
order_0034000082,48331,cust_001223,2026-07-09T15:45:32,attempted,web
order_0034000083,84735,cust_001186,2026-07-11T13:24:03,paid,web
order_0034000084,67916,cust_000112,2026-07-08T12:55:25,paid,web
order_0034000085,22210,cust_000073,2026-07-23T11:05:28,attempted,app
order_0034000086,27521,cust_000812,2026-07-30T08:33:41,paid,web
order_0034000087,8070,cust_000233,2026-07-18T16:23:52,paid,web
order_0034000088,85915,cust_000305,2026-07-26T13:18:39,paid,pos
order_0034000089,115470,cust_000581,2026-07-30T09:53:18,paid,pos
order_0034000090,307422,cust_000633,2026-07-20T04:57:36,attempted,web
order_0034000091,60197,cust_000180,2026-07-01T10:01:39,paid,app
order_0034000092,122539,cust_000415,2026-07-15T09:18:56,paid,app
order_0034000093,30341,cust_001118,2026-07-06T12:34:42,paid,app
order_0034000094,148709,cust_000138,2026-07-12T16:51:31,paid,app
order_0034000095,255514,cust_001143,2026-07-12T15:45:31,paid,web
order_0034000096,72753,cust_001278,2026-07-05T08:18:38,paid,pos
order_0034000097,159530,cust_001096,2026-07-10T21:04:29,paid,app
order_0034000098,106203,cust_001008,2026-07-17T02:49:19,paid,web
order_0034000099,136064,cust_001207,2026-07-22T18:28:58,paid,pos
order_0034000100,26129,cust_000603,2026-07-19T01:29:38,paid,pos
order_0034000101,115361,cust_000153,2026-07-06T18:35:32,paid,pos
order_0034000102,49513,cust_001328,2026-07-22T11:51:47,paid,app
order_0034000103,481730,cust_000378,2026-07-04T16:02:08,paid,pos
order_0034000104,357190,cust_000925,2026-07-28T12:23:04,paid,app
order_0034000105,29583,cust_000234,2026-07-01T11:19:26,paid,app
order_0034000106,13352,cust_001028,2026-07-31T22:47:44,paid,app
order_0034000107,193965,cust_000897,2026-07-21T07:26:25,paid,app
order_0034000108,181300,cust_000145,2026-07-04T10:45:45,paid,web
order_0034000109,572336,cust_000594,2026-07-16T16:47:51,paid,app
order_0034000110,116665,cust_001110,2026-07-11T10:25:31,paid,app
order_0034000111,147649,cust_001063,2026-07-19T06:14:18,paid,web
order_0034000112,206923,cust_001029,2026-07-07T21:40:34,paid,web
order_0034000113,70644,cust_000146,2026-07-17T11:16:39,attempted,app
order_0034000114,54893,cust_000445,2026-07-14T10:03:42,attempted,web
order_0034000115,62897,cust_001112,2026-07-30T07:51:08,paid,app
order_0034000116,101683,cust_000813,2026-07-25T08:36:19,attempted,web
order_0034000117,209516,cust_001296,2026-07-02T09:22:26,paid,app
order_0034000118,34228,cust_000217,2026-07-27T23:10:20,paid,app
order_0034000119,93998,cust_000352,2026-07-28T12:25:22,paid,web
order_0034000120,52213,cust_000567,2026-07-29T03:45:22,paid,app
order_0034000121,153916,cust_001166,2026-07-31T08:21:25,paid,app
order_0034000122,125577,cust_000469,2026-07-08T16:09:07,paid,web
order_0034000123,19078,cust_000053,2026-07-20T13:05:36,paid,web
order_0034000124,32913,cust_000510,2026-07-09T07:23:29,paid,web
order_0034000125,251821,cust_000785,2026-07-16T11:22:06,paid,app
order_0034000126,23047,cust_000442,2026-07-02T04:49:02,paid,web
order_0034000127,90407,cust_001000,2026-07-12T17:16:23,paid,app
order_0034000128,60087,cust_000368,2026-07-07T08:23:59,paid,web
order_0034000129,267173,cust_001311,2026-07-10T06:32:25,paid,app
order_0034000130,31274,cust_001107,2026-07-28T05:55:54,paid,web
order_0034000131,50692,cust_001239,2026-07-10T09:23:25,paid,web
order_0034000132,378570,cust_000391,2026-07-14T03:46:49,paid,app
order_0034000133,124656,cust_000533,2026-07-24T18:41:07,paid,app
order_0034000134,66763,cust_000536,2026-07-18T13:01:08,attempted,web
order_0034000135,14272,cust_000102,2026-07-30T10:57:23,attempted,app
order_0034000136,109897,cust_000384,2026-07-25T12:33:09,paid,pos
order_0034000137,102273,cust_000888,2026-07-23T14:11:23,paid,app
order_0034000138,46259,cust_000830,2026-07-24T18:00:13,paid,web
order_0034000139,22141,cust_000121,2026-07-29T00:05:48,paid,web
order_0034000140,26465,cust_000386,2026-07-13T01:55:42,paid,web
order_0034000141,4900,cust_000424,2026-07-17T17:58:09,paid,pos
order_0034000142,178028,cust_000993,2026-07-03T16:55:44,attempted,web
order_0034000143,57593,cust_000088,2026-07-11T10:29:54,paid,web
order_0034000144,11114,cust_000949,2026-07-06T18:53:47,attempted,web
order_0034000145,36706,cust_000505,2026-07-25T14:54:01,paid,app
order_0034000146,59393,cust_000515,2026-07-08T04:35:41,paid,pos
order_0034000147,19490,cust_000082,2026-07-15T23:25:37,paid,app
order_0034000148,41364,cust_001084,2026-07-02T23:38:41,paid,app
order_0034000149,136995,cust_001235,2026-07-17T17:02:47,paid,app
order_0034000150,741465,cust_001165,2026-07-07T02:04:09,paid,app
order_0034000151,148205,cust_000286,2026-07-27T07:38:37,paid,web
order_0034000152,103566,cust_000378,2026-07-30T11:14:56,paid,pos
order_0034000153,30286,cust_000431,2026-07-24T23:41:28,paid,web
order_0034000154,61868,cust_001125,2026-07-24T00:21:35,paid,web
order_0034000155,28945,cust_001057,2026-07-13T15:04:18,paid,web
order_0034000156,95677,cust_001237,2026-07-05T12:58:35,paid,web
order_0034000157,63259,cust_000471,2026-07-09T18:43:45,paid,web
order_0034000158,130231,cust_000678,2026-07-18T04:28:21,paid,pos
order_0034000159,62590,cust_000821,2026-07-22T11:15:44,paid,app
order_0034000160,114160,cust_000165,2026-07-21T22:56:57,attempted,web
order_0034000161,47080,cust_000608,2026-07-24T10:40:19,paid,web
order_0034000162,41014,cust_000963,2026-07-02T21:30:48,paid,app
order_0034000163,54620,cust_000525,2026-07-30T18:38:33,paid,app
order_0034000164,167844,cust_000358,2026-07-16T23:55:57,paid,pos
order_0034000165,213288,cust_001054,2026-07-14T10:43:04,paid,web
order_0034000166,4900,cust_000198,2026-07-27T23:58:43,attempted,app
order_0034000167,124487,cust_000202,2026-07-26T07:12:10,paid,app
order_0034000168,78666,cust_000963,2026-07-28T18:16:39,paid,web
order_0034000169,30814,cust_000021,2026-07-03T06:56:59,paid,pos
order_0034000170,58083,cust_001211,2026-07-10T22:46:18,paid,web
order_0034000171,78853,cust_000466,2026-07-23T23:35:49,paid,web
order_0034000172,110595,cust_000792,2026-07-13T06:00:41,paid,web
order_0034000173,38791,cust_001008,2026-07-04T12:48:08,paid,app
order_0034000174,88473,cust_000008,2026-07-23T04:30:41,paid,web
order_0034000175,187964,cust_001184,2026-07-19T04:28:10,paid,web
order_0034000176,93684,cust_001141,2026-07-23T04:24:22,paid,web
order_0034000177,104213,cust_000077,2026-07-19T22:19:33,paid,web
order_0034000178,26741,cust_000528,2026-07-20T18:20:39,paid,web
order_0034000179,68151,cust_000040,2026-07-01T23:17:26,paid,app
order_0034000180,66817,cust_001174,2026-07-04T03:44:57,paid,web
order_0034000181,188192,cust_000995,2026-07-04T19:22:39,paid,app
order_0034000182,128043,cust_000652,2026-07-15T03:45:42,paid,web
order_0034000183,50379,cust_001187,2026-07-10T22:45:17,paid,app
order_0034000184,127997,cust_001098,2026-07-21T09:18:49,paid,app
order_0034000185,62011,cust_001040,2026-07-05T17:29:50,paid,web
order_0034000186,18532,cust_001313,2026-07-19T11:45:49,paid,pos
order_0034000187,38068,cust_000509,2026-07-20T15:31:47,paid,web
order_0034000188,78903,cust_000099,2026-07-24T05:51:32,paid,web
order_0034000189,144433,cust_001266,2026-07-07T04:26:49,paid,app
order_0034000190,53960,cust_000378,2026-07-07T21:37:16,paid,app
order_0034000191,91826,cust_001296,2026-07-20T03:39:10,paid,pos
order_0034000192,43208,cust_000715,2026-07-12T06:02:36,paid,app
order_0034000193,109710,cust_000448,2026-07-24T11:49:43,paid,web
order_0034000194,123614,cust_000594,2026-07-19T10:26:02,paid,app
order_0034000195,117924,cust_000837,2026-07-12T20:17:02,paid,web
order_0034000196,96452,cust_001238,2026-07-16T00:08:23,paid,app
order_0034000197,14367,cust_000295,2026-07-08T13:30:41,paid,app
order_0034000198,306462,cust_000193,2026-07-10T16:36:24,paid,pos
order_0034000199,49132,cust_000214,2026-07-12T15:04:09,paid,web
order_0034000200,187566,cust_000258,2026-07-14T08:24:12,paid,app
order_0034000201,55926,cust_000929,2026-07-10T12:01:00,paid,pos
order_0034000202,23083,cust_000642,2026-07-13T02:23:29,paid,pos
order_0034000203,8452,cust_000083,2026-07-07T15:16:25,paid,pos
order_0034000204,166443,cust_001231,2026-07-27T18:44:37,paid,app
order_0034000205,31403,cust_000789,2026-07-09T12:16:15,paid,app
order_0034000206,61653,cust_000993,2026-07-31T14:02:28,paid,web
order_0034000207,350996,cust_000434,2026-07-30T08:09:15,paid,pos
order_0034000208,36798,cust_000020,2026-07-20T18:29:13,paid,app
order_0034000209,143625,cust_000366,2026-07-27T06:47:54,paid,app
order_0034000210,36190,cust_000399,2026-07-16T20:53:54,paid,web
order_0034000211,209903,cust_000139,2026-07-11T18:55:56,paid,app
order_0034000212,35254,cust_000113,2026-07-24T22:42:30,paid,app
order_0034000213,108658,cust_001311,2026-07-28T18:01:30,paid,app
order_0034000214,64743,cust_000811,2026-07-04T01:18:13,paid,web
order_0034000215,241881,cust_000202,2026-07-16T00:31:45,paid,web
order_0034000216,10847,cust_000851,2026-07-04T00:11:02,paid,app
order_0034000217,57145,cust_001155,2026-07-03T13:32:21,paid,web
order_0034000218,154196,cust_000681,2026-07-24T04:03:32,paid,web
order_0034000219,93292,cust_001164,2026-07-20T00:12:28,paid,web
order_0034000220,71416,cust_000522,2026-07-26T02:32:34,paid,web
order_0034000221,65046,cust_000615,2026-07-14T07:33:50,paid,pos
order_0034000222,25861,cust_001322,2026-07-02T19:30:54,paid,app
order_0034000223,269031,cust_000740,2026-07-29T18:03:13,paid,web
order_0034000224,35841,cust_000712,2026-07-02T00:03:39,paid,web
order_0034000225,315232,cust_001290,2026-07-28T17:47:27,paid,web
order_0034000226,13035,cust_000251,2026-07-14T15:20:56,paid,pos
order_0034000227,22233,cust_000157,2026-07-18T10:09:15,attempted,app
order_0034000228,26279,cust_001001,2026-07-10T13:54:48,paid,web
order_0034000229,147144,cust_001025,2026-07-12T00:50:56,attempted,web
order_0034000230,86378,cust_000337,2026-07-17T01:33:06,paid,app
order_0034000231,208136,cust_000922,2026-07-02T10:35:20,paid,pos
order_0034000232,500833,cust_000580,2026-07-14T21:24:33,attempted,web
order_0034000233,58159,cust_001125,2026-07-14T19:27:48,attempted,web
order_0034000234,51401,cust_000417,2026-07-07T11:49:24,paid,app
order_0034000235,69486,cust_000561,2026-07-23T05:03:15,paid,app
order_0034000236,66835,cust_000367,2026-07-26T10:51:14,paid,web
order_0034000237,9410,cust_000343,2026-07-25T11:08:46,paid,app
order_0034000238,367983,cust_000162,2026-07-18T02:58:57,paid,pos
order_0034000239,10379,cust_000590,2026-07-12T23:47:46,paid,app
order_0034000240,30028,cust_000074,2026-07-16T12:36:30,paid,pos
order_0034000241,36628,cust_000702,2026-07-20T09:30:52,paid,web
order_0034000242,756231,cust_000857,2026-07-19T18:01:49,paid,web
order_0034000243,111532,cust_000253,2026-07-02T07:15:29,paid,app
order_0034000244,45871,cust_000565,2026-07-25T16:35:52,attempted,web
order_0034000245,11393,cust_000296,2026-07-16T12:00:06,paid,web
order_0034000246,65108,cust_000490,2026-07-29T21:35:36,paid,web
order_0034000247,75308,cust_000071,2026-07-04T14:52:14,paid,web
order_0034000248,55988,cust_000671,2026-07-24T08:41:31,paid,web
order_0034000249,36438,cust_001244,2026-07-14T02:40:09,paid,pos
order_0034000250,38575,cust_000870,2026-07-31T13:57:17,paid,app
order_0034000251,78925,cust_000271,2026-07-25T20:30:38,paid,pos
order_0034000252,115037,cust_001265,2026-07-11T06:03:07,paid,app
order_0034000253,24447,cust_000682,2026-07-26T04:24:49,paid,web
order_0034000254,61097,cust_001236,2026-07-27T01:51:21,paid,app
order_0034000255,58342,cust_000967,2026-07-22T05:20:46,paid,app
order_0034000256,116376,cust_000840,2026-07-04T20:08:17,paid,web
order_0034000257,18327,cust_000338,2026-07-24T09:54:58,paid,web
order_0034000258,20570,cust_000676,2026-07-05T07:09:54,paid,app
order_0034000259,37067,cust_000320,2026-07-11T21:49:58,paid,app
order_0034000260,188333,cust_000954,2026-07-18T01:58:26,paid,app
order_0034000261,415029,cust_000442,2026-07-25T04:41:30,paid,pos
order_0034000262,164456,cust_000362,2026-07-30T12:47:17,paid,app
order_0034000263,120433,cust_000544,2026-07-03T17:41:40,paid,web
order_0034000264,91087,cust_000495,2026-07-26T19:27:39,paid,app
order_0034000265,41499,cust_000592,2026-07-17T02:18:35,paid,web
order_0034000266,58758,cust_001216,2026-07-20T01:02:21,paid,app
order_0034000267,38970,cust_000246,2026-07-28T01:18:40,paid,app
order_0034000268,61454,cust_000368,2026-07-01T03:12:00,paid,app
order_0034000269,139968,cust_001284,2026-07-10T09:37:07,paid,web
order_0034000270,18177,cust_000413,2026-07-18T00:23:17,paid,web
order_0034000271,70365,cust_001001,2026-07-10T21:43:24,paid,app
order_0034000272,73621,cust_000609,2026-07-21T05:10:06,paid,pos
order_0034000273,202090,cust_000072,2026-07-05T06:34:14,attempted,web
order_0034000274,105879,cust_000560,2026-07-06T11:16:04,paid,web
order_0034000275,16608,cust_000368,2026-07-18T21:29:47,paid,app
order_0034000276,66353,cust_000254,2026-07-19T14:36:18,paid,web
order_0034000277,71588,cust_000487,2026-07-13T12:53:53,paid,web
order_0034000278,36444,cust_000197,2026-07-09T13:22:24,paid,app
order_0034000279,135136,cust_001011,2026-07-19T14:49:54,paid,web
order_0034000280,54010,cust_001293,2026-07-25T03:53:04,attempted,pos
order_0034000281,216043,cust_000752,2026-07-07T23:47:10,paid,web
order_0034000282,483106,cust_001050,2026-07-14T03:31:34,paid,pos
order_0034000283,9505,cust_000280,2026-07-15T17:36:34,paid,web
order_0034000284,112119,cust_000009,2026-07-05T03:13:56,paid,app
order_0034000285,46255,cust_001057,2026-07-14T09:22:10,paid,app
order_0034000286,143952,cust_000927,2026-07-26T18:56:08,paid,pos
order_0034000287,73597,cust_000979,2026-07-21T15:42:21,paid,web
order_0034000288,50232,cust_000547,2026-07-23T10:13:18,paid,app
order_0034000289,118920,cust_000192,2026-07-06T09:56:33,paid,web
order_0034000290,54769,cust_000214,2026-07-19T13:40:10,paid,app
order_0034000291,308384,cust_001300,2026-07-13T18:12:11,paid,app
order_0034000292,82119,cust_000703,2026-07-19T22:48:02,paid,app
order_0034000293,67408,cust_000673,2026-07-06T15:21:28,paid,app
order_0034000294,62418,cust_001148,2026-07-26T04:24:21,paid,web
order_0034000295,24463,cust_000030,2026-07-29T03:00:10,attempted,pos
order_0034000296,22065,cust_000307,2026-07-15T21:16:44,paid,web
order_0034000297,70595,cust_000627,2026-07-25T08:10:20,paid,web
order_0034000298,490126,cust_000477,2026-07-30T13:22:12,paid,app
order_0034000299,47987,cust_001211,2026-07-30T19:51:00,paid,app
order_0034000300,54722,cust_001065,2026-07-23T07:18:54,paid,pos
order_0034000301,12287,cust_000033,2026-07-04T23:37:06,paid,web
order_0034000302,25315,cust_000292,2026-07-11T17:21:26,paid,web
order_0034000303,14796,cust_000357,2026-07-14T16:24:40,paid,app
order_0034000304,30291,cust_000341,2026-07-26T10:50:35,paid,web
order_0034000305,103040,cust_000546,2026-07-30T04:18:14,paid,app
order_0034000306,94286,cust_000513,2026-07-31T14:51:10,paid,app
order_0034000307,163786,cust_000882,2026-07-15T11:28:16,paid,pos
order_0034000308,66920,cust_001107,2026-07-01T12:16:40,paid,pos
order_0034000309,31092,cust_000279,2026-07-06T14:19:56,paid,app
order_0034000310,14678,cust_000772,2026-07-15T03:53:37,paid,app
order_0034000311,321271,cust_000841,2026-07-08T11:27:49,paid,app
order_0034000312,547886,cust_000640,2026-07-05T10:32:05,paid,web
order_0034000313,26189,cust_000844,2026-07-29T07:19:46,paid,web
order_0034000314,35120,cust_001305,2026-07-26T10:54:54,paid,app
order_0034000315,260685,cust_001151,2026-07-28T19:45:25,paid,pos
order_0034000316,27650,cust_000273,2026-07-26T21:06:24,paid,web
order_0034000317,109117,cust_001049,2026-07-10T02:08:26,attempted,app
order_0034000318,13133,cust_000507,2026-07-06T12:58:02,attempted,app
order_0034000319,24088,cust_000646,2026-07-16T03:33:44,paid,pos
order_0034000320,105551,cust_001189,2026-07-07T13:32:10,paid,pos
order_0034000321,46462,cust_001204,2026-07-16T13:28:52,paid,web
order_0034000322,25410,cust_000150,2026-07-12T15:38:37,paid,pos
order_0034000323,33941,cust_000137,2026-07-17T03:18:12,paid,app
order_0034000324,18929,cust_000303,2026-07-23T17:50:53,paid,pos
order_0034000325,75794,cust_000348,2026-07-28T14:40:55,paid,web
order_0034000326,82791,cust_000846,2026-07-21T23:19:13,paid,app
order_0034000327,62361,cust_000532,2026-07-15T17:13:12,attempted,app
order_0034000328,63069,cust_000475,2026-07-10T17:38:47,paid,web
order_0034000329,225574,cust_001122,2026-07-22T03:45:32,paid,app
order_0034000330,22076,cust_000697,2026-07-12T07:03:55,attempted,web
order_0034000331,25019,cust_001320,2026-07-29T09:55:38,paid,web
order_0034000332,181369,cust_000754,2026-07-21T05:12:38,paid,app
order_0034000333,75929,cust_000505,2026-07-05T20:27:06,paid,web
order_0034000334,32182,cust_001176,2026-07-25T17:33:57,attempted,web
order_0034000335,227489,cust_000162,2026-07-05T19:20:15,paid,app
order_0034000336,58114,cust_000608,2026-07-27T04:13:06,paid,app
order_0034000337,236036,cust_000735,2026-07-16T20:17:56,attempted,pos
order_0034000338,161003,cust_000806,2026-07-14T07:35:35,attempted,web
order_0034000339,73216,cust_000410,2026-07-11T19:40:50,paid,web
order_0034000340,237295,cust_001320,2026-07-28T05:17:13,paid,app
order_0034000341,57875,cust_000287,2026-07-07T20:14:00,paid,app
order_0034000342,25700,cust_000727,2026-07-26T09:51:16,paid,pos
order_0034000343,130426,cust_000636,2026-07-17T03:04:38,paid,pos
order_0034000344,137903,cust_000499,2026-07-05T10:35:52,paid,app
order_0034000345,54840,cust_000078,2026-07-24T15:37:37,paid,web
order_0034000346,58940,cust_001300,2026-07-17T03:16:37,paid,app
order_0034000347,124005,cust_000254,2026-07-03T06:07:34,paid,app
order_0034000348,11500,cust_000713,2026-07-10T07:21:26,paid,app
order_0034000349,319708,cust_000329,2026-07-07T07:08:22,paid,app
order_0034000350,106489,cust_000496,2026-07-20T04:47:36,paid,app
order_0034000351,37231,cust_000740,2026-07-08T21:41:08,paid,app
order_0034000352,56892,cust_000019,2026-07-11T15:23:03,paid,pos
order_0034000353,33933,cust_000226,2026-07-24T19:14:35,paid,pos
order_0034000354,84734,cust_000432,2026-07-31T06:38:29,paid,web
order_0034000355,188143,cust_000233,2026-07-07T04:05:21,attempted,app
order_0034000356,54405,cust_000423,2026-07-04T14:03:24,paid,pos
order_0034000357,42019,cust_000171,2026-07-02T14:54:01,paid,pos
order_0034000358,73115,cust_000531,2026-07-11T22:04:13,attempted,app
order_0034000359,42089,cust_000139,2026-07-17T15:50:25,paid,web
order_0034000360,32976,cust_000638,2026-07-13T18:22:01,paid,web
order_0034000361,152438,cust_000626,2026-07-29T22:26:27,paid,web
order_0034000362,249983,cust_001311,2026-07-30T00:29:38,paid,app
order_0034000363,42338,cust_001242,2026-07-29T06:15:16,attempted,app
order_0034000364,62188,cust_000461,2026-07-02T06:47:24,paid,app
order_0034000365,163488,cust_000281,2026-07-17T18:22:24,paid,web
order_0034000366,579578,cust_001098,2026-07-18T21:40:22,paid,pos
order_0034000367,153655,cust_000977,2026-07-13T19:54:46,paid,app
order_0034000368,405044,cust_000545,2026-07-06T19:21:09,paid,web
order_0034000369,87288,cust_000640,2026-07-23T05:07:50,paid,pos
order_0034000370,39201,cust_001049,2026-07-31T22:04:33,paid,web
order_0034000371,13174,cust_000007,2026-07-17T06:22:15,paid,web
order_0034000372,85643,cust_001220,2026-07-18T20:47:36,paid,app
order_0034000373,29564,cust_001129,2026-07-01T05:25:32,paid,app
order_0034000374,23633,cust_000332,2026-07-12T10:46:54,paid,app
order_0034000375,14736,cust_000527,2026-07-24T19:27:43,paid,app
order_0034000376,54451,cust_000361,2026-07-13T06:00:34,paid,app
order_0034000377,53813,cust_000148,2026-07-16T09:43:37,paid,web
order_0034000378,35120,cust_000209,2026-07-04T17:31:30,paid,pos
order_0034000379,20790,cust_000834,2026-07-16T16:55:45,paid,web
order_0034000380,10834,cust_000583,2026-07-30T07:03:44,paid,pos
order_0034000381,153458,cust_000693,2026-07-14T21:02:32,paid,app
order_0034000382,129364,cust_000945,2026-07-29T20:26:13,paid,app
order_0034000383,122522,cust_000705,2026-07-13T22:34:05,paid,pos
order_0034000384,326085,cust_001036,2026-07-11T07:28:25,paid,web
order_0034000385,310203,cust_000397,2026-07-20T14:57:29,attempted,web
order_0034000386,111860,cust_000601,2026-07-18T16:59:12,paid,web
order_0034000387,93077,cust_000480,2026-07-11T15:49:37,paid,pos
order_0034000388,961882,cust_001225,2026-07-09T20:22:28,paid,app
order_0034000389,21631,cust_001219,2026-07-26T00:15:17,paid,web
order_0034000390,30169,cust_000263,2026-07-26T21:41:05,paid,app
order_0034000391,133100,cust_000379,2026-07-29T13:33:46,paid,web
order_0034000392,182154,cust_001116,2026-07-29T18:42:33,paid,pos
order_0034000393,667635,cust_000945,2026-07-07T14:05:55,paid,pos
order_0034000394,114579,cust_001305,2026-07-08T09:36:23,paid,web
order_0034000395,223231,cust_001103,2026-07-30T08:15:45,attempted,app
order_0034000396,132391,cust_000651,2026-07-04T16:34:09,paid,app
order_0034000397,77298,cust_000501,2026-07-08T17:45:48,paid,web
order_0034000398,29351,cust_000098,2026-07-10T01:54:53,paid,app
order_0034000399,64185,cust_000322,2026-07-12T06:45:15,paid,web
order_0034000400,25023,cust_000012,2026-07-20T18:52:04,paid,app
order_0034000401,253005,cust_000011,2026-07-02T05:30:32,paid,pos
order_0034000402,253122,cust_000920,2026-07-10T09:15:55,paid,web
order_0034000403,284878,cust_000410,2026-07-01T10:00:00,paid,pos
order_0034000404,97077,cust_000137,2026-07-16T19:49:57,paid,web
order_0034000405,90394,cust_000241,2026-07-13T05:25:26,paid,web
order_0034000406,66057,cust_001003,2026-07-13T18:34:28,paid,app
order_0034000407,163099,cust_000005,2026-07-02T18:28:49,paid,pos
order_0034000408,126712,cust_000294,2026-07-15T13:17:58,attempted,app
order_0034000409,94237,cust_000667,2026-07-16T10:39:54,paid,web
order_0034000410,67913,cust_000367,2026-07-23T22:21:27,paid,web
order_0034000411,61144,cust_001079,2026-07-31T01:21:28,paid,web
order_0034000412,330365,cust_001214,2026-07-01T17:39:19,paid,app
order_0034000413,13580,cust_000185,2026-07-18T10:45:45,paid,app
order_0034000414,231953,cust_000083,2026-07-14T14:22:36,paid,pos
order_0034000415,36304,cust_001153,2026-07-03T04:07:31,paid,web
order_0034000416,38176,cust_000645,2026-07-03T23:36:52,paid,app
order_0034000417,63026,cust_001112,2026-07-07T04:08:05,paid,app
order_0034000418,88439,cust_001275,2026-07-29T01:49:05,paid,app
order_0034000419,10889,cust_000175,2026-07-10T00:57:15,paid,app
order_0034000420,128797,cust_000264,2026-07-30T14:29:17,paid,web
order_0034000421,798320,cust_000069,2026-07-19T07:04:57,paid,pos
order_0034000422,235725,cust_001052,2026-07-24T01:42:02,attempted,pos
order_0034000423,74990,cust_000750,2026-07-17T18:58:52,paid,web
order_0034000424,151294,cust_000188,2026-07-09T02:45:22,paid,app
order_0034000425,492590,cust_000681,2026-07-09T03:18:59,paid,web
order_0034000426,130196,cust_001318,2026-07-04T18:55:15,paid,app
order_0034000427,84271,cust_000219,2026-07-10T13:33:32,paid,pos
order_0034000428,207546,cust_000626,2026-07-20T03:38:57,paid,web
order_0034000429,124046,cust_000262,2026-07-21T20:44:25,paid,web
order_0034000430,136175,cust_000423,2026-07-13T08:17:26,paid,app
order_0034000431,148497,cust_001121,2026-07-28T23:13:54,paid,pos
order_0034000432,98288,cust_000659,2026-07-27T08:02:44,paid,app
order_0034000433,29380,cust_000443,2026-07-17T09:26:22,paid,app
order_0034000434,154767,cust_000517,2026-07-23T08:41:52,paid,web
order_0034000435,185936,cust_000911,2026-07-22T14:38:17,paid,web
order_0034000436,35256,cust_000801,2026-07-21T09:52:25,paid,web
order_0034000437,385920,cust_001178,2026-07-11T16:42:09,paid,pos
order_0034000438,71882,cust_000338,2026-07-10T16:51:59,paid,app
order_0034000439,14583,cust_000577,2026-07-21T07:57:11,paid,pos
order_0034000440,58470,cust_001110,2026-07-28T14:37:15,paid,pos
order_0034000441,92559,cust_001106,2026-07-25T05:55:25,paid,web
order_0034000442,436777,cust_000621,2026-07-07T10:50:53,paid,web
order_0034000443,25587,cust_000984,2026-07-30T04:54:16,paid,web
order_0034000444,57184,cust_000383,2026-07-31T07:48:40,paid,web
order_0034000445,154389,cust_001186,2026-07-28T22:38:07,paid,web
order_0034000446,56015,cust_000396,2026-07-06T11:30:11,paid,app
order_0034000447,21093,cust_001084,2026-07-18T17:56:46,paid,pos
order_0034000448,77040,cust_000197,2026-07-07T01:55:50,paid,app
order_0034000449,319260,cust_000081,2026-07-20T07:02:50,paid,app
order_0034000450,88010,cust_000684,2026-07-16T02:04:23,attempted,app
order_0034000451,28018,cust_000098,2026-07-18T04:17:27,paid,app
order_0034000452,22038,cust_001318,2026-07-16T09:33:13,paid,web
order_0034000453,30336,cust_001288,2026-07-07T09:25:48,paid,web
order_0034000454,123651,cust_000761,2026-07-22T23:51:09,attempted,web
order_0034000455,39787,cust_000494,2026-07-20T01:55:27,paid,app
order_0034000456,128694,cust_000993,2026-07-21T04:02:07,paid,web
order_0034000457,20474,cust_000658,2026-07-03T00:19:35,paid,web
order_0034000458,9257,cust_000001,2026-07-28T19:09:10,paid,app
order_0034000459,39664,cust_001026,2026-07-16T04:48:43,paid,web
order_0034000460,11208,cust_000520,2026-07-29T16:50:31,paid,web
order_0034000461,558436,cust_000935,2026-07-15T08:44:48,paid,app
order_0034000462,49386,cust_000715,2026-07-30T03:41:22,paid,pos
order_0034000463,48848,cust_000348,2026-07-17T08:21:15,paid,web
order_0034000464,493568,cust_000450,2026-07-17T08:18:39,paid,web
order_0034000465,155840,cust_000857,2026-07-31T02:39:30,attempted,web
order_0034000466,75687,cust_001155,2026-07-07T10:00:54,paid,app
order_0034000467,173219,cust_001328,2026-07-28T06:02:17,paid,web
order_0034000468,25568,cust_001212,2026-07-18T16:02:46,paid,pos
order_0034000469,106520,cust_000714,2026-07-05T06:09:20,paid,web
order_0034000470,363558,cust_000818,2026-07-20T06:59:50,paid,app
order_0034000471,376680,cust_000280,2026-07-24T00:59:27,paid,web
order_0034000472,122227,cust_000654,2026-07-12T22:16:34,attempted,web
order_0034000473,520279,cust_000277,2026-07-29T14:11:04,paid,app
order_0034000474,43786,cust_000650,2026-07-15T10:09:12,paid,web
order_0034000475,57067,cust_000911,2026-07-05T11:19:36,paid,web
order_0034000476,56734,cust_000813,2026-07-18T20:36:48,paid,app
order_0034000477,17811,cust_000236,2026-07-04T18:01:27,paid,web
order_0034000478,38125,cust_000002,2026-07-26T17:52:01,paid,app
order_0034000479,60150,cust_000599,2026-07-19T04:40:45,paid,app
order_0034000480,22114,cust_001106,2026-07-23T15:38:31,attempted,pos
order_0034000481,218280,cust_001259,2026-07-26T15:32:03,paid,app
order_0034000482,88388,cust_001283,2026-07-09T19:25:37,paid,web
order_0034000483,28242,cust_001214,2026-07-11T21:58:29,paid,web
order_0034000484,157295,cust_000361,2026-07-03T05:06:13,paid,web
order_0034000485,131300,cust_000583,2026-07-30T07:58:05,paid,pos
order_0034000486,130949,cust_000773,2026-07-28T11:25:06,paid,web
order_0034000487,15101,cust_001163,2026-07-24T17:54:49,attempted,pos
order_0034000488,175792,cust_000061,2026-07-03T05:46:25,paid,pos
order_0034000489,22363,cust_000476,2026-07-17T06:25:04,paid,web
order_0034000490,48142,cust_000666,2026-07-24T05:25:29,paid,web
order_0034000491,155409,cust_001021,2026-07-03T02:22:01,paid,pos
order_0034000492,32637,cust_000129,2026-07-29T07:05:13,paid,app
order_0034000493,70665,cust_000896,2026-07-17T08:14:46,paid,web
order_0034000494,110190,cust_000737,2026-07-08T10:21:06,paid,web
order_0034000495,59458,cust_001155,2026-07-18T17:48:46,paid,pos
order_0034000496,71297,cust_000594,2026-07-28T09:50:38,paid,app
order_0034000497,45611,cust_000357,2026-07-15T02:15:37,paid,pos
order_0034000498,103686,cust_001078,2026-07-11T23:11:53,paid,web
order_0034000499,31667,cust_001045,2026-07-21T11:09:36,paid,app
order_0034000500,9601,cust_001212,2026-07-06T14:37:10,paid,app
order_0034000501,135176,cust_000758,2026-07-13T11:06:19,paid,app
order_0034000502,118196,cust_000214,2026-07-07T13:55:35,paid,pos
order_0034000503,32255,cust_001057,2026-07-17T17:53:12,paid,app
order_0034000504,221631,cust_000187,2026-07-25T05:54:25,attempted,web
order_0034000505,91739,cust_000318,2026-07-01T18:10:11,paid,app
order_0034000506,93102,cust_000683,2026-07-01T01:32:03,paid,app
order_0034000507,161662,cust_000819,2026-07-23T11:20:07,attempted,app
order_0034000508,149118,cust_000925,2026-07-30T01:22:46,paid,web
order_0034000509,140940,cust_000328,2026-07-10T00:05:05,attempted,app
order_0034000510,60627,cust_000307,2026-07-09T23:22:32,attempted,app
order_0034000511,125345,cust_001181,2026-07-23T17:28:40,attempted,web
order_0034000512,44149,cust_000689,2026-07-21T13:26:08,paid,app
order_0034000513,44592,cust_000496,2026-07-20T23:21:12,paid,app
order_0034000514,114213,cust_001234,2026-07-21T05:05:25,paid,web
order_0034000515,156574,cust_000526,2026-07-07T11:49:25,paid,web
order_0034000516,42851,cust_000487,2026-07-25T16:20:55,paid,app
order_0034000517,124470,cust_000998,2026-07-05T02:26:57,paid,web
order_0034000518,85768,cust_000375,2026-07-27T23:06:44,paid,pos
order_0034000519,333480,cust_000643,2026-07-07T05:57:53,paid,web
order_0034000520,169858,cust_000046,2026-07-26T06:09:37,paid,pos
order_0034000521,65051,cust_001323,2026-07-08T07:30:29,paid,app
order_0034000522,14565,cust_000133,2026-07-20T21:19:03,paid,app
order_0034000523,110681,cust_000607,2026-07-13T22:42:26,paid,app
order_0034000524,99090,cust_001201,2026-07-29T21:52:57,attempted,web
order_0034000525,42094,cust_000059,2026-07-09T01:44:14,paid,app
order_0034000526,225174,cust_001323,2026-07-12T15:38:03,attempted,app
order_0034000527,96815,cust_000641,2026-07-06T08:02:56,paid,web
order_0034000528,42159,cust_000154,2026-07-25T07:05:58,paid,app
order_0034000529,40676,cust_000025,2026-07-21T02:51:08,paid,web
order_0034000530,78159,cust_000629,2026-07-24T00:37:22,paid,web
order_0034000531,98063,cust_000252,2026-07-06T01:11:18,paid,app
order_0034000532,40042,cust_000861,2026-07-12T02:34:11,paid,app
order_0034000533,271282,cust_000283,2026-07-11T05:49:16,paid,app
order_0034000534,266953,cust_001290,2026-07-07T15:40:29,paid,app
order_0034000535,36651,cust_000716,2026-07-30T05:40:43,paid,web
order_0034000536,143829,cust_000294,2026-07-28T20:47:29,paid,app
order_0034000537,91232,cust_000951,2026-07-23T09:02:46,paid,app
order_0034000538,242707,cust_000759,2026-07-19T00:01:30,paid,pos
order_0034000539,122704,cust_000538,2026-07-20T00:40:01,paid,pos
order_0034000540,322892,cust_000927,2026-07-19T05:24:16,paid,pos
order_0034000541,61674,cust_001253,2026-07-16T09:07:31,paid,web
order_0034000542,110023,cust_000286,2026-07-06T06:51:47,paid,web
order_0034000543,112092,cust_000567,2026-07-14T06:16:41,paid,web
order_0034000544,17641,cust_001158,2026-07-04T20:15:47,paid,app
order_0034000545,53660,cust_000890,2026-07-01T05:08:08,paid,web
order_0034000546,26435,cust_001115,2026-07-06T17:06:48,paid,app
order_0034000547,113837,cust_000707,2026-07-28T05:50:39,attempted,web
order_0034000548,148953,cust_000601,2026-07-28T00:26:11,paid,pos
order_0034000549,128843,cust_001034,2026-07-26T01:21:57,attempted,web
order_0034000550,71059,cust_000851,2026-07-22T01:08:15,paid,web
order_0034000551,70038,cust_000428,2026-07-28T18:17:36,paid,app
order_0034000552,47750,cust_000970,2026-07-18T14:46:37,paid,pos
order_0034000553,11106,cust_000056,2026-07-20T15:06:13,paid,pos
order_0034000554,42958,cust_000709,2026-07-12T02:27:56,paid,app
order_0034000555,77913,cust_001019,2026-07-03T12:54:12,paid,app
order_0034000556,11116,cust_001095,2026-07-24T23:12:17,paid,web
order_0034000557,21570,cust_001284,2026-07-19T04:50:01,paid,web
order_0034000558,109099,cust_001048,2026-07-04T05:03:25,paid,app
order_0034000559,189770,cust_000475,2026-07-31T23:44:45,paid,web
order_0034000560,249504,cust_001042,2026-07-13T00:16:09,paid,app
order_0034000561,33687,cust_000126,2026-07-08T13:33:15,paid,web
order_0034000562,45732,cust_001256,2026-07-26T15:34:17,paid,web
order_0034000563,202632,cust_000057,2026-07-02T06:11:55,attempted,app
order_0034000564,138203,cust_000800,2026-07-25T11:07:34,paid,web
order_0034000565,93904,cust_000544,2026-07-15T01:07:44,attempted,web
order_0034000566,35874,cust_000216,2026-07-30T18:40:43,paid,app
order_0034000567,96010,cust_000483,2026-07-31T11:16:26,paid,app
order_0034000568,145740,cust_000688,2026-07-26T15:59:51,attempted,app
order_0034000569,50589,cust_000195,2026-07-05T10:54:38,paid,app
order_0034000570,30707,cust_000126,2026-07-27T19:26:56,paid,web
order_0034000571,23444,cust_000715,2026-07-14T20:12:08,paid,app
order_0034000572,120045,cust_000596,2026-07-23T03:51:44,paid,pos
order_0034000573,233504,cust_001160,2026-07-03T18:19:06,paid,pos
order_0034000574,63501,cust_001030,2026-07-26T21:21:33,paid,web
order_0034000575,195515,cust_000422,2026-07-03T05:30:58,paid,pos
order_0034000576,122012,cust_000483,2026-07-29T23:02:18,paid,web
order_0034000577,23810,cust_000283,2026-07-27T00:43:35,paid,web
order_0034000578,31840,cust_000321,2026-07-09T21:32:33,paid,web
order_0034000579,53444,cust_001207,2026-07-24T14:48:07,paid,web
order_0034000580,182078,cust_000846,2026-07-14T21:44:32,paid,app
order_0034000581,21235,cust_001042,2026-07-15T23:59:12,paid,web
order_0034000582,170863,cust_000120,2026-07-31T09:37:53,paid,app
order_0034000583,28341,cust_000255,2026-07-23T16:11:25,paid,pos
order_0034000584,827610,cust_000076,2026-07-26T08:23:37,attempted,app
order_0034000585,53582,cust_000939,2026-07-18T22:52:10,paid,web
order_0034000586,4900,cust_000261,2026-07-19T12:04:54,paid,web
order_0034000587,130044,cust_000624,2026-07-28T17:57:07,paid,pos
order_0034000588,95606,cust_001137,2026-07-12T11:58:09,paid,web
order_0034000589,103515,cust_001264,2026-07-02T21:43:59,paid,app
order_0034000590,29046,cust_000978,2026-07-07T09:26:26,paid,app
order_0034000591,188448,cust_001164,2026-07-12T22:45:46,attempted,web
order_0034000592,38445,cust_001176,2026-07-13T15:03:54,paid,pos
order_0034000593,23330,cust_001191,2026-07-07T03:40:34,paid,pos
order_0034000594,24155,cust_000536,2026-07-25T23:40:15,paid,app
order_0034000595,45852,cust_000491,2026-07-31T21:04:58,paid,app
order_0034000596,83544,cust_001251,2026-07-08T14:45:06,paid,app
order_0034000597,85877,cust_001176,2026-07-27T23:31:24,paid,web
order_0034000598,25555,cust_000918,2026-07-14T19:43:57,paid,web
order_0034000599,11966,cust_000022,2026-07-20T05:49:25,paid,pos
order_0034000600,309116,cust_000819,2026-07-08T00:57:49,attempted,app
order_0034000601,257734,cust_001118,2026-07-25T09:30:39,paid,app
order_0034000602,29954,cust_000801,2026-07-10T21:41:17,paid,app
order_0034000603,303623,cust_000807,2026-07-21T00:31:45,paid,web
order_0034000604,63203,cust_000524,2026-07-03T06:44:21,paid,pos
order_0034000605,74032,cust_000690,2026-07-06T23:09:53,paid,web
order_0034000606,72784,cust_000068,2026-07-27T07:10:07,paid,web
order_0034000607,88252,cust_001084,2026-07-06T05:48:34,paid,web
order_0034000608,154132,cust_001192,2026-07-08T09:18:54,paid,web
order_0034000609,149159,cust_001234,2026-07-19T12:58:17,paid,web
order_0034000610,33539,cust_000339,2026-07-17T10:41:05,paid,web
order_0034000611,220755,cust_000350,2026-07-07T01:45:12,paid,pos
order_0034000612,529006,cust_001321,2026-07-23T03:29:58,paid,web
order_0034000613,38151,cust_000121,2026-07-18T23:21:48,paid,web
order_0034000614,32173,cust_000712,2026-07-31T00:25:44,paid,web
order_0034000615,110956,cust_000320,2026-07-06T05:24:17,paid,app
order_0034000616,266606,cust_001241,2026-07-15T22:10:49,paid,app
order_0034000617,12968,cust_000561,2026-07-26T06:16:38,paid,app
order_0034000618,29857,cust_000665,2026-07-12T05:48:43,paid,web
order_0034000619,21716,cust_001233,2026-07-16T06:21:08,paid,pos
order_0034000620,224080,cust_000763,2026-07-16T13:39:51,paid,web
order_0034000621,107018,cust_000349,2026-07-07T16:38:26,paid,pos
order_0034000622,172181,cust_000447,2026-07-23T00:30:38,paid,app
order_0034000623,45121,cust_000980,2026-07-02T19:15:59,paid,app
order_0034000624,21568,cust_000188,2026-07-17T09:53:38,attempted,app
order_0034000625,37500,cust_000615,2026-07-01T00:16:16,paid,web
order_0034000626,19053,cust_001123,2026-07-29T20:29:24,paid,app
order_0034000627,77651,cust_000974,2026-07-25T05:33:14,paid,app
order_0034000628,55461,cust_001147,2026-07-10T23:44:03,paid,app
order_0034000629,49791,cust_000067,2026-07-05T02:09:21,paid,app
order_0034000630,58879,cust_000665,2026-07-01T06:09:24,paid,web
order_0034000631,146145,cust_001188,2026-07-23T15:37:09,paid,web
order_0034000632,37717,cust_000637,2026-07-23T07:11:06,paid,web
order_0034000633,63438,cust_000132,2026-07-23T08:20:16,paid,pos
order_0034000634,27016,cust_000701,2026-07-10T11:07:19,paid,app
order_0034000635,74815,cust_000695,2026-07-11T23:11:02,paid,app
order_0034000636,36310,cust_001024,2026-07-01T10:17:57,paid,web
order_0034000637,36675,cust_000992,2026-07-11T07:13:50,paid,web
order_0034000638,328516,cust_000201,2026-07-15T21:55:17,paid,app
order_0034000639,19563,cust_000805,2026-07-12T12:55:30,paid,web
order_0034000640,74586,cust_000133,2026-07-17T22:52:23,paid,app
order_0034000641,127273,cust_000996,2026-07-11T05:57:07,paid,app
order_0034000642,31914,cust_000424,2026-07-19T12:57:59,paid,app
order_0034000643,48897,cust_000062,2026-07-24T21:42:46,paid,pos
order_0034000644,260362,cust_001013,2026-07-16T15:32:15,paid,web
order_0034000645,59016,cust_000883,2026-07-02T09:12:10,attempted,pos
order_0034000646,98181,cust_000973,2026-07-08T07:19:15,paid,pos
order_0034000647,50585,cust_000283,2026-07-31T17:17:17,attempted,app
order_0034000648,198096,cust_000242,2026-07-14T18:25:09,paid,app
order_0034000649,845306,cust_000107,2026-07-24T14:07:10,paid,pos
order_0034000650,32408,cust_001148,2026-07-24T05:30:24,paid,app
order_0034000651,82150,cust_000201,2026-07-28T22:05:04,attempted,web
order_0034000652,35657,cust_000622,2026-07-27T10:41:36,paid,pos
order_0034000653,134539,cust_000153,2026-07-17T07:03:27,paid,web
order_0034000654,308701,cust_001040,2026-07-18T06:42:52,paid,app
order_0034000655,78400,cust_001303,2026-07-29T05:46:53,paid,app
order_0034000656,25543,cust_000590,2026-07-25T11:11:24,paid,pos
order_0034000657,33770,cust_001137,2026-07-10T04:25:39,paid,app
order_0034000658,27875,cust_000223,2026-07-03T05:43:14,paid,app
order_0034000659,17630,cust_000397,2026-07-02T23:59:12,paid,web
order_0034000660,37606,cust_000786,2026-07-24T12:21:09,attempted,pos
order_0034000661,213909,cust_000909,2026-07-19T13:41:09,paid,app
order_0034000662,168237,cust_000621,2026-07-13T14:52:52,paid,app
order_0034000663,34625,cust_001182,2026-07-08T08:17:13,paid,pos
order_0034000664,244810,cust_001198,2026-07-06T04:14:00,paid,app
order_0034000665,492419,cust_000253,2026-07-22T11:30:22,paid,app
order_0034000666,397529,cust_000908,2026-07-19T20:13:21,paid,pos
order_0034000667,179534,cust_000574,2026-07-10T00:29:38,paid,web
order_0034000668,27521,cust_000332,2026-07-17T04:31:07,paid,web
order_0034000669,20776,cust_001166,2026-07-21T05:41:25,paid,web
order_0034000670,14488,cust_000498,2026-07-27T04:44:51,paid,pos
order_0034000671,368239,cust_001126,2026-07-08T03:32:18,paid,app
order_0034000672,106063,cust_000301,2026-07-31T14:22:24,paid,app
order_0034000673,46851,cust_000955,2026-07-05T01:56:20,paid,pos
order_0034000674,20629,cust_000137,2026-07-19T05:41:42,paid,pos
order_0034000675,80695,cust_000321,2026-07-25T15:45:25,paid,web
order_0034000676,259275,cust_000707,2026-07-27T07:02:56,paid,pos
order_0034000677,62425,cust_000831,2026-07-12T18:22:51,paid,web
order_0034000678,39100,cust_000054,2026-07-19T20:32:56,paid,app
order_0034000679,41920,cust_000118,2026-07-26T20:34:02,paid,app
order_0034000680,33503,cust_000592,2026-07-05T18:36:23,paid,web
order_0034000681,31275,cust_000390,2026-07-13T09:30:26,paid,web
order_0034000682,93056,cust_000960,2026-07-04T01:22:02,paid,app
order_0034000683,53324,cust_000869,2026-07-28T09:17:54,attempted,app
order_0034000684,8381,cust_000483,2026-07-16T01:42:00,paid,web
order_0034000685,12056,cust_000829,2026-07-03T16:20:16,attempted,web
order_0034000686,37535,cust_000993,2026-07-15T20:17:15,paid,web
order_0034000687,166079,cust_001331,2026-07-02T01:08:42,paid,web
order_0034000688,26132,cust_000859,2026-07-21T07:54:07,paid,web
order_0034000689,119712,cust_000486,2026-07-05T11:10:43,paid,pos
order_0034000690,84473,cust_000252,2026-07-25T16:01:44,attempted,app
order_0034000691,104476,cust_000887,2026-07-03T13:05:27,paid,app
order_0034000692,111694,cust_000761,2026-07-02T15:45:52,paid,web
order_0034000693,158373,cust_000936,2026-07-25T11:26:25,paid,app
order_0034000694,28317,cust_000377,2026-07-12T21:24:11,paid,pos
order_0034000695,41995,cust_001253,2026-07-20T23:00:18,paid,web
order_0034000696,100258,cust_001178,2026-07-27T17:37:17,attempted,pos
order_0034000697,21530,cust_001245,2026-07-24T07:49:30,paid,web
order_0034000698,22377,cust_000504,2026-07-20T21:50:52,paid,pos
order_0034000699,22163,cust_000055,2026-07-13T02:24:42,paid,app
order_0034000700,205223,cust_001319,2026-07-01T19:56:42,attempted,web
order_0034000701,69168,cust_001212,2026-07-01T20:33:59,paid,pos
order_0034000702,44473,cust_000622,2026-07-16T05:17:31,attempted,pos
order_0034000703,28766,cust_001306,2026-07-18T08:37:27,paid,app
order_0034000704,80257,cust_001205,2026-07-23T13:08:30,attempted,web
order_0034000705,114509,cust_000331,2026-07-17T02:11:53,paid,pos
order_0034000706,139364,cust_000344,2026-07-07T20:34:12,paid,pos
order_0034000707,105753,cust_000518,2026-07-09T15:05:05,paid,web
order_0034000708,28442,cust_000891,2026-07-07T15:08:20,paid,app
order_0034000709,247713,cust_000093,2026-07-11T22:52:46,paid,app
order_0034000710,181040,cust_000494,2026-07-19T20:25:41,paid,web
order_0034000711,73245,cust_000179,2026-07-14T12:54:31,paid,app
order_0034000712,97568,cust_000008,2026-07-09T14:43:12,paid,web
order_0034000713,65256,cust_000801,2026-07-18T22:51:08,paid,app
order_0034000714,79536,cust_001264,2026-07-07T18:41:21,paid,pos
order_0034000715,25307,cust_000270,2026-07-10T23:03:03,paid,web
order_0034000716,194677,cust_000140,2026-07-09T22:58:57,attempted,pos
order_0034000717,11585,cust_000186,2026-07-22T03:32:10,paid,pos
order_0034000718,301076,cust_000636,2026-07-30T00:56:06,paid,pos
order_0034000719,98861,cust_000337,2026-07-10T01:21:08,attempted,app
order_0034000720,116128,cust_000574,2026-07-15T15:45:37,paid,web
order_0034000721,159134,cust_000778,2026-07-14T15:22:05,paid,web
order_0034000722,24863,cust_000877,2026-07-05T19:28:21,paid,app
order_0034000723,61749,cust_001329,2026-07-27T10:35:37,paid,app
order_0034000724,24021,cust_000716,2026-07-21T02:41:13,attempted,app
order_0034000725,5926,cust_000655,2026-07-03T17:17:42,paid,web
order_0034000726,151814,cust_000132,2026-07-07T15:55:04,paid,web
order_0034000727,132866,cust_001192,2026-07-02T23:56:36,paid,app
order_0034000728,270322,cust_000897,2026-07-07T11:25:48,attempted,app
order_0034000729,107005,cust_000754,2026-07-18T15:14:58,paid,web
order_0034000730,277781,cust_000183,2026-07-05T12:50:56,paid,web
order_0034000731,84031,cust_000787,2026-07-04T19:28:43,paid,app
order_0034000732,18635,cust_000752,2026-07-14T21:03:05,paid,app
order_0034000733,41433,cust_000352,2026-07-02T12:10:34,paid,pos
order_0034000734,232130,cust_000615,2026-07-30T02:58:51,paid,pos
order_0034000735,31688,cust_000033,2026-07-31T02:29:10,paid,web
order_0034000736,199473,cust_000547,2026-07-18T11:58:53,paid,app
order_0034000737,150967,cust_001209,2026-07-23T19:51:58,paid,web
order_0034000738,16549,cust_000478,2026-07-12T09:57:49,attempted,pos
order_0034000739,231061,cust_001062,2026-07-06T10:00:15,paid,app
order_0034000740,30677,cust_000882,2026-07-09T07:18:15,paid,app
order_0034000741,9184,cust_000520,2026-07-27T12:02:50,paid,app
order_0034000742,760086,cust_000082,2026-07-03T09:42:35,paid,web
order_0034000743,84751,cust_000765,2026-07-02T08:44:24,paid,app
order_0034000744,302142,cust_000367,2026-07-02T07:41:18,paid,pos
order_0034000745,71065,cust_000958,2026-07-26T05:02:04,paid,web
order_0034000746,212901,cust_000914,2026-07-21T08:25:34,paid,web
order_0034000747,46580,cust_000113,2026-07-15T06:24:56,paid,web
order_0034000748,49606,cust_000249,2026-07-17T14:40:22,paid,web
order_0034000749,93149,cust_001197,2026-07-22T16:59:08,paid,app
order_0034000750,83427,cust_000452,2026-07-13T22:16:16,paid,app
order_0034000751,135001,cust_000888,2026-07-02T08:55:19,attempted,app
order_0034000752,64786,cust_000041,2026-07-01T23:54:02,paid,app
order_0034000753,106607,cust_000914,2026-07-23T23:57:22,paid,web
order_0034000754,60038,cust_000480,2026-07-02T08:41:38,paid,app
order_0034000755,47061,cust_000904,2026-07-12T01:22:23,paid,web
order_0034000756,38901,cust_000289,2026-07-26T13:04:29,paid,app
order_0034000757,38260,cust_000192,2026-07-31T10:11:13,paid,pos
order_0034000758,72370,cust_000693,2026-07-28T17:30:17,attempted,pos
order_0034000759,40212,cust_000408,2026-07-15T09:06:34,paid,web
order_0034000760,12606,cust_000262,2026-07-23T02:39:30,paid,pos
order_0034000761,109786,cust_000083,2026-07-27T09:47:53,paid,app
order_0034000762,102583,cust_001115,2026-07-14T15:12:38,attempted,web
order_0034000763,109733,cust_000371,2026-07-31T22:32:38,paid,pos
order_0034000764,93625,cust_000832,2026-07-06T13:01:13,paid,app
order_0034000765,30865,cust_000378,2026-07-20T00:34:10,paid,web
order_0034000766,109994,cust_000572,2026-07-29T03:13:30,attempted,pos
order_0034000767,714826,cust_001225,2026-07-27T03:03:00,paid,app
order_0034000768,10400,cust_000893,2026-07-11T19:20:45,paid,pos
order_0034000769,157674,cust_000360,2026-07-19T16:09:54,paid,pos
order_0034000770,46868,cust_000269,2026-07-28T04:26:17,paid,app
order_0034000771,150709,cust_001282,2026-07-12T20:29:28,paid,web
order_0034000772,20716,cust_001160,2026-07-05T14:30:21,paid,web
order_0034000773,70346,cust_000710,2026-07-06T20:24:36,attempted,app
order_0034000774,32831,cust_001175,2026-07-31T11:37:37,paid,app
order_0034000775,34699,cust_001162,2026-07-07T20:09:22,paid,app
order_0034000776,69363,cust_000154,2026-07-19T14:19:34,paid,pos
order_0034000777,52072,cust_000368,2026-07-24T07:33:56,attempted,app
order_0034000778,229760,cust_001319,2026-07-09T20:10:51,paid,web
order_0034000779,294929,cust_001042,2026-07-30T09:12:34,paid,app
order_0034000780,126698,cust_001031,2026-07-18T16:45:49,paid,web
order_0034000781,149675,cust_000475,2026-07-07T01:13:00,paid,pos
order_0034000782,32018,cust_000466,2026-07-15T18:35:37,paid,web
order_0034000783,118457,cust_000850,2026-07-13T05:29:54,paid,web
order_0034000784,12206,cust_000469,2026-07-22T03:00:17,paid,app
order_0034000785,104231,cust_001100,2026-07-06T09:01:40,paid,web
order_0034000786,32763,cust_001243,2026-07-14T04:01:50,paid,pos
order_0034000787,68459,cust_000132,2026-07-20T09:08:03,attempted,web
order_0034000788,70158,cust_000464,2026-07-25T16:43:59,paid,pos
order_0034000789,44607,cust_001087,2026-07-13T07:26:05,paid,app
order_0034000790,153426,cust_000501,2026-07-12T02:26:37,paid,pos
order_0034000791,27166,cust_000515,2026-07-25T16:30:50,paid,web
order_0034000792,15258,cust_000033,2026-07-23T00:08:38,paid,web
order_0034000793,77497,cust_001166,2026-07-26T14:47:35,paid,pos
order_0034000794,36304,cust_000186,2026-07-10T02:14:28,paid,web
order_0034000795,9045,cust_000887,2026-07-26T03:53:12,paid,app
order_0034000796,78997,cust_000352,2026-07-25T22:35:54,paid,app
order_0034000797,6527,cust_000879,2026-07-20T23:17:36,paid,pos
order_0034000798,29964,cust_000461,2026-07-19T00:13:49,paid,web
order_0034000799,143016,cust_000714,2026-07-11T11:48:09,paid,web
order_0034000800,217357,cust_001316,2026-07-27T20:34:26,paid,web
order_0034000801,134855,cust_000181,2026-07-18T22:40:17,paid,app
order_0034000802,8343,cust_000614,2026-07-27T12:42:33,paid,web
order_0034000803,53077,cust_000364,2026-07-01T06:10:59,paid,pos
order_0034000804,23918,cust_000234,2026-07-04T00:48:34,paid,web
order_0034000805,32904,cust_000942,2026-07-13T19:41:12,paid,pos
order_0034000806,110227,cust_000200,2026-07-21T20:40:54,paid,app
order_0034000807,194754,cust_001122,2026-07-24T08:56:31,paid,app
order_0034000808,29149,cust_000968,2026-07-01T14:59:27,paid,app
order_0034000809,47173,cust_000382,2026-07-19T04:04:42,paid,app
order_0034000810,49657,cust_000983,2026-07-29T19:14:22,paid,web
order_0034000811,175590,cust_000910,2026-07-27T19:46:15,paid,app
order_0034000812,39123,cust_000474,2026-07-12T08:34:08,attempted,pos
order_0034000813,16902,cust_000794,2026-07-22T09:54:23,paid,pos
order_0034000814,42616,cust_000624,2026-07-04T12:42:59,paid,web
order_0034000815,182331,cust_000085,2026-07-17T01:01:59,paid,app
order_0034000816,39158,cust_000133,2026-07-30T22:06:46,paid,pos
order_0034000817,283707,cust_000648,2026-07-05T09:52:53,paid,web
order_0034000818,70249,cust_000224,2026-07-22T01:00:56,paid,app
order_0034000819,51594,cust_000905,2026-07-05T16:39:19,attempted,web
order_0034000820,570611,cust_000138,2026-07-07T14:41:57,paid,app
order_0034000821,130956,cust_000701,2026-07-13T08:38:47,paid,app
order_0034000822,57790,cust_000782,2026-07-12T09:51:33,paid,web
order_0034000823,32348,cust_001282,2026-07-15T13:49:52,paid,app
order_0034000824,95571,cust_000982,2026-07-04T04:50:18,paid,web
order_0034000825,245573,cust_000581,2026-07-28T05:17:41,paid,app
order_0034000826,91527,cust_000308,2026-07-02T15:03:22,paid,web
order_0034000827,164847,cust_000160,2026-07-08T14:40:01,paid,web
order_0034000828,55842,cust_001173,2026-07-17T09:28:46,paid,pos
order_0034000829,35042,cust_000650,2026-07-01T07:32:16,paid,app
order_0034000830,24429,cust_000588,2026-07-28T23:32:46,paid,web
order_0034000831,375126,cust_000314,2026-07-08T22:52:19,paid,app
order_0034000832,42309,cust_000331,2026-07-04T06:01:01,paid,web
order_0034000833,18700,cust_000855,2026-07-03T18:05:23,paid,web
order_0034000834,92414,cust_000829,2026-07-06T12:02:52,paid,app
order_0034000835,27968,cust_000378,2026-07-14T22:10:33,paid,web
order_0034000836,185914,cust_000416,2026-07-31T18:46:20,paid,pos
order_0034000837,27702,cust_000250,2026-07-16T15:39:12,paid,app
order_0034000838,54885,cust_001039,2026-07-09T01:21:45,paid,web
order_0034000839,16121,cust_000899,2026-07-03T05:00:55,paid,app
order_0034000840,63050,cust_000149,2026-07-23T05:16:53,paid,pos
order_0034000841,20598,cust_000408,2026-07-05T09:17:24,paid,web
order_0034000842,206904,cust_001266,2026-07-14T03:03:48,paid,app
order_0034000843,51353,cust_000760,2026-07-09T06:42:22,paid,app
order_0034000844,244115,cust_000213,2026-07-06T03:58:18,paid,web
order_0034000845,150192,cust_000121,2026-07-04T03:16:10,paid,pos
order_0034000846,395573,cust_000129,2026-07-30T17:42:42,paid,app
order_0034000847,206121,cust_000497,2026-07-24T13:58:46,paid,app
order_0034000848,49707,cust_000382,2026-07-19T13:22:24,paid,pos
order_0034000849,10513,cust_000195,2026-07-20T05:24:15,paid,web
order_0034000850,76822,cust_000410,2026-07-29T14:28:46,paid,pos
order_0034000851,62003,cust_001315,2026-07-10T20:25:35,paid,web
order_0034000852,173091,cust_000718,2026-07-01T16:20:25,paid,web
order_0034000853,526263,cust_000680,2026-07-13T16:04:18,paid,app
order_0034000854,147171,cust_000685,2026-07-10T03:02:47,paid,web
order_0034000855,45499,cust_001300,2026-07-14T08:40:59,paid,web
order_0034000856,110827,cust_001237,2026-07-18T21:23:03,paid,pos
order_0034000857,25194,cust_000069,2026-07-01T03:43:02,paid,web
order_0034000858,88447,cust_000976,2026-07-19T02:36:19,paid,app
order_0034000859,54065,cust_000196,2026-07-23T16:35:33,paid,web
order_0034000860,29883,cust_000309,2026-07-19T18:39:32,paid,web
order_0034000861,61166,cust_000302,2026-07-27T10:02:27,paid,web
order_0034000862,49981,cust_000912,2026-07-08T18:41:42,attempted,app
order_0034000863,15681,cust_001293,2026-07-07T12:35:06,paid,app
order_0034000864,98366,cust_000412,2026-07-02T05:12:16,attempted,app
order_0034000865,27591,cust_000423,2026-07-14T06:46:03,paid,web
order_0034000866,77599,cust_000782,2026-07-03T14:54:39,paid,web
order_0034000867,97174,cust_000533,2026-07-11T13:49:09,paid,web
order_0034000868,120888,cust_001308,2026-07-07T16:34:37,paid,web
order_0034000869,91095,cust_000774,2026-07-18T00:52:41,paid,web
order_0034000870,432913,cust_000916,2026-07-04T21:08:21,paid,web
order_0034000871,19745,cust_000187,2026-07-27T20:07:44,paid,app
order_0034000872,289758,cust_000194,2026-07-04T19:42:07,paid,web
order_0034000873,20595,cust_000083,2026-07-06T08:04:50,attempted,app
order_0034000874,26496,cust_000087,2026-07-28T23:52:06,paid,web
order_0034000875,1312939,cust_000798,2026-07-25T04:05:15,paid,app
order_0034000876,27760,cust_000441,2026-07-11T21:29:56,paid,web
order_0034000877,163052,cust_001062,2026-07-03T20:09:46,paid,web
order_0034000878,13719,cust_000062,2026-07-05T05:23:36,paid,web
order_0034000879,95496,cust_001167,2026-07-09T22:24:36,paid,app
order_0034000880,53828,cust_000340,2026-07-05T13:12:27,paid,app
order_0034000881,56770,cust_000138,2026-07-07T00:46:29,attempted,web
order_0034000882,67686,cust_000612,2026-07-05T18:48:10,paid,app
order_0034000883,45908,cust_001244,2026-07-17T18:50:49,paid,web
order_0034000884,200673,cust_001118,2026-07-02T15:41:14,attempted,app
order_0034000885,18330,cust_000040,2026-07-10T18:47:14,paid,web
order_0034000886,144265,cust_000665,2026-07-29T02:22:08,paid,app
order_0034000887,51396,cust_000552,2026-07-31T06:37:59,paid,web
order_0034000888,138725,cust_000160,2026-07-24T14:04:35,paid,web
order_0034000889,178022,cust_000509,2026-07-24T14:09:31,paid,app
order_0034000890,28239,cust_001079,2026-07-19T11:45:49,paid,web
order_0034000891,7536,cust_000467,2026-07-16T15:05:49,attempted,pos
order_0034000892,14008,cust_000258,2026-07-22T10:57:08,paid,pos
order_0034000893,52644,cust_000541,2026-07-14T18:38:59,paid,app
order_0034000894,91294,cust_001073,2026-07-29T06:13:02,paid,app
order_0034000895,40071,cust_000065,2026-07-30T18:15:24,paid,web
order_0034000896,323127,cust_000615,2026-07-21T21:35:24,paid,app
order_0034000897,10503,cust_000878,2026-07-26T18:32:32,paid,pos
order_0034000898,30583,cust_000716,2026-07-12T00:09:07,paid,pos
order_0034000899,36789,cust_000250,2026-07-19T02:11:26,paid,app
order_0034000900,68449,cust_000971,2026-07-04T16:26:21,paid,pos
order_0034000901,71840,cust_000860,2026-07-22T05:01:21,paid,web
order_0034000902,20181,cust_000404,2026-07-01T04:14:18,paid,web
order_0034000903,56276,cust_001116,2026-07-20T23:41:40,paid,web
order_0034000904,57322,cust_000091,2026-07-06T02:39:42,attempted,web
order_0034000905,18201,cust_000873,2026-07-15T04:42:16,paid,web
order_0034000906,19863,cust_001243,2026-07-23T16:51:21,paid,pos
order_0034000907,28089,cust_001075,2026-07-13T21:12:55,paid,app
order_0034000908,53303,cust_000984,2026-07-28T13:38:43,paid,web
order_0034000909,118032,cust_000264,2026-07-09T06:41:09,paid,app
order_0034000910,99774,cust_000587,2026-07-16T11:17:53,paid,web
order_0034000911,73319,cust_000582,2026-07-17T15:28:00,paid,app
order_0034000912,37635,cust_000243,2026-07-24T14:41:21,paid,web
order_0034000913,241323,cust_000061,2026-07-13T01:42:34,paid,web
order_0034000914,53753,cust_000522,2026-07-26T02:15:50,paid,pos
order_0034000915,67875,cust_000760,2026-07-18T04:53:14,paid,app
order_0034000916,99759,cust_000561,2026-07-22T15:15:01,paid,pos
order_0034000917,39456,cust_000129,2026-07-16T20:40:07,paid,app
order_0034000918,127078,cust_001093,2026-07-02T21:46:46,paid,pos
order_0034000919,84243,cust_000320,2026-07-15T08:29:47,attempted,web
order_0034000920,10976,cust_000074,2026-07-25T13:35:43,paid,app
order_0034000921,29984,cust_000740,2026-07-10T01:32:52,paid,app
order_0034000922,77096,cust_001183,2026-07-25T17:44:11,paid,web
order_0034000923,56971,cust_001289,2026-07-26T14:44:29,paid,app
order_0034000924,55059,cust_000595,2026-07-01T09:21:22,paid,web
order_0034000925,64682,cust_001060,2026-07-19T20:36:08,paid,pos
order_0034000926,147488,cust_001134,2026-07-12T21:29:20,attempted,pos
order_0034000927,136862,cust_001077,2026-07-06T15:49:44,paid,app
order_0034000928,56803,cust_000069,2026-07-20T02:48:53,paid,web
order_0034000929,29759,cust_000273,2026-07-07T10:46:02,paid,web
order_0034000930,47883,cust_000994,2026-07-24T08:09:00,paid,app
order_0034000931,8012,cust_001327,2026-07-02T21:45:50,paid,web
order_0034000932,106591,cust_000177,2026-07-30T03:19:26,paid,web
order_0034000933,44654,cust_000349,2026-07-04T12:11:21,paid,app
order_0034000934,123768,cust_000402,2026-07-11T07:50:11,paid,web
order_0034000935,19399,cust_000305,2026-07-30T09:40:05,paid,pos
order_0034000936,199363,cust_000868,2026-07-14T00:33:02,paid,app
order_0034000937,257503,cust_000380,2026-07-14T23:30:59,paid,web
order_0034000938,79108,cust_001332,2026-07-04T23:45:11,paid,app
order_0034000939,232249,cust_000987,2026-07-18T18:39:17,paid,app
order_0034000940,111039,cust_000830,2026-07-07T16:17:52,paid,app
order_0034000941,349348,cust_000764,2026-07-14T19:02:44,paid,app
order_0034000942,121321,cust_000959,2026-07-18T06:53:51,paid,app
order_0034000943,46623,cust_000658,2026-07-29T09:35:10,paid,app
order_0034000944,18408,cust_000076,2026-07-06T18:29:18,paid,app
order_0034000945,20847,cust_001231,2026-07-31T01:23:48,paid,web
order_0034000946,15850,cust_000553,2026-07-18T22:14:12,paid,web
order_0034000947,383571,cust_000739,2026-07-14T20:46:22,paid,web
order_0034000948,101563,cust_001136,2026-07-13T06:52:45,attempted,app
order_0034000949,11473,cust_000566,2026-07-23T05:11:30,paid,web
order_0034000950,25510,cust_000747,2026-07-04T19:02:07,paid,pos
order_0034000951,14113,cust_000270,2026-07-19T11:54:30,attempted,web
order_0034000952,29320,cust_001316,2026-07-10T13:03:28,paid,web
order_0034000953,67956,cust_000786,2026-07-15T21:46:11,paid,web
order_0034000954,26127,cust_000733,2026-07-21T18:46:17,paid,app
order_0034000955,32762,cust_000201,2026-07-14T14:46:35,paid,web
order_0034000956,55092,cust_000105,2026-07-13T13:21:06,paid,app
order_0034000957,47026,cust_001168,2026-07-17T03:29:59,attempted,app
order_0034000958,110313,cust_000910,2026-07-21T14:03:14,paid,app
order_0034000959,52623,cust_000481,2026-07-03T09:17:03,paid,web
order_0034000960,72443,cust_000896,2026-07-02T14:36:26,paid,web
order_0034000961,112026,cust_000503,2026-07-21T19:17:56,paid,app
order_0034000962,44216,cust_001123,2026-07-26T10:35:04,paid,app
order_0034000963,362062,cust_001089,2026-07-15T01:04:29,paid,app
order_0034000964,25545,cust_000750,2026-07-03T02:35:30,paid,web
order_0034000965,100924,cust_001085,2026-07-14T01:08:10,paid,app
order_0034000966,64045,cust_000111,2026-07-30T12:22:32,attempted,app
order_0034000967,23206,cust_001293,2026-07-04T23:05:44,paid,pos
order_0034000968,43309,cust_000769,2026-07-25T23:58:58,paid,pos
order_0034000969,4900,cust_000250,2026-07-12T01:46:10,paid,app
order_0034000970,36702,cust_000563,2026-07-16T00:35:25,paid,web
order_0034000971,97090,cust_000906,2026-07-30T14:33:58,paid,pos
order_0034000972,743980,cust_000758,2026-07-17T10:10:38,paid,app
order_0034000973,37838,cust_000308,2026-07-28T00:42:41,paid,web
order_0034000974,26117,cust_000814,2026-07-14T19:39:37,paid,web
order_0034000975,145279,cust_000413,2026-07-02T01:39:11,paid,app
order_0034000976,119805,cust_000531,2026-07-16T17:01:46,paid,web
order_0034000977,51003,cust_000123,2026-07-11T11:28:27,paid,app
order_0034000978,122125,cust_001219,2026-07-25T01:50:23,paid,web
order_0034000979,532774,cust_000460,2026-07-30T02:34:37,paid,web
order_0034000980,57947,cust_000379,2026-07-29T13:16:11,attempted,pos
order_0034000981,27359,cust_000493,2026-07-12T09:29:25,paid,app
order_0034000982,58608,cust_000062,2026-07-31T22:33:24,attempted,pos
order_0034000983,47645,cust_000035,2026-07-28T21:05:41,paid,pos
order_0034000984,114610,cust_000129,2026-07-07T06:25:30,paid,app
order_0034000985,61979,cust_000675,2026-07-11T10:55:39,paid,app
order_0034000986,69453,cust_001323,2026-07-28T03:52:08,paid,app
order_0034000987,27364,cust_001005,2026-07-13T17:13:35,paid,web
order_0034000988,327144,cust_000180,2026-07-14T14:13:07,paid,app
order_0034000989,46950,cust_000402,2026-07-07T00:12:24,paid,app
order_0034000990,100606,cust_000273,2026-07-20T11:26:46,paid,app
order_0034000991,112565,cust_000796,2026-07-17T22:31:05,paid,pos
order_0034000992,104967,cust_000898,2026-07-14T12:13:44,paid,app
order_0034000993,15418,cust_000039,2026-07-18T16:32:32,paid,pos
order_0034000994,165239,cust_000914,2026-07-08T13:23:34,paid,web
order_0034000995,45568,cust_000189,2026-07-02T05:26:22,paid,web
order_0034000996,37159,cust_000227,2026-07-03T14:16:02,paid,web
order_0034000997,250105,cust_001071,2026-07-10T00:37:36,paid,web
order_0034000998,186221,cust_000439,2026-07-02T13:42:11,paid,web
order_0034000999,39817,cust_000265,2026-07-12T11:25:28,paid,web
order_0034001000,397347,cust_000242,2026-07-13T04:37:54,paid,web
order_0034001001,149716,cust_000765,2026-07-21T08:33:41,paid,web
order_0034001002,57229,cust_000410,2026-07-19T12:47:58,paid,web
order_0034001003,74548,cust_000075,2026-07-23T06:21:27,paid,app
order_0034001004,98925,cust_001294,2026-07-12T02:15:56,paid,web
order_0034001005,91033,cust_000644,2026-07-18T21:30:02,paid,pos
order_0034001006,48402,cust_000768,2026-07-03T20:47:43,paid,web
order_0034001007,24705,cust_001177,2026-07-13T01:44:50,paid,pos
order_0034001008,18837,cust_000192,2026-07-05T07:10:45,attempted,pos
order_0034001009,64196,cust_001134,2026-07-29T10:41:56,paid,pos
order_0034001010,345412,cust_000894,2026-07-05T08:55:57,paid,web
order_0034001011,33320,cust_000152,2026-07-08T10:51:06,paid,app
order_0034001012,24670,cust_000656,2026-07-31T10:51:40,paid,web
order_0034001013,29870,cust_001299,2026-07-18T15:23:42,paid,pos
order_0034001014,298170,cust_001149,2026-07-05T05:49:50,attempted,app
order_0034001015,20255,cust_000224,2026-07-09T03:09:50,paid,pos
order_0034001016,33570,cust_000992,2026-07-06T17:25:57,paid,pos
order_0034001017,142891,cust_001324,2026-07-01T12:00:37,paid,app
order_0034001018,89849,cust_000457,2026-07-02T21:44:45,paid,pos
order_0034001019,224919,cust_000057,2026-07-05T14:59:17,paid,pos
order_0034001020,172289,cust_000652,2026-07-18T12:06:00,paid,web
order_0034001021,18790,cust_000115,2026-07-23T13:49:34,paid,web
order_0034001022,38839,cust_000202,2026-07-09T19:17:24,paid,web
order_0034001023,111285,cust_000129,2026-07-07T20:07:56,paid,web
order_0034001024,225646,cust_000310,2026-07-07T07:22:01,paid,web
order_0034001025,62176,cust_000931,2026-07-16T18:46:20,paid,web
order_0034001026,35807,cust_000377,2026-07-09T14:26:06,paid,app
order_0034001027,32132,cust_000956,2026-07-16T06:47:07,paid,web
order_0034001028,146738,cust_000784,2026-07-19T06:05:34,paid,web
order_0034001029,19148,cust_001258,2026-07-06T07:33:03,paid,web
order_0034001030,182192,cust_000962,2026-07-27T12:43:58,paid,web
order_0034001031,42244,cust_001244,2026-07-28T14:22:54,paid,web
order_0034001032,77109,cust_000819,2026-07-09T09:07:41,attempted,web
order_0034001033,68296,cust_001051,2026-07-11T19:59:06,paid,pos
order_0034001034,215993,cust_000910,2026-07-23T23:00:07,paid,app
order_0034001035,23778,cust_000449,2026-07-20T19:40:12,attempted,app
order_0034001036,79268,cust_001065,2026-07-22T16:01:39,paid,app
order_0034001037,189181,cust_000135,2026-07-01T20:53:48,paid,pos
order_0034001038,149831,cust_000799,2026-07-09T02:51:22,paid,web
order_0034001039,455963,cust_001257,2026-07-01T07:26:02,paid,web
order_0034001040,86184,cust_001231,2026-07-16T13:45:54,paid,app
order_0034001041,59533,cust_000619,2026-07-17T00:51:36,paid,app
order_0034001042,30469,cust_001032,2026-07-07T19:54:24,paid,web
order_0034001043,27206,cust_001071,2026-07-03T17:08:05,paid,web
order_0034001044,180398,cust_000120,2026-07-02T03:52:25,paid,web
order_0034001045,30825,cust_000515,2026-07-12T06:28:18,paid,web
order_0034001046,151871,cust_001260,2026-07-04T13:36:30,paid,pos
order_0034001047,130773,cust_001145,2026-07-18T01:09:13,attempted,web
order_0034001048,36542,cust_000100,2026-07-17T06:48:07,paid,web
order_0034001049,61015,cust_000485,2026-07-27T06:54:15,paid,web
order_0034001050,35490,cust_000936,2026-07-09T17:28:10,paid,pos
order_0034001051,381672,cust_000686,2026-07-01T23:08:04,paid,app
order_0034001052,53994,cust_001075,2026-07-31T13:29:39,paid,pos
order_0034001053,279188,cust_000109,2026-07-26T16:26:34,paid,web
order_0034001054,29857,cust_001030,2026-07-30T16:48:46,paid,app
order_0034001055,6549,cust_001099,2026-07-14T10:50:02,paid,app
order_0034001056,449284,cust_000776,2026-07-03T12:42:53,paid,app
order_0034001057,19672,cust_001129,2026-07-10T06:32:59,paid,web
order_0034001058,84707,cust_000083,2026-07-26T15:02:35,paid,web
order_0034001059,77760,cust_000837,2026-07-28T06:48:55,paid,web
order_0034001060,602970,cust_000495,2026-07-14T20:18:01,paid,pos
order_0034001061,270589,cust_000309,2026-07-19T12:27:29,paid,web
order_0034001062,103734,cust_000903,2026-07-11T03:37:44,paid,web
order_0034001063,18017,cust_000914,2026-07-22T10:39:09,paid,app
order_0034001064,36733,cust_000572,2026-07-20T06:13:34,paid,web
order_0034001065,21303,cust_000619,2026-07-11T17:26:00,paid,pos
order_0034001066,42559,cust_000482,2026-07-08T22:57:34,attempted,pos
order_0034001067,153231,cust_000586,2026-07-31T02:37:01,paid,web
order_0034001068,84915,cust_000690,2026-07-16T05:13:55,paid,app
order_0034001069,84104,cust_001255,2026-07-22T13:39:23,paid,pos
order_0034001070,122156,cust_000850,2026-07-18T03:57:48,paid,app
order_0034001071,49805,cust_000850,2026-07-24T06:06:16,attempted,app
order_0034001072,251933,cust_001110,2026-07-07T05:40:00,paid,app
order_0034001073,54883,cust_000419,2026-07-13T00:05:15,paid,web
order_0034001074,11330,cust_000310,2026-07-12T01:05:10,paid,pos
order_0034001075,172985,cust_001271,2026-07-04T18:40:40,paid,web
order_0034001076,78548,cust_000407,2026-07-08T20:12:50,paid,app
order_0034001077,119859,cust_000659,2026-07-05T12:03:08,paid,pos
order_0034001078,197118,cust_000342,2026-07-12T22:29:51,attempted,web
order_0034001079,101516,cust_000283,2026-07-27T06:21:10,paid,web
order_0034001080,125963,cust_000981,2026-07-09T20:40:56,paid,web
order_0034001081,56753,cust_001106,2026-07-27T03:33:02,paid,app
order_0034001082,26457,cust_000805,2026-07-31T22:07:55,paid,app
order_0034001083,345730,cust_001211,2026-07-13T19:39:58,paid,app
order_0034001084,92075,cust_000494,2026-07-16T13:17:55,paid,app
order_0034001085,5638,cust_001001,2026-07-15T04:32:11,attempted,app
order_0034001086,72901,cust_000780,2026-07-02T12:37:26,paid,web
order_0034001087,94814,cust_001179,2026-07-18T15:17:02,paid,app
order_0034001088,80202,cust_001099,2026-07-18T07:28:32,paid,app
order_0034001089,183183,cust_000338,2026-07-09T08:26:08,paid,app
order_0034001090,47075,cust_001309,2026-07-16T03:45:30,paid,app
order_0034001091,51850,cust_001012,2026-07-26T11:49:18,paid,app
order_0034001092,88495,cust_000472,2026-07-05T22:30:10,paid,app
order_0034001093,71589,cust_000043,2026-07-28T13:44:18,paid,pos
order_0034001094,107601,cust_000133,2026-07-03T16:52:31,paid,web
order_0034001095,109096,cust_000156,2026-07-26T19:53:50,paid,web
order_0034001096,20307,cust_001213,2026-07-03T02:22:52,paid,pos
order_0034001097,35505,cust_001063,2026-07-23T11:14:01,paid,pos
order_0034001098,150477,cust_000287,2026-07-20T17:37:43,paid,web
order_0034001099,53664,cust_000071,2026-07-04T13:52:21,paid,web
order_0034001100,419953,cust_000400,2026-07-20T15:11:12,paid,app
order_0034001101,58890,cust_000106,2026-07-18T07:22:45,attempted,web
order_0034001102,21438,cust_000427,2026-07-14T05:27:18,paid,pos
order_0034001103,211988,cust_000565,2026-07-27T17:28:25,paid,app
order_0034001104,50061,cust_000056,2026-07-14T05:08:03,paid,web
order_0034001105,127065,cust_000354,2026-07-31T15:42:56,attempted,app
order_0034001106,91104,cust_001326,2026-07-25T23:21:43,paid,app
order_0034001107,85177,cust_001172,2026-07-30T01:55:49,paid,pos
order_0034001108,42790,cust_001153,2026-07-02T11:13:19,paid,pos
order_0034001109,57274,cust_000627,2026-07-10T03:41:22,paid,pos
order_0034001110,57733,cust_000001,2026-07-26T23:37:39,paid,pos
order_0034001111,44631,cust_000675,2026-07-05T06:04:50,paid,web
order_0034001112,225919,cust_000900,2026-07-13T22:55:45,paid,web
order_0034001113,93928,cust_000053,2026-07-24T03:42:37,paid,web
order_0034001114,238238,cust_001267,2026-07-23T18:37:22,paid,web
order_0034001115,58515,cust_001133,2026-07-10T23:15:46,paid,pos
order_0034001116,130825,cust_000555,2026-07-28T14:12:52,paid,app
order_0034001117,49461,cust_000533,2026-07-12T21:17:24,attempted,app
order_0034001118,37256,cust_000848,2026-07-26T21:32:42,paid,web
order_0034001119,418661,cust_000491,2026-07-15T15:58:38,paid,app
order_0034001120,295030,cust_000096,2026-07-10T23:31:54,paid,app
order_0034001121,82313,cust_000372,2026-07-22T15:21:03,paid,app
order_0034001122,91927,cust_000326,2026-07-04T07:37:00,paid,pos
order_0034001123,30646,cust_000464,2026-07-18T20:08:34,paid,app
order_0034001124,50844,cust_000733,2026-07-29T10:38:58,paid,web
order_0034001125,58464,cust_000913,2026-07-14T01:50:51,paid,web
order_0034001126,79671,cust_000339,2026-07-21T11:45:37,paid,pos
order_0034001127,172970,cust_000120,2026-07-09T16:52:49,paid,web
order_0034001128,32570,cust_000668,2026-07-02T10:46:08,paid,web
order_0034001129,79869,cust_001300,2026-07-03T21:56:00,paid,app
order_0034001130,75902,cust_000118,2026-07-15T09:27:30,paid,app
order_0034001131,33679,cust_000266,2026-07-06T02:20:07,paid,pos
order_0034001132,301156,cust_000859,2026-07-27T05:42:20,paid,web
order_0034001133,69066,cust_000170,2026-07-25T03:22:46,paid,web
order_0034001134,87459,cust_000731,2026-07-31T03:10:26,paid,web
order_0034001135,99814,cust_000118,2026-07-21T15:19:44,paid,app
order_0034001136,108743,cust_000524,2026-07-27T19:03:02,paid,app
order_0034001137,22726,cust_000764,2026-07-14T13:31:22,paid,pos
order_0034001138,44345,cust_000122,2026-07-09T07:09:08,paid,web
order_0034001139,50578,cust_001134,2026-07-01T21:10:34,paid,app
order_0034001140,299512,cust_000625,2026-07-12T23:48:22,paid,app
order_0034001141,44830,cust_000233,2026-07-29T11:01:26,attempted,app
order_0034001142,63976,cust_000837,2026-07-15T07:02:55,paid,app
order_0034001143,260744,cust_000730,2026-07-21T07:35:58,paid,app
order_0034001144,31439,cust_000763,2026-07-13T05:17:41,paid,app
order_0034001145,35183,cust_001031,2026-07-13T07:42:05,paid,web
order_0034001146,38235,cust_001106,2026-07-27T12:55:23,paid,app
order_0034001147,34762,cust_000854,2026-07-05T18:42:25,paid,pos
order_0034001148,146235,cust_000601,2026-07-05T14:39:07,paid,web
order_0034001149,146543,cust_000813,2026-07-27T19:14:30,attempted,web
order_0034001150,36956,cust_000085,2026-07-17T15:53:44,paid,web
order_0034001151,1030795,cust_001071,2026-07-12T05:51:04,paid,pos
order_0034001152,47908,cust_000152,2026-07-10T11:20:44,paid,web
order_0034001153,59453,cust_000856,2026-07-18T09:57:02,paid,app
order_0034001154,119694,cust_001229,2026-07-10T10:40:18,paid,web
order_0034001155,159386,cust_001145,2026-07-23T21:28:56,paid,web
order_0034001156,84502,cust_000789,2026-07-28T16:08:43,paid,app
order_0034001157,408884,cust_000108,2026-07-25T13:05:38,paid,app
order_0034001158,582987,cust_000405,2026-07-31T11:40:34,paid,pos
order_0034001159,288597,cust_000031,2026-07-27T06:48:32,paid,app
order_0034001160,271241,cust_001043,2026-07-25T21:06:54,paid,web
order_0034001161,52351,cust_000085,2026-07-01T07:58:12,paid,web
order_0034001162,75296,cust_000865,2026-07-24T22:24:59,paid,web
order_0034001163,11821,cust_000152,2026-07-09T03:23:31,paid,app
order_0034001164,55165,cust_000529,2026-07-15T19:27:54,paid,web
order_0034001165,68503,cust_001044,2026-07-08T18:19:54,paid,app
order_0034001166,135211,cust_000740,2026-07-18T19:53:10,paid,pos
order_0034001167,394781,cust_000675,2026-07-14T22:42:53,paid,web
order_0034001168,153510,cust_000871,2026-07-18T08:54:42,paid,pos
order_0034001169,140587,cust_000712,2026-07-11T00:36:15,paid,app
order_0034001170,68686,cust_000941,2026-07-15T10:49:21,paid,web
order_0034001171,206944,cust_000613,2026-07-15T11:46:28,attempted,app
order_0034001172,251523,cust_000522,2026-07-03T15:47:11,paid,app
order_0034001173,29555,cust_000508,2026-07-09T00:12:36,paid,app
order_0034001174,167462,cust_000086,2026-07-01T18:18:40,paid,web
order_0034001175,157494,cust_000562,2026-07-15T18:42:14,paid,web
order_0034001176,25657,cust_000056,2026-07-30T10:06:34,paid,app
order_0034001177,70857,cust_000258,2026-07-28T02:57:36,paid,web
order_0034001178,187121,cust_000796,2026-07-13T13:02:10,paid,pos
order_0034001179,41235,cust_000333,2026-07-06T08:55:48,paid,app
order_0034001180,149628,cust_000902,2026-07-22T22:37:00,paid,web
order_0034001181,94304,cust_000177,2026-07-04T10:27:23,paid,web
order_0034001182,90770,cust_000157,2026-07-05T11:13:27,paid,pos
order_0034001183,58024,cust_000637,2026-07-21T02:23:35,paid,app
order_0034001184,118783,cust_000197,2026-07-31T03:15:59,paid,web
order_0034001185,84298,cust_001244,2026-07-21T04:56:01,paid,web
order_0034001186,64977,cust_001016,2026-07-12T01:29:01,attempted,app
order_0034001187,249690,cust_000144,2026-07-08T19:36:36,paid,app
order_0034001188,151888,cust_001136,2026-07-03T22:44:13,paid,app
order_0034001189,11251,cust_000626,2026-07-19T20:25:04,paid,app
order_0034001190,100752,cust_000427,2026-07-05T09:51:45,paid,web
order_0034001191,55304,cust_000488,2026-07-31T13:32:38,paid,app
order_0034001192,115521,cust_000455,2026-07-04T03:44:39,paid,app
order_0034001193,35520,cust_001147,2026-07-22T17:29:39,paid,pos
order_0034001194,74087,cust_000514,2026-07-28T20:30:10,paid,app
order_0034001195,81974,cust_001201,2026-07-08T13:40:30,paid,app
order_0034001196,26267,cust_000279,2026-07-20T17:56:37,paid,app
order_0034001197,162874,cust_000355,2026-07-29T03:32:20,paid,app
order_0034001198,301014,cust_001011,2026-07-27T07:42:22,paid,app
order_0034001199,52390,cust_001122,2026-07-06T01:48:05,paid,app
order_0034001200,75176,cust_000524,2026-07-22T06:12:11,attempted,web
order_0034001201,57976,cust_000389,2026-07-28T03:16:11,paid,web
order_0034001202,38520,cust_000237,2026-07-23T00:42:14,paid,web
order_0034001203,722425,cust_000167,2026-07-10T23:24:37,paid,pos
order_0034001204,30211,cust_000801,2026-07-29T11:15:58,paid,app
order_0034001205,209290,cust_000809,2026-07-23T05:55:29,paid,pos
order_0034001206,35764,cust_000221,2026-07-21T09:08:54,paid,web
order_0034001207,70898,cust_000860,2026-07-25T13:47:05,paid,web
order_0034001208,62197,cust_000221,2026-07-12T00:55:51,paid,web
order_0034001209,333073,cust_000680,2026-07-29T15:38:31,paid,pos
order_0034001210,30576,cust_000998,2026-07-20T10:18:16,paid,web
order_0034001211,27790,cust_000694,2026-07-03T04:25:44,paid,web
order_0034001212,87488,cust_000058,2026-07-11T14:23:06,paid,app
order_0034001213,213659,cust_000367,2026-07-29T09:17:35,attempted,web
order_0034001214,9467,cust_000894,2026-07-03T10:12:36,paid,web
order_0034001215,206035,cust_000951,2026-07-08T13:26:07,paid,pos
order_0034001216,57866,cust_000868,2026-07-25T13:39:57,paid,web
order_0034001217,34108,cust_000452,2026-07-02T18:07:20,paid,app
order_0034001218,187276,cust_001018,2026-07-13T15:59:32,attempted,web
order_0034001219,19338,cust_001181,2026-07-03T05:13:52,paid,web
order_0034001220,35235,cust_000975,2026-07-11T01:22:33,paid,app
order_0034001221,20197,cust_001318,2026-07-18T09:00:25,paid,app
order_0034001222,85643,cust_000565,2026-07-10T21:40:54,paid,web
order_0034001223,75855,cust_000569,2026-07-11T09:01:55,paid,web
order_0034001224,85785,cust_000809,2026-07-02T14:41:55,paid,pos
order_0034001225,102838,cust_001121,2026-07-30T11:09:37,paid,pos
order_0034001226,19457,cust_000845,2026-07-18T18:52:46,paid,web
order_0034001227,67562,cust_000163,2026-07-23T13:02:10,attempted,pos
order_0034001228,44262,cust_001098,2026-07-16T00:50:50,paid,pos
order_0034001229,63397,cust_000632,2026-07-05T23:25:56,paid,app
order_0034001230,80131,cust_000543,2026-07-26T02:29:51,attempted,web
order_0034001231,127007,cust_000649,2026-07-31T10:21:19,paid,app
order_0034001232,96166,cust_000320,2026-07-10T03:34:25,paid,pos
order_0034001233,212580,cust_001159,2026-07-25T23:07:59,paid,web
order_0034001234,109259,cust_000055,2026-07-16T21:17:41,paid,web
order_0034001235,49873,cust_000655,2026-07-19T17:22:19,paid,pos
order_0034001236,96855,cust_000393,2026-07-10T08:49:05,paid,pos
order_0034001237,302063,cust_000315,2026-07-14T00:36:41,paid,pos
order_0034001238,33643,cust_000823,2026-07-06T23:52:29,paid,app
order_0034001239,85557,cust_000091,2026-07-04T18:19:10,paid,web
order_0034001240,64316,cust_001126,2026-07-11T19:10:39,attempted,app
order_0034001241,147791,cust_001008,2026-07-07T03:25:15,paid,web
order_0034001242,423682,cust_000465,2026-07-30T16:38:28,paid,web
order_0034001243,26154,cust_000383,2026-07-29T03:50:41,paid,pos
order_0034001244,50917,cust_000631,2026-07-19T11:36:10,attempted,web
order_0034001245,50956,cust_000144,2026-07-12T08:14:12,paid,pos
order_0034001246,184831,cust_000040,2026-07-05T07:25:30,paid,app
order_0034001247,124714,cust_000300,2026-07-10T00:53:11,paid,web
order_0034001248,155862,cust_001252,2026-07-14T09:01:40,paid,app
order_0034001249,120729,cust_000157,2026-07-10T17:54:53,paid,app
order_0034001250,38712,cust_000884,2026-07-18T17:15:19,paid,web
order_0034001251,36652,cust_001043,2026-07-23T06:59:02,paid,app
order_0034001252,102822,cust_000225,2026-07-05T18:49:12,paid,pos
order_0034001253,170192,cust_000933,2026-07-11T19:40:30,paid,app
order_0034001254,145195,cust_000849,2026-07-07T19:53:14,paid,pos
order_0034001255,230271,cust_000130,2026-07-26T19:38:08,paid,web
order_0034001256,29324,cust_000692,2026-07-26T22:25:55,paid,app
order_0034001257,72637,cust_000782,2026-07-25T23:00:21,paid,web
order_0034001258,172513,cust_000860,2026-07-23T06:08:28,paid,app
order_0034001259,131915,cust_000618,2026-07-22T07:32:36,attempted,web
order_0034001260,154298,cust_000919,2026-07-02T00:20:32,attempted,web
order_0034001261,628925,cust_000781,2026-07-10T02:39:29,paid,web
order_0034001262,181052,cust_000448,2026-07-12T16:24:34,paid,app
order_0034001263,173896,cust_000034,2026-07-19T14:13:01,paid,web
order_0034001264,73466,cust_001016,2026-07-27T06:59:51,paid,app
order_0034001265,137264,cust_000147,2026-07-24T18:34:00,paid,web
order_0034001266,69029,cust_001085,2026-07-28T04:28:29,paid,web
order_0034001267,230293,cust_001317,2026-07-24T10:32:30,paid,app
order_0034001268,56907,cust_000870,2026-07-24T07:18:01,paid,web
order_0034001269,20354,cust_000900,2026-07-04T13:27:08,paid,app
order_0034001270,88448,cust_001216,2026-07-14T22:04:05,paid,web
order_0034001271,100730,cust_000635,2026-07-25T10:32:04,paid,app
order_0034001272,64676,cust_001190,2026-07-04T14:57:04,paid,app
order_0034001273,23692,cust_000373,2026-07-13T15:55:21,paid,web
order_0034001274,67891,cust_000376,2026-07-24T06:55:09,paid,web
order_0034001275,57079,cust_000297,2026-07-28T01:58:21,paid,pos
order_0034001276,75505,cust_001199,2026-07-17T23:56:14,paid,web
order_0034001277,26645,cust_000787,2026-07-18T16:57:48,paid,app
order_0034001278,33341,cust_000727,2026-07-27T00:37:45,paid,web
order_0034001279,20650,cust_000124,2026-07-02T09:42:22,paid,app
order_0034001280,32091,cust_000353,2026-07-17T01:38:37,paid,web
order_0034001281,41460,cust_000033,2026-07-14T03:55:50,paid,app
order_0034001282,65811,cust_000243,2026-07-22T00:02:14,paid,app
order_0034001283,51854,cust_000711,2026-07-23T10:27:59,paid,app
order_0034001284,733156,cust_001223,2026-07-30T05:56:13,paid,pos
order_0034001285,37322,cust_000388,2026-07-22T17:35:39,attempted,web
order_0034001286,110981,cust_000190,2026-07-20T23:03:39,paid,app
order_0034001287,30768,cust_001039,2026-07-08T19:21:33,paid,web
order_0034001288,28805,cust_000081,2026-07-27T00:25:36,paid,web
order_0034001289,15882,cust_000549,2026-07-07T10:04:18,paid,pos
order_0034001290,45681,cust_000920,2026-07-10T07:49:46,paid,pos
order_0034001291,317030,cust_001202,2026-07-23T11:24:40,paid,web
order_0034001292,51016,cust_000054,2026-07-11T23:44:16,paid,web
order_0034001293,260629,cust_000253,2026-07-11T12:34:46,paid,app
order_0034001294,99927,cust_001122,2026-07-03T10:20:10,attempted,pos
order_0034001295,43472,cust_001107,2026-07-21T03:08:09,paid,web
order_0034001296,45889,cust_000590,2026-07-05T01:10:46,paid,web
order_0034001297,13947,cust_000704,2026-07-21T12:23:56,paid,pos
order_0034001298,13612,cust_000068,2026-07-13T08:43:49,paid,pos
order_0034001299,135442,cust_000085,2026-07-04T23:02:56,paid,pos
order_0034001300,175158,cust_000428,2026-07-23T12:33:31,attempted,app
order_0034001301,7202,cust_001015,2026-07-23T18:19:04,paid,pos
order_0034001302,65634,cust_000497,2026-07-22T08:58:51,paid,web
order_0034001303,72719,cust_000079,2026-07-05T15:59:48,paid,app
order_0034001304,70086,cust_001066,2026-07-03T04:55:17,paid,web
order_0034001305,16602,cust_000670,2026-07-06T04:05:47,paid,app
order_0034001306,300534,cust_000076,2026-07-08T19:50:35,paid,app
order_0034001307,27629,cust_000775,2026-07-20T20:04:26,attempted,pos
order_0034001308,36286,cust_000615,2026-07-15T18:54:54,paid,app
order_0034001309,181076,cust_001318,2026-07-30T19:44:38,paid,web
order_0034001310,95576,cust_000974,2026-07-21T20:02:37,paid,app
order_0034001311,338747,cust_000815,2026-07-11T05:37:16,paid,web
order_0034001312,85856,cust_001250,2026-07-16T00:05:12,paid,web
order_0034001313,159361,cust_001169,2026-07-09T08:48:50,paid,pos
order_0034001314,294473,cust_000705,2026-07-20T19:04:44,paid,web
order_0034001315,305788,cust_000592,2026-07-31T07:48:10,paid,web
order_0034001316,67914,cust_000128,2026-07-09T21:47:47,attempted,app
order_0034001317,325570,cust_000782,2026-07-20T08:05:21,paid,app
order_0034001318,1278838,cust_000255,2026-07-21T23:59:53,attempted,app
order_0034001319,190934,cust_000456,2026-07-03T12:39:53,paid,app
order_0034001320,149278,cust_000161,2026-07-31T00:59:31,paid,web
order_0034001321,137750,cust_001173,2026-07-01T00:05:18,paid,web
order_0034001322,44646,cust_000049,2026-07-04T01:57:44,paid,app
order_0034001323,150188,cust_001321,2026-07-20T23:36:04,paid,app
order_0034001324,103528,cust_000257,2026-07-20T14:48:55,paid,web
order_0034001325,134046,cust_000282,2026-07-02T19:05:40,paid,app
order_0034001326,63432,cust_000357,2026-07-05T08:11:52,paid,web
order_0034001327,40407,cust_000467,2026-07-30T06:03:21,paid,web
order_0034001328,85605,cust_000731,2026-07-25T00:08:07,paid,web
order_0034001329,385646,cust_000458,2026-07-20T13:52:01,paid,web
order_0034001330,68818,cust_000322,2026-07-09T02:28:25,paid,app
order_0034001331,136366,cust_000172,2026-07-03T19:52:56,paid,app
order_0034001332,293915,cust_000367,2026-07-25T14:52:00,paid,web
order_0034001333,49819,cust_000397,2026-07-26T14:47:34,paid,pos
order_0034001334,125575,cust_000991,2026-07-21T02:18:13,paid,web
order_0034001335,192221,cust_000151,2026-07-15T08:12:32,paid,web
order_0034001336,626965,cust_000613,2026-07-22T22:36:22,attempted,app
order_0034001337,32297,cust_000096,2026-07-27T20:49:34,paid,pos
order_0034001338,46515,cust_000375,2026-07-18T01:28:33,paid,web
order_0034001339,70120,cust_000910,2026-07-09T09:08:54,paid,app
order_0034001340,275412,cust_000728,2026-07-11T18:19:58,paid,app
order_0034001341,28318,cust_000319,2026-07-03T11:37:55,attempted,pos
order_0034001342,50572,cust_000588,2026-07-27T03:07:51,paid,app
order_0034001343,325754,cust_000500,2026-07-29T18:27:08,paid,app
order_0034001344,108119,cust_000731,2026-07-29T23:53:59,paid,web
order_0034001345,160608,cust_000912,2026-07-08T04:16:28,attempted,app
order_0034001346,124134,cust_000662,2026-07-09T04:14:52,paid,pos
order_0034001347,35289,cust_000063,2026-07-07T12:02:45,attempted,pos
order_0034001348,99251,cust_001158,2026-07-23T08:37:37,paid,web
order_0034001349,54201,cust_000824,2026-07-14T12:40:30,paid,app
order_0034001350,210317,cust_000819,2026-07-07T02:22:18,paid,web
order_0034001351,129545,cust_000815,2026-07-07T10:14:11,paid,web
order_0034001352,160380,cust_000373,2026-07-12T21:04:12,paid,web
order_0034001353,66112,cust_000545,2026-07-10T07:01:07,paid,pos
order_0034001354,41220,cust_000057,2026-07-03T15:13:50,paid,web
order_0034001355,115034,cust_001332,2026-07-27T03:24:35,paid,app
order_0034001356,193871,cust_000180,2026-07-15T15:16:56,paid,app
order_0034001357,275911,cust_000470,2026-07-21T06:06:18,attempted,web
order_0034001358,74660,cust_001215,2026-07-11T16:38:30,paid,pos
order_0034001359,102782,cust_000936,2026-07-01T07:40:39,paid,app
order_0034001360,49090,cust_001041,2026-07-29T04:40:04,paid,web
order_0034001361,54367,cust_000119,2026-07-23T06:21:31,paid,pos
order_0034001362,79133,cust_001202,2026-07-27T07:08:35,attempted,web
order_0034001363,126774,cust_000332,2026-07-30T15:22:12,paid,pos
order_0034001364,25168,cust_000898,2026-07-22T04:27:00,paid,web
order_0034001365,141232,cust_001239,2026-07-18T05:54:08,paid,pos
order_0034001366,143609,cust_001107,2026-07-27T12:30:40,paid,pos
order_0034001367,55003,cust_000763,2026-07-06T02:18:09,paid,web
order_0034001368,23214,cust_000574,2026-07-08T06:32:40,paid,web
order_0034001369,676968,cust_000947,2026-07-11T11:40:41,attempted,pos
order_0034001370,6814,cust_000750,2026-07-06T00:44:53,attempted,pos
order_0034001371,74395,cust_000552,2026-07-14T10:44:20,paid,pos
order_0034001372,85004,cust_000260,2026-07-02T12:53:16,paid,pos
order_0034001373,81892,cust_000962,2026-07-29T13:31:09,paid,app
order_0034001374,112108,cust_001048,2026-07-29T04:31:45,paid,web
order_0034001375,63672,cust_001116,2026-07-28T08:12:52,paid,web
order_0034001376,140355,cust_000297,2026-07-29T21:29:45,paid,app
order_0034001377,33209,cust_000684,2026-07-18T17:52:53,paid,web
order_0034001378,107895,cust_000079,2026-07-30T02:36:06,paid,pos
order_0034001379,73684,cust_000016,2026-07-20T05:53:57,paid,web
order_0034001380,51678,cust_000744,2026-07-21T03:31:11,paid,pos
order_0034001381,37823,cust_000147,2026-07-11T03:44:02,paid,web
order_0034001382,229280,cust_001144,2026-07-13T11:01:30,paid,web
order_0034001383,1226874,cust_001145,2026-07-26T06:18:00,paid,web
order_0034001384,374966,cust_000548,2026-07-26T04:51:20,paid,app
order_0034001385,79328,cust_000185,2026-07-18T12:31:53,paid,web
order_0034001386,184752,cust_000841,2026-07-13T07:25:01,attempted,pos
order_0034001387,86519,cust_000873,2026-07-09T08:41:01,paid,app
order_0034001388,207903,cust_000836,2026-07-08T02:01:03,paid,web
order_0034001389,44097,cust_000438,2026-07-29T07:54:01,paid,pos
order_0034001390,41297,cust_000295,2026-07-15T10:29:13,attempted,web
order_0034001391,35730,cust_001191,2026-07-24T21:18:32,paid,app
order_0034001392,18049,cust_000276,2026-07-09T13:19:05,paid,app
order_0034001393,128769,cust_000505,2026-07-24T21:47:13,paid,web
order_0034001394,60056,cust_000574,2026-07-28T18:54:08,paid,web
order_0034001395,191325,cust_000620,2026-07-10T09:04:37,paid,web
order_0034001396,78078,cust_000463,2026-07-08T14:09:08,paid,web
order_0034001397,173419,cust_000506,2026-07-13T23:36:51,paid,app
order_0034001398,36532,cust_000634,2026-07-06T23:58:02,paid,web
order_0034001399,110925,cust_001192,2026-07-17T16:22:00,paid,web
order_0034001400,71203,cust_001047,2026-07-30T21:15:00,paid,web
order_0034001401,141036,cust_000729,2026-07-31T20:38:47,paid,web
order_0034001402,185188,cust_000580,2026-07-31T18:43:27,paid,app
order_0034001403,41627,cust_001064,2026-07-23T07:40:01,paid,web
order_0034001404,59101,cust_001147,2026-07-06T07:54:28,attempted,web
order_0034001405,45399,cust_000199,2026-07-31T00:41:02,paid,app
order_0034001406,24519,cust_000618,2026-07-06T16:19:53,paid,web
order_0034001407,332988,cust_000504,2026-07-24T16:31:31,paid,web
order_0034001408,258082,cust_000969,2026-07-10T20:16:28,attempted,web
order_0034001409,24101,cust_001233,2026-07-23T14:46:13,paid,pos
order_0034001410,27435,cust_001321,2026-07-24T10:35:26,paid,app
order_0034001411,34080,cust_000614,2026-07-22T22:51:03,paid,pos
order_0034001412,498390,cust_000988,2026-07-12T15:09:14,paid,pos
order_0034001413,129585,cust_000247,2026-07-09T13:14:22,paid,app
order_0034001414,115092,cust_001003,2026-07-19T13:31:20,paid,app
order_0034001415,20639,cust_000121,2026-07-08T19:31:54,paid,app
order_0034001416,118035,cust_000336,2026-07-05T11:51:18,paid,web
order_0034001417,23584,cust_000572,2026-07-07T19:50:51,paid,web
order_0034001418,163985,cust_000961,2026-07-23T08:00:31,paid,app
order_0034001419,24773,cust_000879,2026-07-19T03:59:12,paid,app
order_0034001420,119730,cust_000657,2026-07-13T05:07:03,paid,pos
order_0034001421,137376,cust_000130,2026-07-21T18:08:52,paid,app
order_0034001422,60690,cust_000640,2026-07-04T18:05:20,paid,app
order_0034001423,19142,cust_001161,2026-07-28T08:36:48,paid,app
order_0034001424,492718,cust_000897,2026-07-19T00:32:23,paid,web
order_0034001425,13291,cust_000841,2026-07-11T15:10:50,paid,web
order_0034001426,16239,cust_000014,2026-07-18T01:44:35,paid,pos
order_0034001427,39732,cust_000215,2026-07-18T13:09:20,paid,web
order_0034001428,146378,cust_000699,2026-07-30T09:31:20,paid,pos
order_0034001429,65821,cust_000516,2026-07-30T17:22:39,paid,web
order_0034001430,28506,cust_000699,2026-07-21T11:13:10,paid,web
order_0034001431,96798,cust_001283,2026-07-29T17:33:54,paid,web
order_0034001432,131485,cust_001045,2026-07-15T07:42:52,paid,web
order_0034001433,120288,cust_001320,2026-07-13T06:23:15,paid,web
order_0034001434,34559,cust_000898,2026-07-01T02:55:22,paid,app
order_0034001435,13819,cust_001039,2026-07-28T21:40:39,paid,app
order_0034001436,38463,cust_000037,2026-07-19T23:17:36,paid,web
order_0034001437,125642,cust_001315,2026-07-14T16:11:50,paid,app
order_0034001438,34097,cust_000761,2026-07-03T20:28:08,paid,app
order_0034001439,87579,cust_000031,2026-07-05T07:12:26,paid,pos
order_0034001440,109604,cust_001267,2026-07-02T08:44:20,paid,pos
order_0034001441,76209,cust_000418,2026-07-12T17:24:31,paid,app
order_0034001442,37041,cust_001038,2026-07-19T18:00:55,paid,web
order_0034001443,26574,cust_000656,2026-07-21T01:29:40,paid,pos
order_0034001444,73342,cust_000560,2026-07-04T16:21:49,paid,app
order_0034001445,96398,cust_000095,2026-07-23T09:32:54,paid,app
order_0034001446,143507,cust_001092,2026-07-04T09:14:23,paid,app
order_0034001447,34123,cust_000388,2026-07-25T05:12:35,paid,web
order_0034001448,20819,cust_001290,2026-07-22T16:10:19,attempted,pos
order_0034001449,57051,cust_001320,2026-07-02T13:39:00,attempted,web
order_0034001450,15946,cust_000125,2026-07-07T02:35:44,paid,pos
order_0034001451,89347,cust_000396,2026-07-27T00:44:22,paid,app
order_0034001452,503999,cust_000596,2026-07-15T11:40:34,attempted,web
order_0034001453,209561,cust_001152,2026-07-12T19:57:02,paid,app
order_0034001454,270322,cust_000149,2026-07-25T02:44:45,attempted,web
order_0034001455,82890,cust_000039,2026-07-02T07:44:15,paid,pos
order_0034001456,70909,cust_000510,2026-07-18T00:28:25,paid,web
order_0034001457,18356,cust_000939,2026-07-02T04:33:24,paid,app
order_0034001458,101918,cust_000029,2026-07-25T16:51:39,paid,pos
order_0034001459,55719,cust_001020,2026-07-10T12:53:05,paid,pos
order_0034001460,237387,cust_000214,2026-07-10T09:07:14,paid,app
order_0034001461,18964,cust_001316,2026-07-08T17:43:34,paid,app
order_0034001462,44097,cust_000515,2026-07-08T10:04:56,paid,web
order_0034001463,29557,cust_000902,2026-07-28T13:58:52,paid,pos
order_0034001464,65540,cust_000250,2026-07-05T07:45:13,paid,app
order_0034001465,279684,cust_000901,2026-07-09T17:59:19,paid,web
order_0034001466,81937,cust_000140,2026-07-15T07:01:16,paid,web
order_0034001467,43295,cust_000823,2026-07-19T08:08:15,paid,pos
order_0034001468,97958,cust_000841,2026-07-05T05:46:16,paid,web
order_0034001469,120811,cust_000322,2026-07-26T22:39:26,paid,app
order_0034001470,270704,cust_000968,2026-07-02T01:35:11,attempted,pos
order_0034001471,58699,cust_000946,2026-07-26T12:09:28,paid,app
order_0034001472,295651,cust_000653,2026-07-07T06:26:45,paid,web
order_0034001473,145267,cust_001305,2026-07-31T06:34:01,paid,app
order_0034001474,22548,cust_001179,2026-07-19T06:43:43,paid,pos
order_0034001475,70340,cust_001311,2026-07-27T03:31:20,paid,web
order_0034001476,117483,cust_000946,2026-07-14T03:44:47,attempted,pos
order_0034001477,126373,cust_000036,2026-07-02T12:49:51,paid,app
order_0034001478,76580,cust_001176,2026-07-08T17:16:35,attempted,app
order_0034001479,111433,cust_000856,2026-07-23T10:39:52,paid,app
order_0034001480,157647,cust_001315,2026-07-01T07:05:53,paid,app
order_0034001481,23549,cust_000792,2026-07-10T21:57:53,paid,web
order_0034001482,69599,cust_000732,2026-07-22T05:26:15,attempted,web
order_0034001483,130524,cust_000338,2026-07-10T05:24:24,paid,app
order_0034001484,16210,cust_000672,2026-07-13T00:35:21,paid,pos
order_0034001485,98704,cust_000515,2026-07-24T02:37:46,paid,pos
order_0034001486,783006,cust_000320,2026-07-13T17:59:46,paid,app
order_0034001487,33368,cust_000800,2026-07-15T23:43:50,paid,web
order_0034001488,143203,cust_000071,2026-07-12T01:28:01,paid,app
order_0034001489,43617,cust_000401,2026-07-15T07:19:09,paid,web
order_0034001490,365300,cust_000103,2026-07-22T06:59:26,paid,web
order_0034001491,60379,cust_000458,2026-07-09T21:29:04,paid,web
order_0034001492,167769,cust_001210,2026-07-14T16:17:02,paid,app
order_0034001493,31463,cust_000088,2026-07-17T07:24:55,paid,web
order_0034001494,28359,cust_000483,2026-07-16T09:53:33,paid,pos
order_0034001495,59939,cust_000858,2026-07-03T00:19:42,paid,web
order_0034001496,51990,cust_000047,2026-07-22T05:30:08,paid,app
order_0034001497,26970,cust_000350,2026-07-12T17:45:20,paid,pos
order_0034001498,295005,cust_000317,2026-07-08T15:34:11,paid,pos
order_0034001499,402949,cust_000076,2026-07-02T08:25:20,paid,web
order_0034001500,152628,cust_000431,2026-07-27T19:28:12,paid,app
order_0034001501,283559,cust_001117,2026-07-25T10:47:27,paid,pos
order_0034001502,56421,cust_001084,2026-07-07T00:08:42,paid,app
order_0034001503,56514,cust_000645,2026-07-25T11:28:24,attempted,web
order_0034001504,24396,cust_001155,2026-07-25T09:20:59,attempted,web
order_0034001505,72408,cust_000384,2026-07-06T08:39:16,paid,web
order_0034001506,50306,cust_000292,2026-07-23T02:25:47,paid,web
order_0034001507,251668,cust_000231,2026-07-11T21:40:04,attempted,web
order_0034001508,47415,cust_000444,2026-07-07T02:11:41,paid,app
order_0034001509,83089,cust_000252,2026-07-14T21:46:35,paid,web
order_0034001510,43713,cust_000694,2026-07-28T16:03:07,paid,pos
order_0034001511,96152,cust_000458,2026-07-25T20:24:39,paid,web
order_0034001512,294449,cust_001207,2026-07-15T18:55:28,paid,pos
order_0034001513,4900,cust_000238,2026-07-18T01:05:51,paid,web
order_0034001514,108690,cust_001128,2026-07-29T03:47:56,paid,web
order_0034001515,88224,cust_000035,2026-07-23T15:24:28,paid,web
order_0034001516,18555,cust_000762,2026-07-19T04:16:40,paid,web
order_0034001517,106597,cust_000496,2026-07-10T15:59:48,paid,pos
order_0034001518,163179,cust_000957,2026-07-21T09:05:58,paid,web
order_0034001519,215796,cust_000391,2026-07-29T06:46:33,paid,app
order_0034001520,51529,cust_000764,2026-07-18T06:59:19,paid,app
order_0034001521,30829,cust_001279,2026-07-28T11:09:43,paid,app
order_0034001522,233285,cust_001270,2026-07-07T05:40:22,paid,web
order_0034001523,47394,cust_000480,2026-07-08T01:06:55,paid,web
order_0034001524,73618,cust_000071,2026-07-06T04:24:17,paid,app
order_0034001525,70150,cust_000126,2026-07-20T20:41:39,paid,web
order_0034001526,27120,cust_000712,2026-07-30T04:09:22,paid,web
order_0034001527,332023,cust_000694,2026-07-14T08:11:58,paid,app
order_0034001528,54728,cust_000555,2026-07-28T20:30:29,paid,app
order_0034001529,186232,cust_000075,2026-07-15T08:15:52,paid,web
order_0034001530,56982,cust_000055,2026-07-26T07:18:53,paid,app
order_0034001531,38788,cust_000460,2026-07-06T10:34:49,paid,app
order_0034001532,10150,cust_000359,2026-07-04T03:59:25,paid,app
order_0034001533,62261,cust_000005,2026-07-18T09:32:55,paid,app
order_0034001534,86703,cust_000583,2026-07-12T19:07:17,paid,app
order_0034001535,10327,cust_000839,2026-07-22T05:47:06,paid,pos
order_0034001536,24341,cust_000457,2026-07-13T05:06:29,attempted,app
order_0034001537,37141,cust_000689,2026-07-06T00:49:37,paid,web
order_0034001538,267302,cust_001316,2026-07-03T02:38:22,paid,pos
order_0034001539,51750,cust_000343,2026-07-29T07:42:35,paid,web
order_0034001540,25654,cust_000406,2026-07-14T09:32:44,paid,pos
order_0034001541,68741,cust_000569,2026-07-22T01:40:08,paid,web
order_0034001542,1468942,cust_001180,2026-07-08T19:46:36,paid,app
order_0034001543,77333,cust_000872,2026-07-08T01:07:25,paid,app
order_0034001544,169138,cust_000934,2026-07-24T03:24:30,paid,app
order_0034001545,121657,cust_000178,2026-07-19T11:27:04,paid,pos
order_0034001546,121117,cust_000052,2026-07-20T07:13:00,paid,app
order_0034001547,59172,cust_000269,2026-07-13T08:25:32,paid,app
order_0034001548,168299,cust_000021,2026-07-27T13:12:33,paid,app
order_0034001549,57064,cust_000625,2026-07-26T14:47:31,paid,app
order_0034001550,556075,cust_000884,2026-07-06T16:16:02,paid,web
order_0034001551,62735,cust_000727,2026-07-13T21:37:42,paid,app
order_0034001552,180102,cust_000082,2026-07-31T15:42:07,paid,web
order_0034001553,415206,cust_000805,2026-07-28T03:13:41,paid,web
order_0034001554,4900,cust_000170,2026-07-15T21:44:31,paid,pos
order_0034001555,109007,cust_000361,2026-07-07T11:09:25,attempted,pos
order_0034001556,63421,cust_000190,2026-07-30T00:14:54,paid,web
order_0034001557,45438,cust_000483,2026-07-11T21:22:14,paid,app
order_0034001558,85117,cust_001178,2026-07-19T08:42:46,paid,web
order_0034001559,29075,cust_000976,2026-07-25T08:45:26,paid,app
order_0034001560,418992,cust_000841,2026-07-08T18:59:26,attempted,pos
order_0034001561,138708,cust_000464,2026-07-23T13:12:50,paid,app
order_0034001562,398510,cust_000815,2026-07-27T07:57:21,paid,pos
order_0034001563,101150,cust_000420,2026-07-22T14:27:47,paid,pos
order_0034001564,166199,cust_000764,2026-07-16T08:24:48,paid,app
order_0034001565,73464,cust_000807,2026-07-22T22:13:27,paid,web
order_0034001566,29690,cust_000208,2026-07-19T07:21:28,paid,app
order_0034001567,19522,cust_000297,2026-07-10T00:49:03,paid,web
order_0034001568,254349,cust_000599,2026-07-10T00:42:12,paid,pos
order_0034001569,17721,cust_000437,2026-07-13T17:57:04,paid,web
order_0034001570,54452,cust_000627,2026-07-16T07:28:38,paid,app
order_0034001571,117658,cust_000076,2026-07-17T12:46:45,attempted,web
order_0034001572,17523,cust_000504,2026-07-13T18:43:01,paid,app
order_0034001573,430200,cust_000467,2026-07-07T03:57:19,paid,web
order_0034001574,18069,cust_001297,2026-07-20T04:38:24,paid,web
order_0034001575,264002,cust_000298,2026-07-24T01:27:47,paid,app
order_0034001576,217293,cust_000778,2026-07-19T08:56:19,paid,web
order_0034001577,34505,cust_000146,2026-07-25T09:34:11,paid,app
order_0034001578,97009,cust_000511,2026-07-09T16:22:58,paid,web
order_0034001579,165838,cust_000867,2026-07-05T11:38:25,paid,web
order_0034001580,10548,cust_001118,2026-07-16T00:25:13,paid,pos
order_0034001581,212862,cust_000001,2026-07-01T18:53:03,paid,web
order_0034001582,336777,cust_000590,2026-07-21T00:42:22,paid,web
order_0034001583,27463,cust_000355,2026-07-06T03:13:18,paid,app
order_0034001584,36845,cust_000711,2026-07-21T00:46:17,paid,web
order_0034001585,16727,cust_000379,2026-07-19T00:23:17,paid,app
order_0034001586,417333,cust_001139,2026-07-03T12:57:50,paid,pos
order_0034001587,173337,cust_000116,2026-07-14T10:42:43,paid,web
order_0034001588,168060,cust_000090,2026-07-10T15:26:47,paid,pos
order_0034001589,682221,cust_000937,2026-07-19T12:01:41,attempted,web
order_0034001590,39832,cust_000847,2026-07-01T09:08:07,paid,app
order_0034001591,248950,cust_000590,2026-07-29T09:35:21,paid,app
order_0034001592,54156,cust_000981,2026-07-27T06:12:32,paid,web
order_0034001593,21805,cust_000510,2026-07-16T04:41:28,paid,app
order_0034001594,59558,cust_000360,2026-07-28T23:12:24,paid,app
order_0034001595,70621,cust_001095,2026-07-24T16:01:47,paid,app
order_0034001596,436185,cust_000865,2026-07-31T06:48:25,paid,app
order_0034001597,92210,cust_000869,2026-07-04T01:11:40,paid,app
order_0034001598,41995,cust_000119,2026-07-04T15:32:30,paid,app
order_0034001599,9393,cust_001266,2026-07-28T06:15:10,paid,web
order_0034001600,70910,cust_000424,2026-07-29T01:22:48,paid,web
order_0034001601,9808,cust_000150,2026-07-30T04:21:23,paid,web
order_0034001602,53187,cust_000336,2026-07-11T14:40:26,paid,web
order_0034001603,31969,cust_000349,2026-07-03T12:45:55,paid,web
order_0034001604,85557,cust_000451,2026-07-06T16:18:23,paid,pos
order_0034001605,124648,cust_001116,2026-07-16T22:58:13,paid,app
order_0034001606,110632,cust_000451,2026-07-08T07:58:11,paid,web
order_0034001607,29366,cust_000418,2026-07-18T12:26:56,paid,pos
order_0034001608,84819,cust_000906,2026-07-30T09:46:32,attempted,web
order_0034001609,50808,cust_000489,2026-07-22T02:12:12,paid,pos
order_0034001610,26924,cust_000024,2026-07-07T15:52:04,paid,app
order_0034001611,111030,cust_000365,2026-07-18T16:22:16,paid,app
order_0034001612,117979,cust_000430,2026-07-25T13:40:39,attempted,pos
order_0034001613,115944,cust_001033,2026-07-08T20:38:24,paid,pos
order_0034001614,325425,cust_000750,2026-07-14T23:47:41,paid,app
order_0034001615,9345,cust_000707,2026-07-26T00:20:51,paid,web
order_0034001616,50262,cust_000976,2026-07-06T19:24:12,paid,app
order_0034001617,116639,cust_000222,2026-07-04T12:45:49,paid,web
order_0034001618,10287,cust_000913,2026-07-04T11:37:06,paid,app
order_0034001619,189399,cust_000174,2026-07-24T09:04:14,paid,web
order_0034001620,62838,cust_001042,2026-07-10T09:33:45,paid,web
order_0034001621,127005,cust_000737,2026-07-29T11:21:21,paid,pos
order_0034001622,79224,cust_001211,2026-07-12T10:17:01,paid,pos
order_0034001623,519002,cust_000686,2026-07-13T08:55:33,paid,web
order_0034001624,20458,cust_000939,2026-07-15T13:30:53,paid,web
order_0034001625,1091867,cust_001283,2026-07-30T09:03:10,paid,web
order_0034001626,41629,cust_000833,2026-07-01T14:57:53,paid,app
order_0034001627,9364,cust_000100,2026-07-19T00:28:49,paid,app
order_0034001628,267172,cust_000286,2026-07-27T13:30:27,paid,pos
order_0034001629,7877,cust_000231,2026-07-02T04:37:15,paid,web
order_0034001630,122404,cust_000013,2026-07-22T07:37:05,paid,pos
order_0034001631,74051,cust_000969,2026-07-28T16:00:58,paid,web
order_0034001632,42513,cust_000084,2026-07-05T01:56:59,attempted,web
order_0034001633,59794,cust_000518,2026-07-06T03:44:28,paid,web
order_0034001634,84554,cust_001274,2026-07-21T23:24:53,paid,app
order_0034001635,126377,cust_000517,2026-07-10T16:29:22,paid,web
order_0034001636,90094,cust_000182,2026-07-24T17:28:03,paid,pos
order_0034001637,88650,cust_000999,2026-07-30T13:28:18,paid,app
order_0034001638,15415,cust_000247,2026-07-16T23:16:48,paid,app
order_0034001639,367206,cust_000270,2026-07-02T18:12:22,paid,app
order_0034001640,23562,cust_000546,2026-07-29T04:33:31,paid,app
order_0034001641,25905,cust_000844,2026-07-30T22:50:54,paid,app
order_0034001642,80440,cust_001085,2026-07-12T07:55:25,paid,web
order_0034001643,109743,cust_000630,2026-07-18T11:31:59,paid,web
order_0034001644,193764,cust_000561,2026-07-08T12:32:15,paid,pos
order_0034001645,47458,cust_000169,2026-07-22T05:23:21,paid,app
order_0034001646,787560,cust_001021,2026-07-21T00:00:04,paid,pos
order_0034001647,106276,cust_000774,2026-07-11T20:27:21,paid,web
order_0034001648,313468,cust_000633,2026-07-14T05:04:06,paid,web
order_0034001649,181477,cust_001057,2026-07-05T13:36:16,paid,app
order_0034001650,28332,cust_000522,2026-07-06T16:09:42,paid,web
order_0034001651,550414,cust_000118,2026-07-14T02:21:47,paid,pos
order_0034001652,76023,cust_000644,2026-07-21T13:54:52,paid,pos
order_0034001653,64145,cust_001006,2026-07-01T13:47:17,paid,web
order_0034001654,27743,cust_000188,2026-07-19T23:29:50,paid,app
order_0034001655,18560,cust_000806,2026-07-15T01:17:52,paid,web
order_0034001656,74306,cust_000922,2026-07-12T10:53:34,paid,web
order_0034001657,146785,cust_000751,2026-07-11T00:33:40,paid,web
order_0034001658,95282,cust_001076,2026-07-07T00:33:31,paid,web
order_0034001659,446496,cust_000095,2026-07-17T13:11:08,paid,pos
order_0034001660,24834,cust_001281,2026-07-24T14:22:07,attempted,pos
order_0034001661,761666,cust_000575,2026-07-13T15:48:30,paid,pos
order_0034001662,36951,cust_000668,2026-07-29T17:12:11,paid,web
order_0034001663,308850,cust_000612,2026-07-04T14:58:28,paid,pos
order_0034001664,4900,cust_000247,2026-07-19T06:05:46,paid,app
order_0034001665,12971,cust_000866,2026-07-25T22:37:52,paid,app
order_0034001666,100620,cust_000080,2026-07-30T09:21:12,paid,web
order_0034001667,61066,cust_000954,2026-07-03T18:02:55,paid,web
order_0034001668,35973,cust_001252,2026-07-23T19:09:08,paid,pos
order_0034001669,52267,cust_000814,2026-07-06T13:50:27,paid,pos
order_0034001670,36885,cust_000310,2026-07-31T07:20:13,paid,web
order_0034001671,70241,cust_001228,2026-07-21T08:19:18,paid,web
order_0034001672,62628,cust_001171,2026-07-11T15:19:51,paid,app
order_0034001673,142137,cust_000747,2026-07-13T14:34:40,paid,web
order_0034001674,73199,cust_000470,2026-07-22T01:36:24,paid,web
order_0034001675,148435,cust_000361,2026-07-25T03:42:18,paid,app
order_0034001676,148289,cust_000413,2026-07-09T13:25:33,paid,app
order_0034001677,49942,cust_000721,2026-07-02T05:42:52,paid,web
order_0034001678,135433,cust_001292,2026-07-30T08:21:43,paid,web
order_0034001679,14115,cust_000086,2026-07-14T05:56:03,paid,app
order_0034001680,66137,cust_001098,2026-07-18T04:34:04,paid,web
order_0034001681,114652,cust_000246,2026-07-08T00:06:25,paid,app
order_0034001682,15882,cust_000190,2026-07-03T07:15:07,paid,app
order_0034001683,63644,cust_001226,2026-07-06T00:52:07,paid,app
order_0034001684,221160,cust_000966,2026-07-28T04:44:50,paid,pos
order_0034001685,57866,cust_001283,2026-07-14T12:13:30,attempted,pos
order_0034001686,625353,cust_000604,2026-07-25T23:28:23,attempted,web
order_0034001687,132330,cust_000481,2026-07-27T03:11:45,paid,web
order_0034001688,86383,cust_000086,2026-07-12T02:22:22,paid,web
order_0034001689,20224,cust_000554,2026-07-11T21:32:52,paid,app
order_0034001690,142073,cust_000894,2026-07-23T05:51:08,paid,pos
order_0034001691,110459,cust_000624,2026-07-09T17:11:14,attempted,web
order_0034001692,111543,cust_001030,2026-07-27T14:01:39,paid,pos
order_0034001693,16603,cust_000107,2026-07-20T06:27:52,paid,web
order_0034001694,152765,cust_001290,2026-07-02T08:45:19,paid,app
order_0034001695,72659,cust_000364,2026-07-25T18:36:37,paid,web
order_0034001696,275544,cust_000218,2026-07-14T07:03:48,paid,app
order_0034001697,102748,cust_000588,2026-07-04T15:58:50,paid,app
order_0034001698,370577,cust_000089,2026-07-20T06:26:49,attempted,pos
order_0034001699,25655,cust_001306,2026-07-18T00:19:19,paid,web
order_0034001700,31957,cust_000240,2026-07-26T06:43:35,paid,app
order_0034001701,179261,cust_001264,2026-07-30T07:21:45,paid,app
order_0034001702,419590,cust_000600,2026-07-05T18:07:41,paid,web
order_0034001703,37156,cust_000414,2026-07-28T16:53:46,paid,web
order_0034001704,64932,cust_000229,2026-07-28T13:10:23,paid,web
order_0034001705,6242,cust_000407,2026-07-13T15:25:18,paid,app
order_0034001706,53515,cust_001039,2026-07-07T17:53:13,paid,app
order_0034001707,117620,cust_000242,2026-07-13T15:05:03,paid,web
order_0034001708,45422,cust_000123,2026-07-06T07:17:55,paid,web
order_0034001709,147029,cust_001270,2026-07-13T11:26:52,paid,web
order_0034001710,662376,cust_000310,2026-07-01T04:57:00,paid,app
order_0034001711,243373,cust_000640,2026-07-30T01:53:09,paid,web
order_0034001712,125216,cust_001210,2026-07-12T10:22:18,paid,pos
order_0034001713,66194,cust_000527,2026-07-03T09:44:42,paid,pos
order_0034001714,44964,cust_001016,2026-07-20T14:52:34,paid,web
order_0034001715,43094,cust_001024,2026-07-05T11:47:30,paid,app
order_0034001716,88844,cust_000038,2026-07-13T21:20:41,paid,app
order_0034001717,18123,cust_001186,2026-07-21T07:38:53,paid,app
order_0034001718,40589,cust_000992,2026-07-31T16:52:33,attempted,web
order_0034001719,32296,cust_000402,2026-07-14T20:44:20,paid,app
order_0034001720,45398,cust_000031,2026-07-18T00:53:52,attempted,pos
order_0034001721,39050,cust_000463,2026-07-15T15:09:29,paid,web
order_0034001722,56404,cust_001129,2026-07-28T22:48:38,paid,web
order_0034001723,52131,cust_001132,2026-07-10T13:54:55,paid,web
order_0034001724,128619,cust_001207,2026-07-18T03:31:02,paid,web
order_0034001725,170483,cust_000201,2026-07-07T06:46:16,paid,web
order_0034001726,22473,cust_000530,2026-07-27T16:50:08,paid,pos
order_0034001727,64176,cust_000617,2026-07-12T04:56:36,paid,app
order_0034001728,21602,cust_001052,2026-07-17T13:55:42,paid,app
order_0034001729,58622,cust_000560,2026-07-10T21:00:40,paid,app
order_0034001730,197749,cust_000158,2026-07-07T10:01:34,paid,web
order_0034001731,36207,cust_001123,2026-07-31T22:29:31,paid,web
order_0034001732,104258,cust_001270,2026-07-18T10:33:47,paid,web
order_0034001733,85833,cust_000295,2026-07-04T01:35:23,paid,web
order_0034001734,215172,cust_000157,2026-07-27T07:55:34,paid,app
order_0034001735,27973,cust_000873,2026-07-28T07:32:27,paid,web
order_0034001736,81197,cust_000685,2026-07-12T22:28:26,paid,pos
order_0034001737,32248,cust_001244,2026-07-16T19:01:01,paid,app
order_0034001738,25404,cust_000106,2026-07-17T07:53:53,attempted,pos
order_0034001739,73195,cust_000580,2026-07-22T21:12:14,paid,web
order_0034001740,352286,cust_000056,2026-07-10T11:15:35,paid,web
order_0034001741,45035,cust_001320,2026-07-27T13:16:58,paid,app
order_0034001742,55628,cust_000821,2026-07-26T14:31:34,paid,web
order_0034001743,767071,cust_001028,2026-07-09T00:48:47,paid,web
order_0034001744,51853,cust_001012,2026-07-24T02:11:52,paid,app
order_0034001745,213840,cust_000324,2026-07-03T02:19:27,attempted,pos
order_0034001746,58011,cust_000877,2026-07-08T04:45:42,paid,web
order_0034001747,243851,cust_001189,2026-07-17T13:26:52,paid,app
order_0034001748,75489,cust_000875,2026-07-12T06:23:18,paid,pos
order_0034001749,51405,cust_000763,2026-07-20T23:34:19,paid,app
order_0034001750,55930,cust_000429,2026-07-12T01:16:51,paid,web
order_0034001751,114314,cust_000317,2026-07-14T02:29:41,paid,web
order_0034001752,239132,cust_001014,2026-07-07T00:28:11,attempted,app
order_0034001753,62047,cust_000788,2026-07-01T10:21:29,paid,web
order_0034001754,122184,cust_001176,2026-07-14T20:38:59,paid,web
order_0034001755,21030,cust_000927,2026-07-25T06:54:04,paid,app
order_0034001756,81729,cust_000282,2026-07-05T00:12:10,paid,app
order_0034001757,18539,cust_001066,2026-07-21T04:34:01,paid,app
order_0034001758,18849,cust_000791,2026-07-08T21:31:30,paid,web
order_0034001759,31859,cust_000869,2026-07-27T22:51:26,paid,web
order_0034001760,28981,cust_000082,2026-07-30T17:19:37,attempted,pos
order_0034001761,397193,cust_000150,2026-07-20T18:11:36,paid,app
order_0034001762,19952,cust_000376,2026-07-19T13:16:42,paid,app
order_0034001763,30904,cust_000506,2026-07-20T02:04:28,paid,app
order_0034001764,154111,cust_000720,2026-07-14T10:33:43,paid,pos
order_0034001765,13416,cust_001321,2026-07-13T15:40:03,paid,pos
order_0034001766,96336,cust_001045,2026-07-26T05:31:26,paid,web
order_0034001767,51831,cust_000341,2026-07-01T06:27:05,paid,web
order_0034001768,86369,cust_000314,2026-07-07T03:56:10,paid,web
order_0034001769,78225,cust_000801,2026-07-27T20:36:14,paid,app
order_0034001770,301235,cust_001016,2026-07-08T12:41:53,paid,pos
order_0034001771,127357,cust_000171,2026-07-29T05:08:40,paid,web
order_0034001772,57891,cust_000038,2026-07-15T21:54:16,paid,web
order_0034001773,236748,cust_000904,2026-07-21T07:06:34,paid,app
order_0034001774,48549,cust_000860,2026-07-26T02:40:53,paid,pos
order_0034001775,99710,cust_000151,2026-07-17T03:34:04,paid,web
order_0034001776,56190,cust_000362,2026-07-14T02:17:46,paid,app
order_0034001777,35808,cust_000369,2026-07-12T06:04:24,paid,app
order_0034001778,47812,cust_000517,2026-07-10T09:56:18,paid,web
order_0034001779,71639,cust_000527,2026-07-24T14:12:02,attempted,web
order_0034001780,47531,cust_000837,2026-07-12T00:26:09,paid,app
order_0034001781,215734,cust_001257,2026-07-06T11:39:18,attempted,pos
order_0034001782,53369,cust_000163,2026-07-17T02:55:22,paid,app
order_0034001783,43444,cust_000988,2026-07-10T14:13:43,paid,app
order_0034001784,27853,cust_000052,2026-07-06T06:50:36,paid,web
order_0034001785,122234,cust_000099,2026-07-15T19:38:02,paid,pos
order_0034001786,34842,cust_001068,2026-07-13T17:08:54,attempted,web
order_0034001787,33522,cust_001270,2026-07-23T19:21:35,paid,pos
order_0034001788,188437,cust_000593,2026-07-21T17:48:43,attempted,app
order_0034001789,33352,cust_000358,2026-07-07T00:31:59,paid,web
order_0034001790,133394,cust_000826,2026-07-23T00:19:10,attempted,web
order_0034001791,67164,cust_000873,2026-07-20T04:01:27,paid,app
order_0034001792,30914,cust_001202,2026-07-19T23:27:59,paid,pos
order_0034001793,295311,cust_000180,2026-07-19T05:10:49,paid,web
order_0034001794,55467,cust_000467,2026-07-05T08:01:10,paid,app
order_0034001795,18420,cust_000763,2026-07-03T18:15:24,paid,web
order_0034001796,225045,cust_000610,2026-07-15T10:54:02,paid,app
order_0034001797,31888,cust_001273,2026-07-11T12:32:58,attempted,web
order_0034001798,125706,cust_000491,2026-07-07T06:36:51,paid,app
order_0034001799,22504,cust_000679,2026-07-31T08:26:31,paid,app
order_0034001800,80363,cust_000415,2026-07-07T11:58:03,paid,web
order_0034001801,97012,cust_001221,2026-07-21T08:13:22,paid,pos
order_0034001802,36551,cust_000923,2026-07-15T21:06:51,paid,web
order_0034001803,795125,cust_000240,2026-07-28T23:17:17,attempted,web
order_0034001804,42660,cust_000676,2026-07-25T16:08:21,paid,app
order_0034001805,63346,cust_000222,2026-07-03T08:20:17,paid,app
order_0034001806,63330,cust_000172,2026-07-24T13:03:15,paid,app
order_0034001807,36649,cust_000284,2026-07-16T10:31:40,paid,web
order_0034001808,171293,cust_000693,2026-07-04T16:55:33,paid,pos
order_0034001809,77553,cust_001321,2026-07-21T16:53:46,paid,web
order_0034001810,55677,cust_000859,2026-07-28T19:03:01,paid,web
order_0034001811,35864,cust_000902,2026-07-02T00:13:09,paid,app
order_0034001812,65565,cust_000500,2026-07-08T18:45:59,attempted,web
order_0034001813,6488,cust_001197,2026-07-16T11:56:44,paid,app
order_0034001814,150139,cust_001178,2026-07-13T10:44:21,paid,pos
order_0034001815,31056,cust_000420,2026-07-04T13:30:40,paid,app
order_0034001816,82206,cust_000281,2026-07-05T15:29:50,paid,web
order_0034001817,93401,cust_000013,2026-07-28T17:16:24,paid,web
order_0034001818,274333,cust_000982,2026-07-27T08:16:49,paid,app
order_0034001819,86267,cust_001056,2026-07-22T02:58:57,paid,pos
order_0034001820,124409,cust_000223,2026-07-02T19:50:41,paid,app
order_0034001821,29989,cust_000941,2026-07-13T10:02:08,paid,pos
order_0034001822,110451,cust_001203,2026-07-30T00:17:13,paid,web
order_0034001823,116683,cust_001293,2026-07-19T13:14:28,paid,app
order_0034001824,88463,cust_000807,2026-07-12T10:16:13,paid,app
order_0034001825,163047,cust_000943,2026-07-04T00:34:22,paid,app
order_0034001826,125466,cust_001242,2026-07-18T12:18:09,paid,web
order_0034001827,129699,cust_000304,2026-07-20T12:03:55,paid,web
order_0034001828,131490,cust_000635,2026-07-01T18:06:04,paid,pos
order_0034001829,196492,cust_000124,2026-07-15T16:07:42,paid,web
order_0034001830,9355,cust_000565,2026-07-15T05:04:35,paid,app
order_0034001831,102824,cust_001188,2026-07-17T00:05:46,paid,app
order_0034001832,44723,cust_000321,2026-07-26T19:11:47,paid,web
order_0034001833,150922,cust_000059,2026-07-01T02:56:22,paid,web
order_0034001834,51171,cust_000427,2026-07-17T14:30:49,paid,web
order_0034001835,19456,cust_000398,2026-07-12T20:14:58,paid,app
order_0034001836,99196,cust_000258,2026-07-09T05:03:20,paid,web
order_0034001837,114046,cust_000818,2026-07-10T14:44:33,attempted,app
order_0034001838,78374,cust_001329,2026-07-07T20:36:24,paid,pos
order_0034001839,73241,cust_000296,2026-07-24T11:02:21,paid,pos
order_0034001840,447264,cust_000030,2026-07-07T20:21:15,paid,pos
order_0034001841,138821,cust_001220,2026-07-29T06:35:31,paid,app
order_0034001842,27272,cust_001076,2026-07-08T14:05:16,paid,app
order_0034001843,49726,cust_000743,2026-07-15T18:04:25,attempted,pos
order_0034001844,221240,cust_000998,2026-07-17T19:15:16,paid,web
order_0034001845,116994,cust_000092,2026-07-11T22:40:31,paid,web
order_0034001846,26375,cust_000907,2026-07-10T17:35:51,paid,web
order_0034001847,37936,cust_000811,2026-07-09T07:40:10,paid,pos
order_0034001848,123269,cust_001218,2026-07-28T05:09:33,paid,web
order_0034001849,100118,cust_000488,2026-07-23T21:54:08,paid,pos
order_0034001850,10198,cust_001012,2026-07-09T13:15:06,paid,web
order_0034001851,80865,cust_000413,2026-07-03T02:51:06,attempted,pos
order_0034001852,215918,cust_000994,2026-07-19T15:35:55,paid,app
order_0034001853,332312,cust_000665,2026-07-30T10:59:11,paid,web
order_0034001854,17677,cust_001275,2026-07-20T13:29:43,paid,pos
order_0034001855,174423,cust_001211,2026-07-14T07:38:42,paid,pos
order_0034001856,54823,cust_001186,2026-07-07T17:03:31,paid,pos
order_0034001857,4900,cust_000592,2026-07-11T16:40:22,paid,pos
order_0034001858,287334,cust_000014,2026-07-07T14:22:15,paid,web
order_0034001859,123617,cust_000405,2026-07-11T21:36:06,paid,pos
order_0034001860,12988,cust_001284,2026-07-15T09:47:21,paid,app
order_0034001861,33456,cust_001236,2026-07-02T09:59:58,paid,web
order_0034001862,185862,cust_000250,2026-07-06T05:22:29,attempted,pos
order_0034001863,56595,cust_000738,2026-07-18T15:01:13,paid,web
order_0034001864,50726,cust_000773,2026-07-23T11:41:10,paid,pos
order_0034001865,21145,cust_000725,2026-07-10T23:09:47,paid,web
order_0034001866,38705,cust_000393,2026-07-09T17:06:51,paid,web
order_0034001867,27436,cust_001044,2026-07-27T02:23:16,paid,web
order_0034001868,205411,cust_000543,2026-07-01T15:25:06,paid,app
order_0034001869,103749,cust_000584,2026-07-07T15:17:59,paid,web
order_0034001870,22181,cust_000518,2026-07-16T08:59:11,attempted,web
order_0034001871,157826,cust_000150,2026-07-03T14:52:24,paid,web
order_0034001872,87200,cust_001059,2026-07-16T17:33:12,paid,pos
order_0034001873,142873,cust_001211,2026-07-09T22:39:26,paid,pos
order_0034001874,188368,cust_000795,2026-07-19T17:57:54,paid,web
order_0034001875,110543,cust_001137,2026-07-26T13:12:17,paid,web
order_0034001876,87018,cust_001093,2026-07-31T01:26:06,paid,app
order_0034001877,279163,cust_001081,2026-07-06T13:49:06,paid,app
order_0034001878,48419,cust_000349,2026-07-31T08:18:44,paid,pos
order_0034001879,26911,cust_000573,2026-07-19T00:11:16,paid,app
order_0034001880,130383,cust_000644,2026-07-12T12:44:56,paid,web
order_0034001881,168607,cust_000444,2026-07-16T04:38:25,attempted,web
order_0034001882,88099,cust_001114,2026-07-19T01:18:18,paid,pos
order_0034001883,134623,cust_000173,2026-07-14T15:16:28,paid,app
order_0034001884,65305,cust_000845,2026-07-08T17:05:48,attempted,app
order_0034001885,81938,cust_000111,2026-07-13T20:24:07,paid,app
order_0034001886,27048,cust_000439,2026-07-18T20:36:29,paid,app
order_0034001887,66368,cust_001224,2026-07-17T00:03:29,paid,app
order_0034001888,44249,cust_000668,2026-07-07T07:47:49,paid,app
order_0034001889,122989,cust_000620,2026-07-02T14:20:15,paid,app
order_0034001890,4900,cust_000976,2026-07-31T00:08:57,paid,pos
order_0034001891,42574,cust_001326,2026-07-04T23:00:48,paid,web
order_0034001892,96081,cust_001240,2026-07-10T18:01:14,paid,app
order_0034001893,60897,cust_000960,2026-07-09T01:22:56,paid,web
order_0034001894,70737,cust_001136,2026-07-16T16:21:57,paid,app
order_0034001895,252652,cust_000080,2026-07-19T20:10:36,paid,web
order_0034001896,86209,cust_000118,2026-07-20T05:41:12,attempted,app
order_0034001897,153618,cust_001019,2026-07-20T18:58:44,paid,app
order_0034001898,19193,cust_000198,2026-07-01T18:35:27,attempted,app
order_0034001899,225670,cust_000113,2026-07-18T22:30:02,paid,pos
order_0034001900,178244,cust_000476,2026-07-06T22:44:42,paid,pos
order_0034001901,138297,cust_000552,2026-07-26T06:10:07,paid,web
order_0034001902,62284,cust_000952,2026-07-25T09:58:12,paid,app
order_0034001903,121336,cust_000088,2026-07-19T22:13:22,paid,web
order_0034001904,30246,cust_001235,2026-07-02T04:40:51,paid,web
order_0034001905,60728,cust_000345,2026-07-29T02:36:42,paid,app
order_0034001906,127593,cust_000878,2026-07-21T07:14:18,paid,pos
order_0034001907,458949,cust_001129,2026-07-13T13:39:30,paid,web
order_0034001908,30958,cust_001171,2026-07-13T11:23:36,paid,web
order_0034001909,17766,cust_000985,2026-07-01T15:21:09,paid,web
order_0034001910,84709,cust_000766,2026-07-09T19:40:14,paid,pos
order_0034001911,26855,cust_000740,2026-07-10T15:06:12,paid,web
order_0034001912,33524,cust_000691,2026-07-25T08:56:58,paid,web
order_0034001913,310539,cust_000903,2026-07-02T11:07:21,paid,web
order_0034001914,10870,cust_000823,2026-07-10T16:43:59,paid,app
order_0034001915,201562,cust_000617,2026-07-02T15:23:11,paid,pos
order_0034001916,28902,cust_000761,2026-07-27T18:00:56,paid,web
order_0034001917,94577,cust_000620,2026-07-24T18:22:00,paid,app
order_0034001918,20974,cust_000294,2026-07-11T18:53:10,paid,app
order_0034001919,57920,cust_000195,2026-07-29T21:14:18,paid,app
order_0034001920,19307,cust_000293,2026-07-10T12:34:26,paid,pos
order_0034001921,178295,cust_000495,2026-07-03T14:44:00,paid,pos
order_0034001922,61794,cust_000829,2026-07-31T02:53:17,paid,web
order_0034001923,131428,cust_000288,2026-07-01T03:37:27,paid,app
order_0034001924,245103,cust_001067,2026-07-20T08:33:54,paid,app
order_0034001925,57088,cust_000421,2026-07-25T20:07:16,paid,web
order_0034001926,52579,cust_000011,2026-07-10T17:10:16,paid,web
order_0034001927,117017,cust_000990,2026-07-20T18:35:18,paid,app
order_0034001928,154828,cust_001308,2026-07-25T05:20:13,paid,app
order_0034001929,66541,cust_000617,2026-07-25T11:19:55,paid,pos
order_0034001930,55211,cust_000048,2026-07-13T20:59:54,paid,app
order_0034001931,8286,cust_000929,2026-07-29T02:48:29,paid,app
order_0034001932,78137,cust_000886,2026-07-28T19:44:11,paid,web
order_0034001933,81420,cust_000524,2026-07-13T12:19:29,paid,web
order_0034001934,29724,cust_000934,2026-07-16T23:04:19,paid,web
order_0034001935,34877,cust_000957,2026-07-26T16:14:15,paid,web
order_0034001936,44673,cust_001077,2026-07-29T03:57:49,attempted,web
order_0034001937,41470,cust_000257,2026-07-04T17:37:53,paid,app
order_0034001938,124093,cust_000507,2026-07-29T21:27:52,paid,web
order_0034001939,165645,cust_000577,2026-07-05T04:06:14,paid,web
order_0034001940,104740,cust_001233,2026-07-07T22:37:01,paid,app
order_0034001941,28273,cust_000603,2026-07-09T14:41:45,attempted,app
order_0034001942,68690,cust_000661,2026-07-09T07:46:38,paid,pos
order_0034001943,25929,cust_000519,2026-07-11T03:54:50,attempted,web
order_0034001944,38097,cust_000026,2026-07-28T16:19:07,paid,pos
order_0034001945,29581,cust_000537,2026-07-15T21:51:54,paid,app
order_0034001946,47266,cust_000543,2026-07-29T00:15:51,attempted,pos
order_0034001947,19328,cust_000355,2026-07-04T06:16:03,paid,web
order_0034001948,138808,cust_000613,2026-07-27T12:58:49,paid,app
order_0034001949,46016,cust_000977,2026-07-13T20:23:57,paid,app
order_0034001950,631595,cust_000250,2026-07-17T13:16:11,paid,pos
order_0034001951,8398,cust_000652,2026-07-04T05:30:31,paid,pos
order_0034001952,148082,cust_000506,2026-07-22T02:09:37,paid,pos
order_0034001953,162456,cust_000875,2026-07-16T18:09:26,paid,web
order_0034001954,27790,cust_000565,2026-07-31T05:40:16,paid,app
order_0034001955,258844,cust_000601,2026-07-26T23:33:14,paid,pos
order_0034001956,496952,cust_000667,2026-07-14T11:11:52,paid,app
order_0034001957,75400,cust_000319,2026-07-19T01:26:26,paid,pos
order_0034001958,60294,cust_001289,2026-07-15T21:02:39,paid,pos
order_0034001959,20645,cust_001033,2026-07-11T04:06:07,paid,pos
order_0034001960,143827,cust_000667,2026-07-09T07:29:03,attempted,web
order_0034001961,33519,cust_000703,2026-07-26T21:30:39,paid,web
order_0034001962,86248,cust_000993,2026-07-30T18:45:30,paid,app
order_0034001963,25182,cust_001239,2026-07-10T19:15:34,paid,web
order_0034001964,86216,cust_000380,2026-07-23T23:09:11,paid,app
order_0034001965,101237,cust_000469,2026-07-12T03:06:08,paid,web
order_0034001966,70261,cust_000435,2026-07-11T07:08:17,paid,web
order_0034001967,143377,cust_000762,2026-07-20T06:59:03,paid,app
order_0034001968,136330,cust_000371,2026-07-14T19:07:05,attempted,app
order_0034001969,21820,cust_000437,2026-07-30T12:08:16,paid,pos
order_0034001970,36703,cust_000100,2026-07-29T00:46:06,paid,app
order_0034001971,90218,cust_000499,2026-07-19T23:15:02,paid,app
order_0034001972,87240,cust_000966,2026-07-15T01:04:37,paid,web
order_0034001973,121431,cust_001041,2026-07-03T01:58:20,attempted,app
order_0034001974,49198,cust_000720,2026-07-25T18:08:00,paid,web
order_0034001975,443126,cust_001297,2026-07-09T03:51:03,paid,pos
order_0034001976,84961,cust_000741,2026-07-15T00:54:34,paid,app
order_0034001977,149464,cust_000355,2026-07-11T01:19:35,paid,web
order_0034001978,21815,cust_000511,2026-07-11T01:55:42,paid,pos
order_0034001979,131866,cust_000360,2026-07-22T05:31:41,attempted,web
order_0034001980,148977,cust_000115,2026-07-24T03:49:57,paid,web
order_0034001981,53860,cust_001028,2026-07-25T22:48:30,paid,web
order_0034001982,210473,cust_000252,2026-07-21T03:14:45,attempted,web
order_0034001983,500615,cust_000774,2026-07-18T21:23:54,paid,web
order_0034001984,480676,cust_000990,2026-07-21T20:33:11,paid,app
order_0034001985,105340,cust_000087,2026-07-17T15:52:42,paid,app
order_0034001986,24242,cust_000953,2026-07-14T07:16:58,paid,app
order_0034001987,126530,cust_000109,2026-07-29T23:49:11,attempted,web
order_0034001988,44830,cust_000652,2026-07-14T12:14:50,paid,app
order_0034001989,95397,cust_000128,2026-07-18T12:25:56,paid,web
order_0034001990,111819,cust_000608,2026-07-03T23:04:35,paid,web
order_0034001991,1020182,cust_000155,2026-07-01T06:59:06,paid,app
order_0034001992,80457,cust_000096,2026-07-14T07:09:56,paid,app
order_0034001993,15881,cust_000819,2026-07-17T08:45:42,paid,web
order_0034001994,87216,cust_000102,2026-07-12T01:26:53,paid,web
order_0034001995,30619,cust_000169,2026-07-05T10:41:13,paid,web
order_0034001996,34407,cust_000691,2026-07-24T00:04:30,paid,app
order_0034001997,14598,cust_000785,2026-07-02T07:09:21,paid,pos
order_0034001998,34613,cust_001306,2026-07-19T23:14:26,paid,web
order_0034001999,98073,cust_000614,2026-07-07T10:11:15,paid,pos
order_0034002000,110230,cust_000151,2026-07-02T02:36:34,paid,pos
order_0034002001,117258,cust_000710,2026-07-24T21:40:00,attempted,app
order_0034002002,105985,cust_000002,2026-07-28T17:11:03,paid,app
order_0034002003,142235,cust_000929,2026-07-21T02:00:54,paid,pos
order_0034002004,53698,cust_000148,2026-07-24T14:15:44,paid,app
order_0034002005,124806,cust_000325,2026-07-14T07:53:48,attempted,app
order_0034002006,155892,cust_000614,2026-07-03T18:29:03,attempted,app
order_0034002007,47418,cust_000499,2026-07-09T12:38:38,paid,app
order_0034002008,49800,cust_000398,2026-07-30T22:58:16,paid,app
order_0034002009,42670,cust_000516,2026-07-18T10:37:56,paid,app
order_0034002010,527193,cust_000604,2026-07-29T23:21:26,paid,app
order_0034002011,40788,cust_000433,2026-07-26T03:05:26,paid,pos
order_0034002012,76117,cust_000038,2026-07-28T21:11:22,paid,pos
order_0034002013,134533,cust_001235,2026-07-06T17:31:21,paid,pos
order_0034002014,374397,cust_000383,2026-07-22T19:37:49,paid,app
order_0034002015,124728,cust_000244,2026-07-05T15:13:13,paid,web
order_0034002016,171658,cust_000270,2026-07-12T03:01:43,paid,app
order_0034002017,226000,cust_000371,2026-07-08T18:42:53,paid,web
order_0034002018,32746,cust_000236,2026-07-11T10:46:47,paid,app
order_0034002019,92834,cust_000159,2026-07-16T18:14:07,paid,app
order_0034002020,101573,cust_001119,2026-07-27T00:59:32,paid,web
order_0034002021,46097,cust_000355,2026-07-03T11:02:37,paid,app
order_0034002022,142804,cust_000339,2026-07-03T05:45:16,paid,pos
order_0034002023,72160,cust_000229,2026-07-05T19:42:38,paid,app
order_0034002024,44842,cust_000308,2026-07-26T18:52:21,paid,web
order_0034002025,18700,cust_000091,2026-07-22T15:24:28,paid,pos
order_0034002026,795486,cust_001218,2026-07-16T13:06:24,paid,pos
order_0034002027,64522,cust_000411,2026-07-15T02:19:47,paid,app
order_0034002028,106952,cust_000966,2026-07-15T02:10:23,paid,pos
order_0034002029,52156,cust_001063,2026-07-02T20:19:27,paid,pos
order_0034002030,22971,cust_001013,2026-07-26T18:22:15,paid,app
order_0034002031,10433,cust_001215,2026-07-02T18:19:47,attempted,app
order_0034002032,88023,cust_001192,2026-07-20T23:14:49,paid,web
order_0034002033,55160,cust_000655,2026-07-31T08:13:13,attempted,web
order_0034002034,161758,cust_000021,2026-07-13T21:27:45,paid,pos
order_0034002035,22005,cust_000061,2026-07-17T08:10:43,paid,pos
order_0034002036,67996,cust_000559,2026-07-15T04:01:06,attempted,app
order_0034002037,22043,cust_000660,2026-07-05T08:51:12,paid,app
order_0034002038,7010,cust_000572,2026-07-21T12:49:02,paid,web
order_0034002039,95310,cust_000936,2026-07-26T23:22:51,paid,pos
order_0034002040,81486,cust_000205,2026-07-29T11:56:44,paid,app
order_0034002041,185240,cust_000213,2026-07-03T02:50:09,attempted,app
order_0034002042,86980,cust_001128,2026-07-24T14:15:23,paid,app
order_0034002043,82480,cust_001290,2026-07-03T07:12:51,paid,app
order_0034002044,32211,cust_001206,2026-07-15T16:27:30,paid,app
order_0034002045,108343,cust_000042,2026-07-12T21:56:39,attempted,app
order_0034002046,87846,cust_001225,2026-07-06T15:42:34,paid,app
order_0034002047,165329,cust_000638,2026-07-24T04:23:58,paid,app
order_0034002048,39241,cust_000393,2026-07-06T21:08:38,paid,web
order_0034002049,47818,cust_000817,2026-07-10T00:38:15,paid,app
order_0034002050,43952,cust_000346,2026-07-13T23:39:13,paid,web
order_0034002051,409769,cust_000026,2026-07-23T09:38:38,paid,pos
order_0034002052,35162,cust_000272,2026-07-22T12:51:11,paid,web
order_0034002053,28819,cust_000070,2026-07-01T21:26:47,paid,web
order_0034002054,31072,cust_001082,2026-07-11T23:27:38,paid,app
order_0034002055,219441,cust_000705,2026-07-15T01:50:44,paid,app
order_0034002056,248358,cust_000564,2026-07-13T00:41:09,paid,web
order_0034002057,48145,cust_001022,2026-07-16T16:50:29,paid,web
order_0034002058,26105,cust_001268,2026-07-09T17:18:05,paid,pos
order_0034002059,38940,cust_001233,2026-07-24T20:08:12,paid,app
order_0034002060,83321,cust_000730,2026-07-12T21:10:28,paid,app
order_0034002061,230355,cust_000220,2026-07-04T00:59:17,paid,pos
order_0034002062,170109,cust_000210,2026-07-31T09:52:59,attempted,web
order_0034002063,33277,cust_000959,2026-07-01T14:12:55,paid,app
order_0034002064,27564,cust_000626,2026-07-20T22:47:06,paid,app
order_0034002065,169246,cust_000848,2026-07-10T04:54:39,paid,web
order_0034002066,41666,cust_000653,2026-07-14T20:55:07,paid,app
order_0034002067,41973,cust_000199,2026-07-03T02:46:56,paid,web
order_0034002068,103011,cust_000648,2026-07-16T17:50:31,paid,app
order_0034002069,48586,cust_001042,2026-07-22T08:32:13,paid,pos
order_0034002070,153661,cust_001002,2026-07-28T17:04:38,attempted,app
order_0034002071,61172,cust_000209,2026-07-05T15:47:14,attempted,web
order_0034002072,83213,cust_000011,2026-07-14T05:25:20,paid,app
order_0034002073,60237,cust_001133,2026-07-03T07:33:26,paid,app
order_0034002074,53663,cust_000237,2026-07-24T17:04:45,paid,web
order_0034002075,51558,cust_001163,2026-07-02T18:57:54,paid,pos
order_0034002076,101112,cust_000272,2026-07-08T03:14:40,paid,app
order_0034002077,240261,cust_000086,2026-07-16T08:21:08,paid,web
order_0034002078,109814,cust_000017,2026-07-29T10:29:50,paid,web
order_0034002079,253101,cust_000649,2026-07-31T05:29:02,paid,web
order_0034002080,56830,cust_000290,2026-07-26T02:31:32,paid,web
order_0034002081,108664,cust_000237,2026-07-13T04:11:55,attempted,web
order_0034002082,51190,cust_000360,2026-07-08T17:49:49,paid,web
order_0034002083,93607,cust_000034,2026-07-03T22:18:14,paid,app
order_0034002084,20455,cust_000272,2026-07-29T00:47:09,paid,web
order_0034002085,71984,cust_001270,2026-07-07T18:23:24,paid,app
order_0034002086,54948,cust_000222,2026-07-14T21:16:27,paid,app
order_0034002087,55807,cust_000119,2026-07-06T03:27:13,paid,pos
order_0034002088,55416,cust_000317,2026-07-28T05:54:09,attempted,web
order_0034002089,153948,cust_000966,2026-07-24T08:46:19,paid,web
order_0034002090,39284,cust_000380,2026-07-08T16:11:13,paid,web
order_0034002091,64510,cust_001050,2026-07-30T15:04:29,paid,web
order_0034002092,33869,cust_000220,2026-07-09T18:00:44,paid,app
order_0034002093,79230,cust_000314,2026-07-31T15:58:17,paid,app
order_0034002094,95946,cust_001110,2026-07-29T23:03:12,paid,web
order_0034002095,34601,cust_000620,2026-07-09T01:09:15,paid,app
order_0034002096,88057,cust_000265,2026-07-13T12:24:12,paid,web
order_0034002097,44544,cust_001269,2026-07-25T06:25:46,paid,app
order_0034002098,636755,cust_000505,2026-07-18T23:30:43,paid,app
order_0034002099,48663,cust_000997,2026-07-29T10:41:31,paid,web
order_0034002100,69210,cust_000517,2026-07-25T17:50:48,paid,pos
order_0034002101,286578,cust_000095,2026-07-04T03:47:38,paid,app
order_0034002102,163994,cust_001114,2026-07-10T20:02:10,paid,app
order_0034002103,25121,cust_000152,2026-07-16T00:36:32,paid,web
order_0034002104,144384,cust_000554,2026-07-01T23:08:39,paid,web
order_0034002105,45138,cust_000391,2026-07-04T02:45:54,paid,web
order_0034002106,43787,cust_001082,2026-07-04T09:56:47,paid,app
order_0034002107,179924,cust_000184,2026-07-19T19:59:29,paid,web
order_0034002108,33431,cust_000269,2026-07-19T17:13:56,paid,web
order_0034002109,54386,cust_001242,2026-07-13T07:54:17,paid,app
order_0034002110,32224,cust_000313,2026-07-01T20:52:05,attempted,app
order_0034002111,183560,cust_000368,2026-07-27T00:26:38,paid,web
order_0034002112,90836,cust_000447,2026-07-09T14:47:19,paid,web
order_0034002113,180821,cust_000285,2026-07-24T00:10:13,paid,app
order_0034002114,169444,cust_000666,2026-07-01T14:49:52,paid,app
order_0034002115,75311,cust_000447,2026-07-06T02:22:24,attempted,app
order_0034002116,25823,cust_000292,2026-07-02T20:13:43,paid,pos
order_0034002117,10548,cust_000951,2026-07-27T16:30:17,paid,app
order_0034002118,57009,cust_000018,2026-07-23T02:04:07,paid,pos
order_0034002119,39426,cust_000194,2026-07-29T10:45:56,paid,web
order_0034002120,49431,cust_000185,2026-07-11T22:27:10,paid,web
order_0034002121,108966,cust_000348,2026-07-16T12:21:52,paid,pos
order_0034002122,245569,cust_001011,2026-07-13T16:19:13,paid,app
order_0034002123,25814,cust_001267,2026-07-09T03:17:52,paid,web
order_0034002124,23215,cust_001289,2026-07-04T09:13:41,attempted,app
order_0034002125,9446,cust_000319,2026-07-05T08:49:03,paid,web
order_0034002126,34827,cust_000013,2026-07-08T15:24:50,attempted,app
order_0034002127,122721,cust_000644,2026-07-30T23:18:23,paid,web
order_0034002128,230907,cust_000993,2026-07-15T06:14:07,paid,web
order_0034002129,122061,cust_001246,2026-07-15T15:02:30,paid,web
order_0034002130,79134,cust_000981,2026-07-10T01:32:53,paid,app
order_0034002131,124417,cust_001274,2026-07-31T03:02:58,paid,app
order_0034002132,117791,cust_001091,2026-07-18T13:17:19,paid,web
order_0034002133,16662,cust_000172,2026-07-09T18:52:35,paid,app
order_0034002134,196281,cust_000296,2026-07-30T21:25:27,paid,app
order_0034002135,46393,cust_000832,2026-07-30T14:41:46,paid,web
order_0034002136,27770,cust_000686,2026-07-03T14:49:58,paid,app
order_0034002137,318806,cust_000595,2026-07-12T20:46:06,paid,web
order_0034002138,880239,cust_000696,2026-07-09T16:38:38,paid,web
order_0034002139,34851,cust_001021,2026-07-22T05:12:10,paid,web
order_0034002140,49327,cust_001291,2026-07-13T14:47:05,paid,pos
order_0034002141,137880,cust_000117,2026-07-31T11:57:10,paid,web
order_0034002142,208566,cust_000148,2026-07-26T04:42:29,paid,app
order_0034002143,67527,cust_001266,2026-07-29T04:22:20,paid,web
order_0034002144,367940,cust_001290,2026-07-23T19:06:31,paid,app
order_0034002145,40494,cust_000067,2026-07-22T03:30:58,paid,app
order_0034002146,30445,cust_000021,2026-07-04T20:40:26,paid,app
order_0034002147,185441,cust_000219,2026-07-08T09:02:08,paid,pos
order_0034002148,337336,cust_001138,2026-07-13T00:59:50,paid,app
order_0034002149,80434,cust_000814,2026-07-26T16:36:01,paid,web
order_0034002150,42103,cust_000465,2026-07-19T18:52:30,paid,app
order_0034002151,216545,cust_000188,2026-07-19T14:13:00,paid,web
order_0034002152,31161,cust_000040,2026-07-25T00:29:48,paid,web
order_0034002153,107443,cust_001204,2026-07-31T06:08:06,paid,web
order_0034002154,254957,cust_000289,2026-07-29T12:10:47,paid,app
order_0034002155,125295,cust_000888,2026-07-02T20:54:08,paid,web
order_0034002156,65433,cust_000990,2026-07-27T18:41:17,paid,web
order_0034002157,171225,cust_000229,2026-07-04T11:32:39,paid,pos
order_0034002158,398815,cust_001285,2026-07-15T22:15:08,paid,app
order_0034002159,57691,cust_000279,2026-07-02T08:57:00,paid,web
order_0034002160,54034,cust_000909,2026-07-27T04:21:12,paid,web
order_0034002161,23803,cust_000131,2026-07-30T05:50:03,paid,app
order_0034002162,154639,cust_000036,2026-07-03T08:43:52,attempted,pos
order_0034002163,86439,cust_000995,2026-07-09T00:02:43,paid,web
order_0034002164,108071,cust_001237,2026-07-27T21:36:50,paid,app
order_0034002165,78145,cust_000525,2026-07-08T14:42:56,paid,app
order_0034002166,14851,cust_000598,2026-07-27T11:12:59,paid,app
order_0034002167,18867,cust_000502,2026-07-28T01:30:02,paid,app
order_0034002168,20167,cust_000472,2026-07-05T04:51:15,paid,app
order_0034002169,57777,cust_000152,2026-07-14T16:19:30,paid,web
order_0034002170,36731,cust_000792,2026-07-21T18:25:43,paid,pos
order_0034002171,237727,cust_000932,2026-07-18T00:41:29,paid,app
order_0034002172,18282,cust_000739,2026-07-30T01:29:00,attempted,app
order_0034002173,211719,cust_000730,2026-07-07T19:20:02,paid,web
order_0034002174,47781,cust_000797,2026-07-08T12:33:07,paid,app
order_0034002175,27082,cust_001250,2026-07-30T20:25:04,paid,web
order_0034002176,107298,cust_001067,2026-07-27T19:11:12,paid,web
order_0034002177,234511,cust_001020,2026-07-29T04:20:56,paid,web
order_0034002178,34022,cust_000956,2026-07-14T19:09:44,attempted,app
order_0034002179,245398,cust_000946,2026-07-23T06:36:01,paid,web
order_0034002180,156070,cust_000165,2026-07-25T06:15:43,paid,app
order_0034002181,251225,cust_000100,2026-07-23T13:39:40,paid,web
order_0034002182,40555,cust_000413,2026-07-14T14:28:31,attempted,web
order_0034002183,154259,cust_000304,2026-07-22T07:20:07,paid,web
order_0034002184,55857,cust_000615,2026-07-29T20:11:23,paid,web
order_0034002185,21278,cust_000357,2026-07-18T16:52:39,paid,app
order_0034002186,60686,cust_000506,2026-07-04T06:12:25,paid,app
order_0034002187,460908,cust_000965,2026-07-10T23:14:27,paid,app
order_0034002188,268296,cust_000068,2026-07-28T02:30:03,attempted,app
order_0034002189,476083,cust_000731,2026-07-13T09:15:51,paid,app
order_0034002190,15300,cust_000987,2026-07-31T22:23:22,paid,web
order_0034002191,178763,cust_000133,2026-07-23T05:28:35,paid,web
order_0034002192,62294,cust_000929,2026-07-08T15:12:10,paid,web
order_0034002193,41694,cust_000263,2026-07-20T11:04:35,paid,pos
order_0034002194,17912,cust_001205,2026-07-11T02:33:43,paid,app
order_0034002195,121790,cust_000271,2026-07-08T04:52:36,paid,pos
order_0034002196,28465,cust_001137,2026-07-22T13:04:59,paid,pos
order_0034002197,13787,cust_001206,2026-07-31T13:45:12,paid,pos
order_0034002198,52379,cust_000326,2026-07-06T16:16:09,paid,app
order_0034002199,78449,cust_000295,2026-07-02T14:23:34,paid,web
order_0034002200,8097,cust_000159,2026-07-08T06:36:23,paid,web
order_0034002201,38685,cust_000606,2026-07-29T21:20:47,paid,app
order_0034002202,46308,cust_000392,2026-07-24T13:24:24,paid,web
order_0034002203,30158,cust_000400,2026-07-08T17:22:22,paid,web
order_0034002204,58176,cust_000280,2026-07-01T08:34:24,paid,app
order_0034002205,144502,cust_001073,2026-07-01T17:20:59,paid,web
order_0034002206,124387,cust_000567,2026-07-06T11:19:08,paid,web
order_0034002207,12174,cust_000775,2026-07-30T07:38:36,paid,web
order_0034002208,75826,cust_000320,2026-07-18T23:52:30,paid,app
order_0034002209,153474,cust_000590,2026-07-15T19:10:02,paid,web
order_0034002210,25039,cust_000044,2026-07-17T20:20:22,attempted,web
order_0034002211,777678,cust_000048,2026-07-17T00:00:51,attempted,app
order_0034002212,115655,cust_001331,2026-07-04T03:21:29,paid,app
order_0034002213,26068,cust_001114,2026-07-29T05:07:55,paid,app
order_0034002214,409484,cust_000083,2026-07-13T19:11:48,paid,web
order_0034002215,9501,cust_001255,2026-07-02T04:38:48,paid,web
order_0034002216,167578,cust_000068,2026-07-31T13:58:51,paid,web
order_0034002217,108096,cust_000474,2026-07-31T13:37:44,paid,app
order_0034002218,104050,cust_000102,2026-07-14T02:42:06,paid,web
order_0034002219,75847,cust_000106,2026-07-26T01:02:05,paid,web
order_0034002220,47934,cust_000115,2026-07-22T04:14:48,paid,pos
order_0034002221,25271,cust_000155,2026-07-14T02:52:30,paid,pos
order_0034002222,56235,cust_000336,2026-07-10T22:51:35,paid,web
order_0034002223,59740,cust_000093,2026-07-10T07:35:42,paid,web
order_0034002224,44400,cust_000181,2026-07-15T21:32:51,paid,app
order_0034002225,185533,cust_000621,2026-07-03T04:04:23,paid,web
order_0034002226,38121,cust_000901,2026-07-26T14:57:15,paid,app
order_0034002227,957063,cust_001076,2026-07-03T15:54:44,paid,app
order_0034002228,25466,cust_001181,2026-07-22T20:31:07,paid,web
order_0034002229,55130,cust_000207,2026-07-12T07:31:48,attempted,app
order_0034002230,24755,cust_000578,2026-07-07T01:42:29,attempted,pos
order_0034002231,218030,cust_000556,2026-07-10T01:58:57,paid,app
order_0034002232,119749,cust_000272,2026-07-23T22:16:23,paid,web
order_0034002233,92117,cust_000892,2026-07-23T03:51:17,paid,web
order_0034002234,125085,cust_001174,2026-07-20T21:36:41,paid,app
order_0034002235,107723,cust_001092,2026-07-28T11:50:20,paid,pos
order_0034002236,139351,cust_000439,2026-07-18T03:08:14,paid,web
order_0034002237,236221,cust_000374,2026-07-06T09:08:26,paid,web
order_0034002238,92813,cust_000891,2026-07-13T00:50:00,paid,app
order_0034002239,14243,cust_001221,2026-07-14T14:09:23,paid,pos
order_0034002240,40799,cust_000989,2026-07-07T10:55:38,paid,app
order_0034002241,32430,cust_000987,2026-07-14T14:38:55,paid,app
order_0034002242,25961,cust_000601,2026-07-13T06:37:46,paid,web
order_0034002243,687578,cust_000498,2026-07-20T03:46:30,paid,pos
order_0034002244,31034,cust_000819,2026-07-18T00:47:08,paid,web
order_0034002245,73595,cust_000743,2026-07-19T21:37:40,paid,web
order_0034002246,37646,cust_000255,2026-07-03T17:48:15,paid,pos
order_0034002247,144528,cust_001044,2026-07-05T16:28:38,paid,app
order_0034002248,82804,cust_001269,2026-07-28T05:01:30,paid,app
order_0034002249,78045,cust_000095,2026-07-01T01:53:54,paid,app
order_0034002250,32022,cust_000702,2026-07-21T22:26:38,paid,pos
order_0034002251,290514,cust_000942,2026-07-11T22:47:55,paid,app
order_0034002252,221638,cust_000307,2026-07-31T18:24:10,paid,pos
order_0034002253,43340,cust_000265,2026-07-05T19:36:56,paid,app
order_0034002254,24925,cust_001166,2026-07-31T19:47:05,paid,web
order_0034002255,55226,cust_001115,2026-07-03T03:18:45,attempted,app
order_0034002256,85299,cust_000490,2026-07-23T05:10:00,paid,web
order_0034002257,92309,cust_000916,2026-07-12T19:19:28,paid,app
order_0034002258,44397,cust_000350,2026-07-10T18:55:54,paid,app
order_0034002259,41624,cust_000336,2026-07-06T07:57:42,paid,web
order_0034002260,63660,cust_000025,2026-07-11T07:19:59,paid,pos
order_0034002261,34050,cust_000376,2026-07-01T18:25:32,paid,pos
order_0034002262,52805,cust_000556,2026-07-19T05:27:05,paid,web
order_0034002263,22055,cust_000069,2026-07-15T16:46:51,paid,web
order_0034002264,236412,cust_001021,2026-07-04T19:06:01,paid,app
order_0034002265,105178,cust_000020,2026-07-02T08:16:03,paid,web
order_0034002266,52648,cust_000832,2026-07-26T06:30:44,paid,web
order_0034002267,33034,cust_001272,2026-07-07T14:57:21,paid,app
order_0034002268,35386,cust_000895,2026-07-19T13:22:06,attempted,app
order_0034002269,12517,cust_000900,2026-07-12T09:31:07,paid,web
order_0034002270,246430,cust_000982,2026-07-16T12:47:13,paid,web
order_0034002271,201622,cust_000947,2026-07-31T10:07:27,attempted,web
order_0034002272,100490,cust_001296,2026-07-28T18:13:51,paid,pos
order_0034002273,70304,cust_001146,2026-07-06T05:24:37,paid,app
order_0034002274,418396,cust_001258,2026-07-27T08:00:21,attempted,web
order_0034002275,155527,cust_000468,2026-07-10T17:27:52,paid,pos
order_0034002276,182987,cust_000799,2026-07-06T08:36:25,paid,app
order_0034002277,108371,cust_000442,2026-07-17T11:55:26,paid,pos
order_0034002278,382745,cust_000292,2026-07-14T21:23:06,paid,pos
order_0034002279,24040,cust_001080,2026-07-04T16:02:47,paid,pos
order_0034002280,33487,cust_001003,2026-07-13T00:15:43,paid,pos
order_0034002281,80401,cust_000457,2026-07-14T10:02:51,paid,app
order_0034002282,73999,cust_001193,2026-07-16T23:20:39,paid,web
order_0034002283,67793,cust_000414,2026-07-04T18:11:42,paid,web
order_0034002284,73139,cust_000983,2026-07-24T23:07:58,paid,app
order_0034002285,62897,cust_000460,2026-07-30T09:02:16,paid,pos
order_0034002286,73664,cust_000925,2026-07-03T13:13:40,paid,web
order_0034002287,214387,cust_000199,2026-07-10T02:51:04,paid,pos
order_0034002288,39271,cust_000575,2026-07-15T08:21:16,paid,web
order_0034002289,28423,cust_000039,2026-07-29T17:38:40,paid,web
order_0034002290,97527,cust_000580,2026-07-16T15:30:10,paid,pos
order_0034002291,81699,cust_001283,2026-07-16T10:04:34,paid,pos
order_0034002292,35057,cust_001138,2026-07-14T11:18:01,paid,app
order_0034002293,17800,cust_001311,2026-07-28T16:54:25,paid,web
order_0034002294,127110,cust_000229,2026-07-26T15:14:44,paid,app
order_0034002295,30596,cust_000495,2026-07-29T02:04:43,paid,web
order_0034002296,54751,cust_000093,2026-07-14T23:46:00,attempted,web
order_0034002297,37857,cust_000885,2026-07-13T13:48:04,paid,app
order_0034002298,73565,cust_001047,2026-07-12T15:04:46,paid,pos
order_0034002299,67027,cust_001240,2026-07-03T09:53:57,paid,web
order_0034002300,181323,cust_000072,2026-07-15T11:38:06,paid,pos
order_0034002301,116188,cust_000703,2026-07-27T23:24:27,paid,app
order_0034002302,45423,cust_001321,2026-07-12T16:25:51,attempted,web
order_0034002303,178884,cust_001153,2026-07-24T09:02:26,paid,app
order_0034002304,30464,cust_001060,2026-07-30T23:05:56,paid,app
order_0034002305,32546,cust_000869,2026-07-25T13:21:47,paid,web
order_0034002306,70635,cust_000568,2026-07-30T15:56:06,paid,web
order_0034002307,48403,cust_001282,2026-07-03T10:51:54,paid,app
order_0034002308,82966,cust_000806,2026-07-09T02:07:16,paid,web
order_0034002309,39853,cust_000890,2026-07-19T08:37:45,paid,pos
order_0034002310,14860,cust_000694,2026-07-18T13:53:41,paid,web
order_0034002311,196345,cust_000589,2026-07-09T02:08:23,paid,app
order_0034002312,37389,cust_000731,2026-07-27T13:55:08,paid,app
order_0034002313,103945,cust_000977,2026-07-09T17:39:59,paid,app
order_0034002314,76632,cust_000011,2026-07-05T14:58:22,paid,app
order_0034002315,82746,cust_001058,2026-07-03T09:51:36,paid,web
order_0034002316,70669,cust_001242,2026-07-02T22:33:48,paid,pos
order_0034002317,61389,cust_000549,2026-07-03T03:16:38,paid,app
order_0034002318,11044,cust_000075,2026-07-02T15:20:47,attempted,pos
order_0034002319,49541,cust_001029,2026-07-09T08:27:13,paid,web
order_0034002320,90420,cust_000337,2026-07-16T22:43:48,paid,web
order_0034002321,22648,cust_000817,2026-07-09T13:03:11,paid,pos
order_0034002322,219281,cust_001144,2026-07-11T02:51:40,paid,app
order_0034002323,65508,cust_000630,2026-07-24T21:06:51,paid,web
order_0034002324,27682,cust_000255,2026-07-29T22:42:31,attempted,app
order_0034002325,179126,cust_000550,2026-07-02T09:33:43,paid,pos
order_0034002326,142206,cust_000067,2026-07-22T04:40:24,paid,web
order_0034002327,105822,cust_000697,2026-07-31T08:09:32,paid,pos
order_0034002328,56092,cust_000078,2026-07-01T18:14:57,paid,web
order_0034002329,86086,cust_000936,2026-07-01T14:11:19,paid,web
order_0034002330,204060,cust_000403,2026-07-27T22:57:57,paid,app
order_0034002331,48291,cust_000276,2026-07-09T01:40:16,paid,web
order_0034002332,189934,cust_000954,2026-07-06T23:51:42,paid,web
order_0034002333,120398,cust_001217,2026-07-29T11:52:44,paid,pos
order_0034002334,74472,cust_001128,2026-07-02T01:00:04,paid,web
order_0034002335,139260,cust_001317,2026-07-18T09:34:43,paid,app
order_0034002336,18574,cust_000001,2026-07-02T22:04:32,paid,app
order_0034002337,96206,cust_001331,2026-07-18T13:43:47,paid,web
order_0034002338,43072,cust_000801,2026-07-20T01:21:32,paid,app
order_0034002339,59212,cust_001092,2026-07-07T08:36:03,paid,app
order_0034002340,31550,cust_001135,2026-07-17T02:05:49,paid,web
order_0034002341,106156,cust_000921,2026-07-14T02:59:41,paid,pos
order_0034002342,61262,cust_000863,2026-07-01T20:49:22,paid,web
order_0034002343,452713,cust_001159,2026-07-22T18:15:43,attempted,web
order_0034002344,87064,cust_000399,2026-07-12T11:21:46,paid,web
order_0034002345,132952,cust_000077,2026-07-19T15:50:04,paid,web
order_0034002346,53424,cust_001144,2026-07-30T11:11:01,paid,pos
order_0034002347,98361,cust_000801,2026-07-08T11:40:13,paid,web
order_0034002348,112542,cust_000717,2026-07-25T20:25:05,paid,web
order_0034002349,112491,cust_000151,2026-07-28T20:36:36,attempted,web
order_0034002350,59067,cust_000719,2026-07-15T03:45:46,attempted,app
order_0034002351,81157,cust_001271,2026-07-31T10:09:13,paid,app
order_0034002352,39581,cust_001112,2026-07-17T12:51:26,attempted,app
order_0034002353,352339,cust_001078,2026-07-30T13:42:57,paid,app
order_0034002354,117653,cust_001230,2026-07-10T00:31:19,paid,app
order_0034002355,54193,cust_001210,2026-07-07T15:19:58,paid,app
order_0034002356,37116,cust_001051,2026-07-29T00:00:55,paid,pos
order_0034002357,64468,cust_001292,2026-07-18T12:50:07,attempted,web
order_0034002358,177459,cust_000040,2026-07-10T22:07:56,paid,web
order_0034002359,1001941,cust_000264,2026-07-06T06:33:03,paid,pos
order_0034002360,61996,cust_000092,2026-07-14T22:09:15,attempted,pos
order_0034002361,55228,cust_001010,2026-07-10T13:07:12,paid,app
order_0034002362,103960,cust_000713,2026-07-04T17:37:45,paid,app
order_0034002363,122604,cust_001029,2026-07-14T19:10:36,attempted,web
order_0034002364,32105,cust_000710,2026-07-07T19:56:18,paid,web
order_0034002365,86493,cust_000712,2026-07-03T04:46:40,paid,app
order_0034002366,63026,cust_000015,2026-07-10T02:25:34,paid,pos
order_0034002367,67287,cust_001144,2026-07-25T01:18:44,paid,pos
order_0034002368,85391,cust_000209,2026-07-14T01:27:47,paid,app
order_0034002369,90525,cust_001016,2026-07-25T22:10:46,paid,app
order_0034002370,87686,cust_000796,2026-07-19T20:13:09,paid,web
order_0034002371,231935,cust_001146,2026-07-13T10:46:51,attempted,web
order_0034002372,141554,cust_000339,2026-07-06T12:53:26,paid,pos
order_0034002373,154135,cust_001320,2026-07-07T21:44:49,paid,pos
order_0034002374,186651,cust_000533,2026-07-28T20:34:43,paid,pos
order_0034002375,64424,cust_001327,2026-07-07T17:36:15,attempted,pos
order_0034002376,15526,cust_000595,2026-07-12T01:05:06,paid,pos
order_0034002377,65922,cust_000195,2026-07-18T18:41:05,paid,app
order_0034002378,236201,cust_000872,2026-07-19T10:28:06,paid,pos
order_0034002379,40377,cust_000981,2026-07-25T21:53:30,paid,web
order_0034002380,51262,cust_000287,2026-07-09T03:38:48,paid,pos
order_0034002381,90689,cust_000976,2026-07-02T12:55:10,attempted,web
order_0034002382,34380,cust_000459,2026-07-16T16:45:14,paid,pos
order_0034002383,90075,cust_000662,2026-07-10T08:43:00,attempted,web
order_0034002384,109409,cust_001009,2026-07-31T13:27:33,paid,pos
order_0034002385,7506,cust_000444,2026-07-16T07:23:57,attempted,pos
order_0034002386,186050,cust_000336,2026-07-31T20:14:54,paid,pos
order_0034002387,46276,cust_000731,2026-07-16T19:50:37,paid,web
order_0034002388,18482,cust_000391,2026-07-22T22:44:58,paid,web
order_0034002389,23402,cust_000872,2026-07-28T00:34:24,paid,pos
order_0034002390,78277,cust_000050,2026-07-18T16:52:57,paid,app
order_0034002391,100483,cust_000391,2026-07-28T23:41:42,attempted,app
order_0034002392,6942,cust_000263,2026-07-12T16:26:06,paid,app
order_0034002393,217013,cust_000531,2026-07-15T03:14:42,attempted,pos
order_0034002394,254038,cust_000716,2026-07-06T19:49:02,attempted,app
order_0034002395,78716,cust_001219,2026-07-21T13:14:53,paid,web
order_0034002396,82591,cust_000170,2026-07-13T18:37:38,paid,app
order_0034002397,59093,cust_000392,2026-07-05T08:53:20,paid,app
order_0034002398,54775,cust_000388,2026-07-30T16:07:05,paid,pos
order_0034002399,28980,cust_000889,2026-07-20T06:49:13,paid,app
order_0034002400,110502,cust_000321,2026-07-07T13:46:57,paid,web
order_0034002401,189355,cust_000045,2026-07-04T16:47:47,paid,web
order_0034002402,79177,cust_000675,2026-07-13T19:03:11,paid,web
order_0034002403,19650,cust_001161,2026-07-28T02:07:28,attempted,web
order_0034002404,101727,cust_000960,2026-07-29T14:53:04,attempted,app
order_0034002405,77570,cust_001053,2026-07-09T14:43:16,paid,pos
order_0034002406,73460,cust_000275,2026-07-20T05:13:48,paid,app
order_0034002407,46455,cust_000332,2026-07-31T16:16:34,paid,pos
order_0034002408,53655,cust_000445,2026-07-12T21:44:38,paid,app
order_0034002409,318182,cust_000303,2026-07-05T22:48:09,paid,pos
order_0034002410,30302,cust_000258,2026-07-18T08:51:03,paid,pos
order_0034002411,352635,cust_001293,2026-07-07T15:15:12,paid,web
order_0034002412,128011,cust_001323,2026-07-04T16:26:41,paid,app
order_0034002413,56091,cust_001159,2026-07-04T16:24:24,paid,app
order_0034002414,132077,cust_000642,2026-07-21T09:10:21,paid,app
order_0034002415,63909,cust_000623,2026-07-08T01:23:10,paid,web
order_0034002416,14139,cust_001167,2026-07-15T15:45:26,paid,app
order_0034002417,424686,cust_000780,2026-07-14T10:36:23,paid,web
order_0034002418,172907,cust_000457,2026-07-12T18:28:37,paid,web
order_0034002419,117413,cust_000510,2026-07-10T10:48:56,paid,web
order_0034002420,96619,cust_000725,2026-07-11T12:45:35,attempted,app
order_0034002421,38142,cust_001247,2026-07-04T14:03:33,paid,app
order_0034002422,20994,cust_000330,2026-07-19T19:11:35,paid,app
order_0034002423,37438,cust_000719,2026-07-11T03:29:04,paid,web
order_0034002424,26390,cust_000173,2026-07-01T01:18:26,paid,app
order_0034002425,89048,cust_000913,2026-07-01T12:02:49,paid,pos
order_0034002426,42647,cust_000008,2026-07-19T05:55:24,paid,app
order_0034002427,71817,cust_000770,2026-07-13T10:10:32,paid,app
order_0034002428,50493,cust_001154,2026-07-12T04:34:49,paid,app
order_0034002429,122936,cust_000530,2026-07-24T09:53:27,paid,pos
order_0034002430,129975,cust_000201,2026-07-24T07:18:04,paid,app
order_0034002431,17516,cust_000598,2026-07-01T17:22:05,paid,app
order_0034002432,16428,cust_000920,2026-07-17T08:25:28,attempted,web
order_0034002433,296649,cust_000785,2026-07-19T14:50:58,paid,web
order_0034002434,668948,cust_001044,2026-07-23T00:57:40,paid,pos
order_0034002435,136323,cust_000455,2026-07-31T09:58:45,paid,app
order_0034002436,31123,cust_001159,2026-07-19T03:39:25,paid,app
order_0034002437,63791,cust_000594,2026-07-05T19:53:15,attempted,web
order_0034002438,48376,cust_000600,2026-07-17T23:54:18,paid,app
order_0034002439,233913,cust_000754,2026-07-05T23:55:37,paid,web
order_0034002440,218268,cust_000877,2026-07-09T08:41:44,paid,web
order_0034002441,126141,cust_000396,2026-07-05T06:27:28,paid,web
order_0034002442,75102,cust_000638,2026-07-06T00:54:34,attempted,app
order_0034002443,70153,cust_000195,2026-07-23T23:57:25,paid,app
order_0034002444,108341,cust_000536,2026-07-16T14:22:03,paid,app
order_0034002445,49618,cust_000404,2026-07-13T19:15:38,paid,web
order_0034002446,111087,cust_000659,2026-07-30T02:01:05,paid,web
order_0034002447,239711,cust_000162,2026-07-08T02:48:34,paid,app
order_0034002448,387515,cust_000123,2026-07-22T07:41:55,paid,web
order_0034002449,47754,cust_000453,2026-07-15T02:18:10,paid,app
order_0034002450,175855,cust_000098,2026-07-22T22:03:09,paid,app
order_0034002451,76053,cust_000979,2026-07-15T02:40:43,attempted,app
order_0034002452,219270,cust_000184,2026-07-26T21:47:58,attempted,web
order_0034002453,7861,cust_001064,2026-07-17T08:08:40,paid,web
order_0034002454,72294,cust_000452,2026-07-09T22:34:34,paid,pos
order_0034002455,40823,cust_000046,2026-07-21T18:48:00,attempted,web
order_0034002456,20996,cust_000955,2026-07-18T14:04:16,attempted,app
order_0034002457,11859,cust_001241,2026-07-16T16:55:55,paid,app
order_0034002458,7578,cust_000699,2026-07-16T06:53:28,paid,web
order_0034002459,88856,cust_000695,2026-07-26T09:19:09,paid,app
order_0034002460,143764,cust_000903,2026-07-26T04:19:09,paid,app
order_0034002461,81891,cust_000147,2026-07-02T21:06:14,attempted,app
order_0034002462,19865,cust_000316,2026-07-01T12:15:04,paid,web
order_0034002463,19968,cust_000296,2026-07-30T14:17:07,paid,web
order_0034002464,17734,cust_000467,2026-07-13T02:42:30,paid,web
order_0034002465,131853,cust_000878,2026-07-29T17:51:11,paid,pos
order_0034002466,67795,cust_001197,2026-07-25T23:42:57,paid,pos
order_0034002467,288457,cust_000281,2026-07-08T10:49:20,paid,web
order_0034002468,44292,cust_001072,2026-07-12T08:42:06,paid,web
order_0034002469,29434,cust_001332,2026-07-21T23:28:44,paid,app
order_0034002470,78376,cust_000159,2026-07-11T21:49:12,paid,web
order_0034002471,51164,cust_000824,2026-07-15T09:23:50,paid,app
order_0034002472,90606,cust_001058,2026-07-14T11:04:25,paid,web
order_0034002473,55198,cust_000739,2026-07-16T00:17:34,paid,pos
order_0034002474,408845,cust_000022,2026-07-02T23:12:57,paid,web
order_0034002475,48882,cust_001090,2026-07-07T13:46:44,paid,app
order_0034002476,13734,cust_000514,2026-07-20T16:08:28,paid,app
order_0034002477,92183,cust_000187,2026-07-02T08:39:51,paid,web
order_0034002478,165291,cust_001162,2026-07-10T02:29:02,paid,web
order_0034002479,99877,cust_000422,2026-07-18T11:25:18,paid,pos
order_0034002480,12451,cust_000033,2026-07-26T16:46:57,paid,web
order_0034002481,39525,cust_000275,2026-07-15T04:36:12,paid,pos
order_0034002482,129885,cust_000959,2026-07-18T03:45:41,paid,app
order_0034002483,129428,cust_000671,2026-07-02T20:42:18,paid,app
order_0034002484,47466,cust_000487,2026-07-07T14:37:12,paid,app
order_0034002485,18058,cust_001092,2026-07-05T06:57:14,paid,app
order_0034002486,118484,cust_001014,2026-07-14T18:34:14,paid,app
order_0034002487,60863,cust_000104,2026-07-01T15:08:40,paid,web
order_0034002488,160401,cust_000476,2026-07-10T07:13:35,paid,app
order_0034002489,107297,cust_000259,2026-07-01T02:46:57,paid,web
order_0034002490,208538,cust_000322,2026-07-21T15:14:20,paid,app
order_0034002491,51096,cust_000157,2026-07-28T23:47:00,paid,web
order_0034002492,27462,cust_001147,2026-07-25T21:23:50,paid,web
order_0034002493,324935,cust_000138,2026-07-10T10:24:12,paid,web
order_0034002494,13264,cust_000425,2026-07-18T23:59:51,paid,web
order_0034002495,79442,cust_000670,2026-07-30T04:46:30,paid,app
order_0034002496,28037,cust_000300,2026-07-04T14:24:06,paid,app
order_0034002497,33006,cust_000705,2026-07-03T03:30:53,paid,web
order_0034002498,100239,cust_000704,2026-07-07T20:34:30,attempted,web
order_0034002499,43314,cust_001065,2026-07-29T19:59:52,paid,app
order_0034002500,42658,cust_000737,2026-07-01T03:59:13,paid,app
order_0034002501,50126,cust_000421,2026-07-20T15:35:48,paid,pos
order_0034002502,129193,cust_000932,2026-07-14T23:26:39,paid,pos
order_0034002503,121160,cust_000689,2026-07-26T17:38:54,attempted,app
order_0034002504,192798,cust_000640,2026-07-16T21:04:12,paid,app
order_0034002505,137330,cust_000023,2026-07-03T14:34:30,paid,web
order_0034002506,46720,cust_000346,2026-07-19T18:51:43,paid,web
order_0034002507,28416,cust_000978,2026-07-22T03:14:19,paid,app
order_0034002508,24144,cust_000280,2026-07-27T12:52:56,paid,web
order_0034002509,135727,cust_000854,2026-07-29T09:26:55,paid,app
order_0034002510,94459,cust_000427,2026-07-30T13:15:08,paid,web
order_0034002511,73422,cust_000077,2026-07-23T10:08:32,paid,web
order_0034002512,65110,cust_000548,2026-07-20T04:03:02,paid,pos
order_0034002513,49388,cust_000709,2026-07-08T12:44:24,attempted,pos
order_0034002514,108662,cust_000881,2026-07-26T21:46:04,paid,web
order_0034002515,36352,cust_000992,2026-07-03T06:58:30,paid,app
order_0034002516,235536,cust_001013,2026-07-12T17:26:30,paid,app
order_0034002517,310195,cust_000933,2026-07-21T14:10:29,attempted,app
order_0034002518,222842,cust_000971,2026-07-20T23:37:17,paid,app
order_0034002519,73207,cust_000797,2026-07-06T20:07:17,paid,pos
order_0034002520,74728,cust_000172,2026-07-04T16:44:11,paid,web
order_0034002521,144628,cust_000225,2026-07-17T13:25:20,paid,app
order_0034002522,44826,cust_001021,2026-07-03T20:28:13,paid,app
order_0034002523,155223,cust_000708,2026-07-13T03:42:11,paid,app
order_0034002524,58466,cust_000221,2026-07-12T02:16:03,paid,app
order_0034002525,62371,cust_001182,2026-07-30T17:46:08,paid,app
order_0034002526,37059,cust_001253,2026-07-29T22:19:19,paid,app
order_0034002527,47557,cust_000002,2026-07-04T09:50:26,paid,pos
order_0034002528,178364,cust_000056,2026-07-07T00:18:02,paid,web
order_0034002529,38829,cust_000103,2026-07-03T17:39:34,paid,pos
order_0034002530,44539,cust_000229,2026-07-16T07:12:21,paid,web
order_0034002531,182482,cust_000854,2026-07-08T19:34:21,paid,web
order_0034002532,134206,cust_001187,2026-07-20T07:00:36,paid,app
order_0034002533,101987,cust_000297,2026-07-31T16:58:05,paid,web
order_0034002534,81115,cust_001067,2026-07-13T14:09:30,attempted,pos
order_0034002535,362583,cust_000601,2026-07-09T20:19:34,paid,pos
order_0034002536,201814,cust_000740,2026-07-14T11:47:53,paid,web
order_0034002537,216047,cust_000870,2026-07-07T12:25:32,paid,app
order_0034002538,24543,cust_001293,2026-07-07T03:33:19,paid,app
order_0034002539,786318,cust_001104,2026-07-01T15:42:45,paid,web
order_0034002540,23647,cust_001198,2026-07-31T00:10:36,paid,web
order_0034002541,169870,cust_000928,2026-07-21T00:11:26,paid,web
order_0034002542,98493,cust_000839,2026-07-29T10:01:42,paid,app
order_0034002543,52071,cust_001081,2026-07-29T21:57:11,paid,web
order_0034002544,297913,cust_000758,2026-07-15T09:38:16,paid,web
order_0034002545,33530,cust_000585,2026-07-14T17:32:27,attempted,web
order_0034002546,18584,cust_000669,2026-07-23T23:46:57,paid,web
order_0034002547,216736,cust_001195,2026-07-09T08:24:46,paid,web
order_0034002548,373476,cust_000681,2026-07-03T06:31:41,paid,web
order_0034002549,521356,cust_000068,2026-07-25T13:12:25,paid,web
order_0034002550,76522,cust_000218,2026-07-05T21:27:22,paid,pos
order_0034002551,27914,cust_000936,2026-07-01T16:01:42,paid,app
order_0034002552,65983,cust_000013,2026-07-29T17:20:03,paid,app
order_0034002553,87656,cust_001312,2026-07-23T22:50:35,paid,web
order_0034002554,19771,cust_000986,2026-07-12T16:44:46,paid,web
order_0034002555,184675,cust_000466,2026-07-20T02:45:46,paid,web
order_0034002556,106900,cust_001179,2026-07-26T07:28:32,paid,app
order_0034002557,1119463,cust_000418,2026-07-18T19:36:11,paid,web
order_0034002558,127534,cust_000816,2026-07-30T12:48:57,paid,pos
order_0034002559,38725,cust_000729,2026-07-10T02:54:12,paid,web
order_0034002560,34861,cust_000022,2026-07-14T01:09:42,paid,pos
order_0034002561,80518,cust_000833,2026-07-10T05:12:53,paid,app
order_0034002562,363720,cust_001089,2026-07-19T09:21:30,paid,app
order_0034002563,50774,cust_001030,2026-07-04T23:01:19,attempted,app
order_0034002564,28259,cust_000946,2026-07-03T14:03:34,paid,web
order_0034002565,133127,cust_001256,2026-07-04T01:42:04,paid,app
order_0034002566,80880,cust_001118,2026-07-12T23:02:46,paid,app
order_0034002567,106415,cust_000281,2026-07-14T08:10:44,paid,app
order_0034002568,27408,cust_000832,2026-07-02T10:20:25,paid,app
order_0034002569,187427,cust_000675,2026-07-22T13:12:52,attempted,app
order_0034002570,28582,cust_000902,2026-07-22T19:05:57,paid,app
order_0034002571,127242,cust_000434,2026-07-07T21:01:43,attempted,web
order_0034002572,159682,cust_000400,2026-07-19T23:08:24,paid,web
order_0034002573,187746,cust_000312,2026-07-15T23:31:19,paid,app
order_0034002574,43981,cust_000643,2026-07-14T21:22:34,paid,app
order_0034002575,413225,cust_000651,2026-07-20T14:47:43,attempted,web
order_0034002576,220742,cust_000969,2026-07-15T23:35:40,paid,web
order_0034002577,51070,cust_001049,2026-07-12T14:38:44,paid,web
order_0034002578,133292,cust_000522,2026-07-17T05:45:54,paid,app
order_0034002579,54352,cust_001127,2026-07-13T21:33:53,attempted,web
order_0034002580,80124,cust_000123,2026-07-06T11:41:25,paid,pos
order_0034002581,245591,cust_000655,2026-07-06T04:03:50,paid,web
order_0034002582,67249,cust_000529,2026-07-11T11:33:24,paid,pos
order_0034002583,715407,cust_001214,2026-07-24T20:31:30,paid,app
order_0034002584,78390,cust_000975,2026-07-20T17:06:42,paid,web
order_0034002585,97460,cust_000930,2026-07-01T17:27:30,paid,pos
order_0034002586,126232,cust_000283,2026-07-31T18:35:33,paid,web
order_0034002587,113525,cust_001029,2026-07-25T05:08:05,paid,app
order_0034002588,175391,cust_000221,2026-07-04T13:25:45,attempted,pos
order_0034002589,123466,cust_000779,2026-07-02T06:33:21,attempted,web
order_0034002590,113226,cust_000058,2026-07-19T08:40:24,attempted,web
order_0034002591,126574,cust_000134,2026-07-02T21:42:43,paid,pos
order_0034002592,15564,cust_000325,2026-07-05T11:23:34,paid,app
order_0034002593,257689,cust_000011,2026-07-01T16:56:51,paid,web
order_0034002594,185374,cust_000986,2026-07-10T08:45:42,paid,pos
order_0034002595,47160,cust_000736,2026-07-19T17:31:02,paid,app
order_0034002596,72427,cust_001048,2026-07-14T22:08:18,paid,app
order_0034002597,258234,cust_000717,2026-07-05T18:37:21,paid,pos
order_0034002598,299883,cust_001114,2026-07-09T15:09:28,paid,pos
order_0034002599,118405,cust_000068,2026-07-02T22:29:25,attempted,app
order_0034002600,37187,cust_000384,2026-07-04T06:14:44,paid,app
order_0034002601,96946,cust_001179,2026-07-24T16:23:38,paid,web
order_0034002602,38276,cust_001279,2026-07-08T14:17:32,paid,app
order_0034002603,137080,cust_000402,2026-07-11T01:54:04,paid,pos
order_0034002604,180161,cust_001116,2026-07-16T13:58:19,paid,pos
order_0034002605,81793,cust_000626,2026-07-24T13:20:55,paid,web
order_0034002606,156731,cust_000273,2026-07-11T22:03:01,paid,web
order_0034002607,61005,cust_000522,2026-07-03T19:13:07,paid,app
order_0034002608,16202,cust_000811,2026-07-16T02:45:43,paid,pos
order_0034002609,136889,cust_000462,2026-07-09T10:16:45,paid,app
order_0034002610,51180,cust_000517,2026-07-11T05:30:26,paid,web
order_0034002611,45341,cust_000845,2026-07-12T04:20:53,paid,web
order_0034002612,59313,cust_001247,2026-07-28T18:56:53,paid,app
order_0034002613,157188,cust_000583,2026-07-18T16:02:27,paid,web
order_0034002614,71691,cust_000788,2026-07-22T02:46:17,paid,app
order_0034002615,76015,cust_000634,2026-07-14T11:42:55,paid,app
order_0034002616,19606,cust_000347,2026-07-17T13:51:57,paid,app
order_0034002617,193603,cust_000840,2026-07-20T02:21:51,paid,web
order_0034002618,72450,cust_001244,2026-07-07T01:04:39,paid,app
order_0034002619,138560,cust_001311,2026-07-14T15:22:14,attempted,app
order_0034002620,69103,cust_000242,2026-07-05T17:48:11,paid,web
order_0034002621,36028,cust_000465,2026-07-11T02:27:38,paid,app
order_0034002622,32836,cust_001010,2026-07-18T04:51:31,paid,web
order_0034002623,63019,cust_000554,2026-07-14T14:32:41,attempted,app
order_0034002624,45744,cust_000015,2026-07-24T17:34:07,paid,web
order_0034002625,76942,cust_000320,2026-07-17T21:35:23,paid,web
order_0034002626,115990,cust_000798,2026-07-16T01:23:18,paid,app
order_0034002627,14692,cust_000901,2026-07-14T05:40:13,paid,web
order_0034002628,283972,cust_000334,2026-07-17T05:25:58,paid,web
order_0034002629,67698,cust_001045,2026-07-21T12:53:06,paid,app
order_0034002630,49895,cust_001253,2026-07-25T09:18:28,paid,app
order_0034002631,160090,cust_000195,2026-07-01T18:21:21,paid,web
order_0034002632,69795,cust_000682,2026-07-14T18:03:05,paid,web
order_0034002633,59356,cust_000811,2026-07-29T13:30:08,attempted,pos
order_0034002634,20158,cust_001099,2026-07-17T02:45:50,paid,app
order_0034002635,249329,cust_001126,2026-07-26T12:43:21,paid,app
order_0034002636,43988,cust_000345,2026-07-17T05:13:59,paid,app
order_0034002637,142034,cust_000634,2026-07-23T11:36:52,paid,pos
order_0034002638,136596,cust_000174,2026-07-30T15:40:34,paid,app
order_0034002639,166204,cust_000758,2026-07-23T08:12:18,paid,app
order_0034002640,67623,cust_000246,2026-07-07T03:15:50,paid,app
order_0034002641,167960,cust_000142,2026-07-04T20:27:39,paid,web
order_0034002642,90618,cust_000890,2026-07-31T11:29:33,paid,web
order_0034002643,23430,cust_000829,2026-07-07T22:46:39,paid,web
order_0034002644,46228,cust_001312,2026-07-28T04:30:46,paid,app
order_0034002645,187869,cust_000734,2026-07-20T07:17:03,paid,web
order_0034002646,250952,cust_000560,2026-07-21T05:29:00,paid,app
order_0034002647,336501,cust_000833,2026-07-04T03:15:31,paid,pos
order_0034002648,71719,cust_000637,2026-07-13T01:30:49,paid,web
order_0034002649,76973,cust_000315,2026-07-04T00:25:06,paid,pos
order_0034002650,141974,cust_000953,2026-07-30T20:02:28,paid,app
order_0034002651,25068,cust_000674,2026-07-23T10:08:32,paid,app
order_0034002652,28165,cust_000322,2026-07-29T20:26:07,paid,pos
order_0034002653,201150,cust_000035,2026-07-28T11:28:30,paid,app
order_0034002654,12959,cust_000089,2026-07-20T16:45:29,paid,pos
order_0034002655,33794,cust_000309,2026-07-22T16:56:20,paid,app
order_0034002656,48953,cust_000913,2026-07-28T23:48:28,paid,web
order_0034002657,34302,cust_000451,2026-07-15T15:27:00,paid,pos
order_0034002658,764269,cust_000793,2026-07-17T16:06:32,paid,app
order_0034002659,70642,cust_000274,2026-07-28T03:09:12,paid,web
order_0034002660,165271,cust_000004,2026-07-21T20:46:25,paid,pos
order_0034002661,38947,cust_001218,2026-07-17T01:16:07,paid,app
order_0034002662,283594,cust_000075,2026-07-18T15:33:21,paid,app
order_0034002663,13169,cust_000852,2026-07-25T21:37:43,paid,web
order_0034002664,175755,cust_000285,2026-07-31T10:50:03,paid,app
order_0034002665,17491,cust_000827,2026-07-11T01:50:08,paid,pos
order_0034002666,57509,cust_000317,2026-07-24T22:24:43,paid,web
order_0034002667,147504,cust_001212,2026-07-06T16:45:17,paid,pos
order_0034002668,45000,cust_001296,2026-07-08T11:32:48,paid,app
order_0034002669,55640,cust_001312,2026-07-23T13:42:58,paid,pos
order_0034002670,64343,cust_000118,2026-07-02T14:52:47,paid,web
order_0034002671,49001,cust_000099,2026-07-12T23:53:16,paid,pos
order_0034002672,159413,cust_000849,2026-07-28T04:28:39,paid,web
order_0034002673,48415,cust_000981,2026-07-06T03:24:37,paid,app
order_0034002674,93777,cust_000368,2026-07-03T16:56:51,paid,web
order_0034002675,74437,cust_000481,2026-07-07T08:09:16,paid,pos
order_0034002676,22735,cust_000324,2026-07-22T15:28:40,attempted,app
order_0034002677,15712,cust_000649,2026-07-30T07:25:53,paid,web
order_0034002678,26735,cust_000545,2026-07-05T17:35:35,paid,app
order_0034002679,50657,cust_000055,2026-07-02T13:05:32,paid,app
order_0034002680,145293,cust_000034,2026-07-18T17:52:01,paid,pos
order_0034002681,114547,cust_000560,2026-07-21T03:43:29,paid,app
order_0034002682,162671,cust_000891,2026-07-27T08:23:53,paid,web
order_0034002683,40981,cust_000979,2026-07-04T10:05:22,paid,web
order_0034002684,361606,cust_000816,2026-07-15T12:17:03,paid,web
order_0034002685,64728,cust_000078,2026-07-05T15:17:25,paid,web
order_0034002686,69087,cust_001196,2026-07-01T11:52:31,paid,pos
order_0034002687,108964,cust_000177,2026-07-24T04:16:11,paid,web
order_0034002688,252205,cust_000892,2026-07-29T10:45:34,paid,web
order_0034002689,19714,cust_000674,2026-07-14T18:15:02,attempted,web
order_0034002690,49164,cust_000706,2026-07-01T16:39:43,paid,web
order_0034002691,126327,cust_000372,2026-07-19T10:25:51,paid,web
order_0034002692,107429,cust_000685,2026-07-28T21:35:23,paid,web
order_0034002693,90841,cust_000968,2026-07-24T11:41:17,paid,app
order_0034002694,87415,cust_000363,2026-07-07T05:39:56,paid,app
order_0034002695,133724,cust_001124,2026-07-09T17:53:22,paid,app
order_0034002696,41885,cust_000972,2026-07-24T02:06:44,paid,app
order_0034002697,289606,cust_000274,2026-07-30T11:59:42,paid,app
order_0034002698,115207,cust_000023,2026-07-19T08:09:55,paid,app
order_0034002699,47578,cust_001279,2026-07-21T14:19:57,paid,app
order_0034002700,184721,cust_000128,2026-07-13T16:50:00,paid,app
order_0034002701,360573,cust_000889,2026-07-18T21:47:08,paid,app
order_0034002702,98722,cust_001226,2026-07-27T09:36:54,paid,web
order_0034002703,184836,cust_000812,2026-07-12T15:38:32,paid,web
order_0034002704,32011,cust_000702,2026-07-12T02:42:06,paid,web
order_0034002705,59355,cust_001054,2026-07-31T20:14:05,paid,web
order_0034002706,159954,cust_000373,2026-07-09T12:37:42,paid,web
order_0034002707,109359,cust_000140,2026-07-13T14:04:10,paid,web
order_0034002708,174552,cust_000214,2026-07-27T19:13:23,paid,web
order_0034002709,261148,cust_000691,2026-07-16T00:15:53,paid,app
order_0034002710,22907,cust_000851,2026-07-11T21:51:42,paid,pos
order_0034002711,89675,cust_000450,2026-07-22T15:51:55,paid,app
order_0034002712,72702,cust_000119,2026-07-19T18:23:30,paid,app
order_0034002713,58765,cust_000868,2026-07-01T14:52:01,paid,web
order_0034002714,50562,cust_001216,2026-07-24T01:44:00,paid,web
order_0034002715,80479,cust_000920,2026-07-23T21:16:32,paid,web
order_0034002716,81472,cust_000248,2026-07-28T21:37:18,paid,app
order_0034002717,54417,cust_000949,2026-07-29T04:40:37,paid,app
order_0034002718,193025,cust_000155,2026-07-01T15:21:34,attempted,app
order_0034002719,320059,cust_000628,2026-07-02T18:34:00,paid,pos
order_0034002720,26196,cust_000508,2026-07-11T08:52:31,paid,pos
order_0034002721,35196,cust_000471,2026-07-04T02:34:37,paid,app
order_0034002722,215041,cust_000403,2026-07-13T08:15:19,paid,web
order_0034002723,33831,cust_000010,2026-07-25T23:19:19,paid,web
order_0034002724,60124,cust_000015,2026-07-08T10:22:18,attempted,pos
order_0034002725,23096,cust_001238,2026-07-12T21:08:48,paid,web
order_0034002726,37714,cust_001306,2026-07-17T04:27:42,attempted,pos
order_0034002727,86673,cust_000659,2026-07-03T00:13:43,paid,pos
order_0034002728,155386,cust_000067,2026-07-31T20:56:12,paid,web
order_0034002729,31260,cust_001271,2026-07-24T12:37:21,paid,web
order_0034002730,60829,cust_001301,2026-07-05T23:29:44,paid,app
order_0034002731,34598,cust_001074,2026-07-19T11:23:28,paid,web
order_0034002732,33008,cust_000551,2026-07-18T04:49:24,paid,app
order_0034002733,20865,cust_001141,2026-07-15T15:41:48,paid,web
order_0034002734,171061,cust_000083,2026-07-03T00:03:26,attempted,pos
order_0034002735,86604,cust_001011,2026-07-18T16:17:27,paid,web
order_0034002736,66848,cust_000772,2026-07-23T12:31:23,paid,pos
order_0034002737,182177,cust_001029,2026-07-30T16:23:34,paid,app
order_0034002738,32506,cust_001005,2026-07-26T10:21:27,paid,web
order_0034002739,89839,cust_000963,2026-07-03T04:33:41,paid,app
order_0034002740,27200,cust_000754,2026-07-25T06:07:32,paid,app
order_0034002741,23448,cust_000246,2026-07-21T01:33:45,paid,web
order_0034002742,58756,cust_000621,2026-07-14T07:37:50,paid,app
order_0034002743,19197,cust_000471,2026-07-09T08:01:33,paid,app
order_0034002744,172933,cust_000057,2026-07-10T11:11:52,paid,pos
order_0034002745,18314,cust_000667,2026-07-02T07:15:40,paid,app
order_0034002746,66468,cust_000950,2026-07-30T06:22:07,attempted,app
order_0034002747,22005,cust_000012,2026-07-14T10:53:37,attempted,app
order_0034002748,70378,cust_001292,2026-07-21T11:49:53,attempted,web
order_0034002749,79886,cust_000054,2026-07-09T12:18:38,paid,app
order_0034002750,118926,cust_000726,2026-07-06T13:37:16,attempted,web
order_0034002751,164808,cust_001122,2026-07-15T09:17:28,paid,web
order_0034002752,549154,cust_000951,2026-07-27T13:03:38,paid,web
order_0034002753,136154,cust_001272,2026-07-23T22:22:20,paid,app
order_0034002754,58506,cust_001296,2026-07-21T22:44:00,paid,web
order_0034002755,105688,cust_000641,2026-07-29T15:49:30,paid,app
order_0034002756,92667,cust_001283,2026-07-04T12:16:56,paid,web
order_0034002757,86173,cust_000579,2026-07-18T09:50:44,paid,web
order_0034002758,44182,cust_000728,2026-07-31T14:20:35,paid,web
order_0034002759,36141,cust_000476,2026-07-19T08:03:11,attempted,pos
order_0034002760,150599,cust_000721,2026-07-29T08:11:56,paid,web
order_0034002761,88198,cust_000905,2026-07-31T23:38:38,paid,web
order_0034002762,123893,cust_000478,2026-07-10T22:07:50,paid,app
order_0034002763,46735,cust_000212,2026-07-31T03:09:05,paid,pos
order_0034002764,69706,cust_000613,2026-07-02T01:25:40,attempted,web
order_0034002765,292039,cust_001097,2026-07-21T12:36:18,paid,app
order_0034002766,88631,cust_000398,2026-07-14T07:45:34,paid,web
order_0034002767,140302,cust_000006,2026-07-02T00:11:30,paid,web
order_0034002768,79349,cust_000428,2026-07-24T04:05:32,paid,web
order_0034002769,226321,cust_000420,2026-07-16T15:53:37,paid,app
order_0034002770,18754,cust_001318,2026-07-09T16:57:56,paid,app
order_0034002771,63062,cust_000908,2026-07-20T18:12:20,paid,app
order_0034002772,26039,cust_000496,2026-07-20T19:21:24,paid,web
order_0034002773,221143,cust_000844,2026-07-21T13:19:40,paid,app
order_0034002774,51808,cust_000262,2026-07-11T12:40:35,paid,web
order_0034002775,13558,cust_000629,2026-07-22T22:05:03,paid,web
order_0034002776,93901,cust_001156,2026-07-13T23:07:05,paid,web
order_0034002777,63594,cust_000841,2026-07-09T10:47:05,paid,web
order_0034002778,52346,cust_001021,2026-07-13T04:36:12,paid,web
order_0034002779,131167,cust_000129,2026-07-05T07:53:40,paid,app
order_0034002780,53791,cust_000533,2026-07-12T07:56:43,paid,web
order_0034002781,62449,cust_000796,2026-07-15T22:49:56,paid,app
order_0034002782,221003,cust_000106,2026-07-14T03:51:41,paid,app
order_0034002783,72038,cust_001149,2026-07-27T05:41:49,paid,pos
order_0034002784,76128,cust_000429,2026-07-31T00:43:52,attempted,web
order_0034002785,90176,cust_000205,2026-07-30T10:38:23,paid,app
order_0034002786,43605,cust_001309,2026-07-06T16:31:01,attempted,web
order_0034002787,103980,cust_001141,2026-07-19T11:56:41,paid,web
order_0034002788,65096,cust_000398,2026-07-04T18:57:19,attempted,web
order_0034002789,56426,cust_000701,2026-07-23T07:38:14,paid,web
order_0034002790,61364,cust_001005,2026-07-13T06:02:48,paid,app
order_0034002791,295466,cust_000682,2026-07-15T13:15:13,paid,app
order_0034002792,24802,cust_000772,2026-07-04T09:14:29,paid,app
order_0034002793,167364,cust_001076,2026-07-18T01:51:33,paid,app
order_0034002794,171031,cust_001243,2026-07-14T21:14:58,paid,app
order_0034002795,51177,cust_000698,2026-07-24T13:33:49,attempted,app
order_0034002796,523867,cust_001154,2026-07-24T00:23:34,paid,pos
order_0034002797,200631,cust_001038,2026-07-17T20:44:25,paid,app
order_0034002798,325974,cust_000053,2026-07-03T08:58:36,paid,app
order_0034002799,73343,cust_000268,2026-07-14T19:03:42,paid,app
order_0034002800,143394,cust_000978,2026-07-20T03:46:24,paid,web
order_0034002801,170862,cust_000522,2026-07-11T23:04:49,paid,app
order_0034002802,75670,cust_001014,2026-07-17T02:06:43,attempted,web
order_0034002803,49127,cust_001269,2026-07-17T17:17:29,paid,web
order_0034002804,28944,cust_000273,2026-07-31T15:23:53,paid,web
order_0034002805,154930,cust_000250,2026-07-15T17:09:10,paid,app
order_0034002806,26697,cust_001120,2026-07-28T04:02:03,paid,app
order_0034002807,103014,cust_000160,2026-07-01T15:34:27,paid,web
order_0034002808,48474,cust_001098,2026-07-08T00:33:56,paid,web
order_0034002809,20424,cust_000613,2026-07-25T17:13:43,paid,web
order_0034002810,32460,cust_000299,2026-07-13T17:22:40,paid,app
order_0034002811,24432,cust_000809,2026-07-27T06:35:14,paid,web
order_0034002812,100540,cust_001150,2026-07-20T13:27:39,paid,pos
order_0034002813,23277,cust_000807,2026-07-03T21:15:01,paid,app
order_0034002814,192902,cust_000098,2026-07-25T19:01:49,paid,app
order_0034002815,12370,cust_000676,2026-07-13T19:36:12,attempted,pos
order_0034002816,109533,cust_000286,2026-07-18T14:04:56,paid,app
order_0034002817,280842,cust_000223,2026-07-18T13:55:32,attempted,app
order_0034002818,70217,cust_000745,2026-07-23T05:08:07,attempted,app
order_0034002819,374515,cust_001131,2026-07-15T18:42:04,paid,app
order_0034002820,80299,cust_000136,2026-07-09T16:23:43,paid,app
order_0034002821,110088,cust_000761,2026-07-24T18:37:41,paid,web
order_0034002822,57052,cust_000547,2026-07-07T17:50:20,paid,app
order_0034002823,74878,cust_001176,2026-07-03T02:06:26,paid,app
order_0034002824,96101,cust_000542,2026-07-22T11:37:02,paid,pos
order_0034002825,58194,cust_000319,2026-07-31T03:42:49,paid,app
order_0034002826,27402,cust_000212,2026-07-14T08:54:26,paid,pos
order_0034002827,44258,cust_000941,2026-07-17T22:04:31,paid,web
order_0034002828,171432,cust_000795,2026-07-31T04:36:21,paid,web
order_0034002829,31838,cust_000931,2026-07-03T15:13:05,paid,web
order_0034002830,28973,cust_001253,2026-07-16T15:44:12,paid,web
order_0034002831,34165,cust_001151,2026-07-11T00:10:46,paid,web
order_0034002832,105866,cust_000747,2026-07-18T11:07:05,paid,app
order_0034002833,208293,cust_000563,2026-07-14T18:55:07,paid,app
order_0034002834,100225,cust_000436,2026-07-15T09:26:30,paid,app
order_0034002835,256661,cust_000245,2026-07-05T02:51:21,paid,app
order_0034002836,165822,cust_000364,2026-07-23T18:29:03,paid,app
order_0034002837,96057,cust_000538,2026-07-09T16:44:49,paid,web
order_0034002838,45956,cust_000920,2026-07-11T01:45:00,paid,web
order_0034002839,117738,cust_000205,2026-07-16T17:44:40,paid,app
order_0034002840,82045,cust_000302,2026-07-06T12:39:52,attempted,app
order_0034002841,174906,cust_000937,2026-07-21T09:01:39,paid,pos
order_0034002842,131281,cust_000811,2026-07-18T01:47:47,attempted,app
order_0034002843,14090,cust_000893,2026-07-04T09:40:16,paid,app
order_0034002844,29011,cust_000775,2026-07-21T02:53:57,paid,web
order_0034002845,48196,cust_000615,2026-07-23T20:15:09,paid,web
order_0034002846,101723,cust_000307,2026-07-05T17:40:31,paid,app
order_0034002847,38435,cust_000621,2026-07-13T08:26:46,paid,pos
order_0034002848,21599,cust_000171,2026-07-04T10:12:54,paid,pos
order_0034002849,155370,cust_000326,2026-07-19T01:09:48,attempted,web
order_0034002850,45117,cust_000754,2026-07-22T23:26:58,paid,app
order_0034002851,23465,cust_000521,2026-07-14T11:17:51,paid,app
order_0034002852,37080,cust_000777,2026-07-01T19:27:07,attempted,app
order_0034002853,210825,cust_000721,2026-07-30T10:36:26,paid,web
order_0034002854,23265,cust_001054,2026-07-30T16:36:57,paid,app
order_0034002855,255426,cust_000023,2026-07-21T21:16:21,paid,web
order_0034002856,91493,cust_000380,2026-07-27T05:42:27,paid,app
order_0034002857,121153,cust_001113,2026-07-28T05:28:02,paid,pos
order_0034002858,28513,cust_000395,2026-07-10T01:09:51,paid,web
order_0034002859,60726,cust_001249,2026-07-31T22:05:00,paid,web
order_0034002860,81554,cust_000755,2026-07-14T03:48:43,paid,web
order_0034002861,20279,cust_000131,2026-07-28T20:46:35,paid,web
order_0034002862,11419,cust_000440,2026-07-14T17:07:44,attempted,pos
order_0034002863,29409,cust_000770,2026-07-07T15:51:38,paid,app
order_0034002864,201962,cust_000062,2026-07-05T05:05:44,paid,app
order_0034002865,404369,cust_000453,2026-07-13T22:24:37,paid,web
order_0034002866,104337,cust_000283,2026-07-11T01:38:41,paid,web
order_0034002867,45425,cust_000788,2026-07-18T23:04:16,paid,web
order_0034002868,43409,cust_000518,2026-07-02T13:11:15,paid,app
order_0034002869,59061,cust_000395,2026-07-13T16:22:57,paid,app
order_0034002870,18789,cust_000768,2026-07-25T15:07:43,paid,web
order_0034002871,34731,cust_000616,2026-07-06T11:46:59,paid,web
order_0034002872,143297,cust_000234,2026-07-01T11:28:18,paid,web
order_0034002873,79000,cust_000153,2026-07-04T16:10:44,paid,pos
order_0034002874,131270,cust_000005,2026-07-07T04:48:44,paid,pos
order_0034002875,24871,cust_000164,2026-07-12T09:56:07,paid,app
order_0034002876,28993,cust_001013,2026-07-09T03:52:50,paid,app
order_0034002877,29794,cust_001324,2026-07-23T17:21:02,paid,pos
order_0034002878,50385,cust_001305,2026-07-13T00:00:40,paid,web
order_0034002879,426318,cust_000752,2026-07-16T00:14:34,paid,web
order_0034002880,18459,cust_001009,2026-07-04T15:57:52,paid,web
order_0034002881,112323,cust_000342,2026-07-26T11:04:16,attempted,app
order_0034002882,13968,cust_001076,2026-07-22T17:58:33,paid,web
order_0034002883,347739,cust_000652,2026-07-02T05:04:31,paid,web
order_0034002884,7373,cust_000092,2026-07-20T17:08:04,paid,pos
order_0034002885,108564,cust_000720,2026-07-14T22:39:23,paid,app
order_0034002886,89632,cust_000436,2026-07-25T21:30:02,paid,app
order_0034002887,47514,cust_001244,2026-07-25T22:00:46,paid,web
order_0034002888,43075,cust_000185,2026-07-21T00:45:29,paid,web
order_0034002889,302129,cust_001094,2026-07-03T16:36:28,paid,pos
order_0034002890,16483,cust_000102,2026-07-25T13:58:38,attempted,web
order_0034002891,121565,cust_000252,2026-07-06T21:46:08,paid,web
order_0034002892,107047,cust_000046,2026-07-31T01:32:27,paid,web
order_0034002893,105463,cust_000581,2026-07-05T03:06:32,paid,app
order_0034002894,94115,cust_000340,2026-07-31T14:04:40,attempted,app
order_0034002895,155124,cust_000953,2026-07-31T10:15:42,paid,web
order_0034002896,45517,cust_000214,2026-07-30T17:39:45,attempted,web
order_0034002897,295057,cust_000676,2026-07-25T07:04:39,paid,web
order_0034002898,52942,cust_000662,2026-07-04T17:40:54,paid,web
order_0034002899,28127,cust_000602,2026-07-07T17:14:31,paid,web
order_0034002900,13662,cust_000536,2026-07-10T18:35:27,paid,app
order_0034002901,19308,cust_000519,2026-07-18T23:54:59,paid,web
order_0034002902,13979,cust_001042,2026-07-25T15:26:11,paid,app
order_0034002903,43311,cust_001192,2026-07-07T20:32:16,paid,app
order_0034002904,176083,cust_001106,2026-07-27T00:45:57,paid,app
order_0034002905,93268,cust_000562,2026-07-26T03:17:59,paid,app
order_0034002906,129595,cust_001250,2026-07-19T04:55:59,paid,web
order_0034002907,56425,cust_000812,2026-07-05T02:20:26,paid,pos
order_0034002908,140172,cust_000944,2026-07-25T01:15:28,paid,app
order_0034002909,866942,cust_000264,2026-07-11T11:07:01,paid,pos
order_0034002910,188708,cust_000607,2026-07-13T07:58:01,paid,app
order_0034002911,50357,cust_000497,2026-07-13T23:46:00,paid,app
order_0034002912,105652,cust_000415,2026-07-29T01:15:24,paid,web
order_0034002913,140730,cust_000617,2026-07-11T12:15:25,attempted,app
order_0034002914,46461,cust_000186,2026-07-04T13:43:35,paid,app
order_0034002915,64200,cust_001113,2026-07-30T02:28:36,paid,pos
order_0034002916,98328,cust_000332,2026-07-05T04:29:50,attempted,web
order_0034002917,78897,cust_001238,2026-07-13T15:58:45,paid,app
order_0034002918,26592,cust_000910,2026-07-18T20:28:27,attempted,pos
order_0034002919,67641,cust_001252,2026-07-19T02:24:47,paid,web
order_0034002920,56775,cust_000544,2026-07-14T01:06:48,attempted,pos
order_0034002921,269796,cust_001248,2026-07-19T04:17:53,paid,app
order_0034002922,144540,cust_001285,2026-07-17T19:05:58,attempted,app
order_0034002923,4900,cust_000918,2026-07-26T06:25:02,paid,web
order_0034002924,18524,cust_000041,2026-07-18T04:47:14,paid,app
order_0034002925,125705,cust_000489,2026-07-21T05:02:22,paid,web
order_0034002926,47635,cust_001102,2026-07-17T17:00:17,paid,pos
order_0034002927,64033,cust_000514,2026-07-12T07:58:31,paid,app
order_0034002928,96974,cust_000409,2026-07-23T20:59:07,paid,web
order_0034002929,67303,cust_000633,2026-07-13T15:18:48,paid,web
order_0034002930,492097,cust_000234,2026-07-14T11:43:57,paid,web
order_0034002931,38177,cust_000166,2026-07-25T14:23:19,paid,app
order_0034002932,117153,cust_001072,2026-07-28T23:00:08,paid,pos
order_0034002933,27712,cust_000460,2026-07-01T16:17:41,paid,web
order_0034002934,22603,cust_000896,2026-07-05T16:16:59,paid,web
order_0034002935,22439,cust_000266,2026-07-15T13:07:47,paid,app
order_0034002936,74130,cust_000217,2026-07-29T07:23:43,attempted,web
order_0034002937,47717,cust_000260,2026-07-01T01:21:52,paid,pos
order_0034002938,72889,cust_000311,2026-07-10T17:14:12,paid,app
order_0034002939,207718,cust_000578,2026-07-01T15:02:57,paid,web
order_0034002940,318882,cust_000945,2026-07-20T01:27:38,paid,web
order_0034002941,118017,cust_000547,2026-07-01T04:55:17,paid,web
order_0034002942,32376,cust_001068,2026-07-06T13:46:25,paid,web
order_0034002943,124135,cust_001214,2026-07-20T08:10:20,paid,web
order_0034002944,5876,cust_000311,2026-07-01T18:53:23,paid,web
order_0034002945,34062,cust_000845,2026-07-03T04:32:48,paid,web
order_0034002946,14989,cust_000237,2026-07-23T18:44:27,paid,pos
order_0034002947,40620,cust_000061,2026-07-26T12:52:13,paid,web
order_0034002948,61635,cust_000683,2026-07-22T08:03:12,paid,app
order_0034002949,51215,cust_000994,2026-07-07T04:03:29,paid,pos
order_0034002950,26855,cust_000625,2026-07-13T20:37:00,attempted,web
order_0034002951,65708,cust_000733,2026-07-19T02:46:16,paid,pos
order_0034002952,25274,cust_000567,2026-07-30T06:28:59,paid,web
order_0034002953,42878,cust_001085,2026-07-18T17:07:00,paid,web
order_0034002954,258699,cust_000065,2026-07-30T12:24:44,paid,web
order_0034002955,16100,cust_000626,2026-07-23T20:21:47,paid,app
order_0034002956,11052,cust_001270,2026-07-05T11:52:13,paid,web
order_0034002957,28629,cust_001278,2026-07-12T19:19:51,paid,app
order_0034002958,114028,cust_000930,2026-07-13T04:02:36,paid,web
order_0034002959,120023,cust_001224,2026-07-12T11:35:29,attempted,pos
order_0034002960,38808,cust_000988,2026-07-30T14:40:04,paid,web
order_0034002961,135665,cust_000610,2026-07-20T23:44:26,paid,app
order_0034002962,16635,cust_001232,2026-07-13T13:42:41,paid,pos
order_0034002963,10031,cust_000075,2026-07-17T05:25:33,paid,web
order_0034002964,107558,cust_000179,2026-07-11T02:33:00,paid,app
order_0034002965,29296,cust_000261,2026-07-27T16:36:38,paid,web
order_0034002966,159616,cust_000167,2026-07-09T06:25:36,paid,web
order_0034002967,470407,cust_000420,2026-07-24T13:13:43,paid,web
order_0034002968,17915,cust_001026,2026-07-01T11:52:42,attempted,web
order_0034002969,169420,cust_000963,2026-07-21T09:04:29,paid,web
order_0034002970,161887,cust_000939,2026-07-22T11:36:31,paid,app
order_0034002971,35470,cust_000922,2026-07-14T11:35:54,paid,app
order_0034002972,98683,cust_000255,2026-07-29T10:09:38,paid,app
order_0034002973,67086,cust_001196,2026-07-29T11:33:01,paid,pos
order_0034002974,119653,cust_000386,2026-07-23T23:45:19,paid,app
order_0034002975,17876,cust_000750,2026-07-22T13:03:32,paid,web
order_0034002976,618899,cust_001040,2026-07-24T21:16:34,paid,app
order_0034002977,28824,cust_000268,2026-07-08T11:03:07,paid,app
order_0034002978,39053,cust_001162,2026-07-09T17:27:33,paid,pos
order_0034002979,84313,cust_000126,2026-07-12T08:03:37,paid,web
order_0034002980,64926,cust_000847,2026-07-19T08:58:16,paid,web
order_0034002981,13564,cust_001170,2026-07-12T05:12:07,paid,pos
order_0034002982,228364,cust_000124,2026-07-27T01:55:44,paid,pos
order_0034002983,196882,cust_000156,2026-07-08T22:10:37,paid,pos
order_0034002984,248073,cust_000054,2026-07-19T17:13:13,paid,app
order_0034002985,89161,cust_000865,2026-07-28T21:19:13,paid,web
order_0034002986,17268,cust_000358,2026-07-04T01:19:30,attempted,app
order_0034002987,34538,cust_000061,2026-07-26T03:51:40,paid,app
order_0034002988,81474,cust_000546,2026-07-26T14:18:03,paid,app
order_0034002989,85785,cust_000099,2026-07-08T07:14:41,paid,pos
order_0034002990,235188,cust_001070,2026-07-24T07:54:26,attempted,app
order_0034002991,53459,cust_001010,2026-07-17T09:13:21,paid,web
order_0034002992,110836,cust_000970,2026-07-09T12:02:32,paid,app
order_0034002993,129867,cust_001125,2026-07-26T05:09:20,attempted,app
order_0034002994,131536,cust_001318,2026-07-22T09:40:43,paid,web
order_0034002995,168946,cust_000290,2026-07-02T15:59:49,paid,pos
order_0034002996,150527,cust_000352,2026-07-22T20:57:12,paid,pos
order_0034002997,92451,cust_000039,2026-07-12T13:35:24,paid,app
order_0034002998,120018,cust_000867,2026-07-16T05:19:36,paid,web
order_0034002999,131728,cust_000752,2026-07-28T15:55:43,paid,pos
order_0034003000,34093,cust_000512,2026-07-28T07:42:42,paid,app
order_0034003001,6163,cust_000685,2026-07-24T09:04:21,paid,web
order_0034003002,88692,cust_000603,2026-07-31T08:09:14,paid,app
order_0034003003,194422,cust_000250,2026-07-12T15:20:14,paid,app
order_0034003004,47363,cust_001051,2026-07-31T09:58:42,paid,app
order_0034003005,39495,cust_000950,2026-07-30T15:51:58,paid,app
order_0034003006,125194,cust_000174,2026-07-02T12:33:30,paid,app
order_0034003007,52068,cust_000775,2026-07-25T07:01:16,paid,app
order_0034003008,20156,cust_001058,2026-07-03T20:17:46,paid,web
order_0034003009,55007,cust_000764,2026-07-22T01:50:12,paid,app
order_0034003010,573354,cust_000305,2026-07-08T03:36:35,paid,app
order_0034003011,129600,cust_000306,2026-07-02T08:23:04,attempted,pos
order_0034003012,342676,cust_000930,2026-07-24T17:14:19,paid,web
order_0034003013,21959,cust_000861,2026-07-07T11:15:55,paid,web
order_0034003014,38392,cust_000521,2026-07-16T21:24:56,paid,web
order_0034003015,159091,cust_000350,2026-07-04T04:58:57,paid,pos
order_0034003016,151231,cust_000868,2026-07-22T06:08:13,paid,web
order_0034003017,139069,cust_001250,2026-07-07T06:03:10,attempted,web
order_0034003018,66334,cust_000121,2026-07-03T08:18:57,paid,app
order_0034003019,716711,cust_000666,2026-07-22T23:22:53,paid,app
order_0034003020,98469,cust_000545,2026-07-21T14:14:08,paid,app
order_0034003021,208930,cust_001023,2026-07-18T10:47:56,paid,web
order_0034003022,89521,cust_000970,2026-07-09T09:49:00,attempted,web
order_0034003023,70822,cust_000326,2026-07-23T12:05:54,paid,web
order_0034003024,31614,cust_000169,2026-07-21T03:23:37,paid,app
order_0034003025,64975,cust_000309,2026-07-10T09:10:11,paid,pos
order_0034003026,41727,cust_000157,2026-07-04T05:42:03,paid,web
order_0034003027,15520,cust_000777,2026-07-31T22:48:14,paid,web
order_0034003028,107824,cust_000902,2026-07-29T10:50:13,paid,pos
order_0034003029,54851,cust_001110,2026-07-26T11:32:50,paid,pos
order_0034003030,256081,cust_000318,2026-07-25T18:15:55,paid,web
order_0034003031,194763,cust_000241,2026-07-01T04:03:11,paid,app
order_0034003032,48799,cust_000186,2026-07-02T20:31:45,paid,app
order_0034003033,134514,cust_000445,2026-07-13T00:17:23,paid,app
order_0034003034,94720,cust_001236,2026-07-15T15:16:53,paid,pos
order_0034003035,26509,cust_000085,2026-07-26T23:41:46,paid,app
order_0034003036,142793,cust_001320,2026-07-04T03:06:01,paid,app
order_0034003037,52523,cust_000788,2026-07-07T22:04:35,attempted,app
order_0034003038,40837,cust_001096,2026-07-10T23:22:09,paid,app
order_0034003039,68454,cust_000785,2026-07-14T09:38:05,paid,web
order_0034003040,102627,cust_000474,2026-07-01T13:10:20,paid,pos
order_0034003041,55184,cust_000821,2026-07-08T18:25:43,paid,pos
order_0034003042,9362,cust_000362,2026-07-12T22:26:53,paid,web
order_0034003043,271878,cust_000277,2026-07-02T15:26:34,paid,web
order_0034003044,10110,cust_000041,2026-07-29T21:08:18,paid,web
order_0034003045,126406,cust_000926,2026-07-13T21:43:52,paid,pos
order_0034003046,15862,cust_000762,2026-07-10T18:44:09,paid,web
order_0034003047,36882,cust_000329,2026-07-13T00:20:47,paid,pos
order_0034003048,37232,cust_000364,2026-07-20T07:06:11,paid,pos
order_0034003049,49511,cust_000245,2026-07-20T22:45:25,paid,web
order_0034003050,19495,cust_000720,2026-07-14T10:35:53,paid,app
order_0034003051,491521,cust_000161,2026-07-17T21:06:12,paid,app
order_0034003052,55149,cust_001274,2026-07-09T17:21:45,paid,web
order_0034003053,244856,cust_001135,2026-07-01T10:39:07,attempted,app
order_0034003054,275955,cust_001020,2026-07-04T17:47:08,paid,app
order_0034003055,122637,cust_000489,2026-07-22T19:33:17,paid,app
order_0034003056,282911,cust_001032,2026-07-15T00:56:16,paid,app
order_0034003057,78231,cust_000918,2026-07-18T15:51:19,paid,pos
order_0034003058,24411,cust_000515,2026-07-08T10:51:38,paid,app
order_0034003059,29250,cust_000385,2026-07-03T01:27:26,paid,app
order_0034003060,95026,cust_000061,2026-07-29T08:47:39,paid,pos
order_0034003061,97725,cust_001133,2026-07-19T23:15:26,paid,app
order_0034003062,69875,cust_000641,2026-07-31T23:58:32,paid,app
order_0034003063,210326,cust_000668,2026-07-07T18:44:49,paid,app
order_0034003064,50498,cust_001046,2026-07-27T09:13:15,paid,web
order_0034003065,29022,cust_000160,2026-07-23T22:05:56,paid,app
order_0034003066,156476,cust_001116,2026-07-08T08:03:10,paid,web
order_0034003067,93998,cust_000503,2026-07-06T11:44:05,paid,app
order_0034003068,114333,cust_000287,2026-07-21T17:03:10,attempted,web
order_0034003069,96424,cust_000466,2026-07-23T01:16:49,paid,pos
order_0034003070,67858,cust_001121,2026-07-19T16:54:08,paid,web
order_0034003071,176074,cust_000253,2026-07-01T18:21:32,attempted,pos
order_0034003072,38450,cust_001003,2026-07-04T23:08:43,paid,app
order_0034003073,84226,cust_001080,2026-07-29T00:26:39,paid,app
order_0034003074,54240,cust_001042,2026-07-17T18:50:49,paid,web
order_0034003075,61473,cust_000408,2026-07-31T15:15:21,paid,web
order_0034003076,175086,cust_000794,2026-07-06T01:57:12,paid,app
order_0034003077,60101,cust_000878,2026-07-20T12:21:50,paid,pos
order_0034003078,42220,cust_000246,2026-07-17T19:12:57,paid,pos
order_0034003079,73870,cust_000469,2026-07-28T06:22:26,paid,pos
order_0034003080,32868,cust_000197,2026-07-14T13:42:15,paid,web
order_0034003081,108872,cust_000552,2026-07-17T09:49:12,paid,app
order_0034003082,23227,cust_000265,2026-07-15T19:53:47,paid,pos
order_0034003083,37195,cust_000322,2026-07-09T03:37:58,paid,web
order_0034003084,86039,cust_000418,2026-07-30T14:54:58,paid,web
order_0034003085,184157,cust_001052,2026-07-12T06:12:31,paid,web
order_0034003086,41257,cust_000154,2026-07-18T14:06:58,attempted,web
order_0034003087,101991,cust_000338,2026-07-12T05:14:45,paid,web
order_0034003088,67740,cust_000791,2026-07-15T03:14:40,attempted,web
order_0034003089,174905,cust_000435,2026-07-10T00:51:52,paid,app
order_0034003090,80491,cust_000959,2026-07-22T13:47:31,attempted,pos
order_0034003091,30401,cust_000624,2026-07-07T03:07:15,attempted,pos
order_0034003092,143190,cust_001055,2026-07-10T10:34:39,paid,web
order_0034003093,125790,cust_000503,2026-07-20T05:45:25,paid,pos
order_0034003094,65151,cust_000818,2026-07-29T21:08:37,paid,pos
order_0034003095,43877,cust_001252,2026-07-03T10:59:54,paid,web
order_0034003096,222019,cust_000174,2026-07-06T22:47:50,paid,app
order_0034003097,482017,cust_000606,2026-07-10T12:11:58,paid,app
order_0034003098,18651,cust_000314,2026-07-14T21:18:23,paid,web
order_0034003099,49404,cust_000102,2026-07-11T17:56:26,paid,app
order_0034003100,19186,cust_001257,2026-07-18T10:41:51,attempted,pos
order_0034003101,16772,cust_000785,2026-07-03T14:53:00,paid,web
order_0034003102,15781,cust_000098,2026-07-30T10:46:58,paid,app
order_0034003103,69720,cust_001183,2026-07-04T05:53:39,paid,pos
order_0034003104,116536,cust_000191,2026-07-25T01:26:30,paid,web
order_0034003105,264259,cust_000754,2026-07-31T06:55:09,paid,app
order_0034003106,21759,cust_000741,2026-07-08T16:38:55,paid,pos
order_0034003107,101048,cust_001061,2026-07-23T16:32:17,paid,web
order_0034003108,28157,cust_001074,2026-07-26T01:22:54,paid,pos
order_0034003109,182015,cust_000392,2026-07-10T16:31:32,paid,app
order_0034003110,38874,cust_001075,2026-07-12T21:56:17,paid,web
order_0034003111,70516,cust_001284,2026-07-29T12:02:45,paid,web
order_0034003112,27143,cust_000601,2026-07-30T17:33:18,paid,app
order_0034003113,1145434,cust_000245,2026-07-03T12:36:03,paid,app
order_0034003114,56578,cust_001075,2026-07-30T14:14:25,paid,web
order_0034003115,94240,cust_001075,2026-07-26T05:40:48,paid,app
order_0034003116,198440,cust_000560,2026-07-07T14:40:33,paid,pos
order_0034003117,82365,cust_001177,2026-07-17T02:20:02,paid,pos
order_0034003118,61261,cust_001163,2026-07-24T20:25:59,paid,web
order_0034003119,33890,cust_000611,2026-07-07T07:28:14,paid,app
order_0034003120,48939,cust_000198,2026-07-09T14:24:14,paid,app
order_0034003121,418146,cust_000264,2026-07-07T03:18:45,paid,web
order_0034003122,281921,cust_001329,2026-07-05T03:09:43,paid,web
order_0034003123,390523,cust_000106,2026-07-11T14:42:10,paid,web
order_0034003124,75343,cust_000104,2026-07-06T06:38:32,paid,web
order_0034003125,17018,cust_000274,2026-07-23T21:27:24,paid,pos
order_0034003126,9685,cust_000679,2026-07-30T05:33:27,paid,web
order_0034003127,279296,cust_000185,2026-07-11T02:36:46,paid,app
order_0034003128,29769,cust_000659,2026-07-31T16:36:08,paid,web
order_0034003129,182005,cust_000994,2026-07-06T22:42:53,paid,app
order_0034003130,35590,cust_000721,2026-07-11T19:49:28,paid,app
order_0034003131,324783,cust_000783,2026-07-23T15:11:25,paid,app
order_0034003132,4900,cust_000712,2026-07-22T17:59:23,paid,pos
order_0034003133,51106,cust_000591,2026-07-10T17:35:31,paid,web
order_0034003134,71449,cust_001163,2026-07-04T08:55:28,paid,app
order_0034003135,39369,cust_000213,2026-07-22T21:05:02,paid,web
order_0034003136,20051,cust_000881,2026-07-19T03:38:50,paid,app
order_0034003137,52836,cust_000621,2026-07-26T18:07:42,attempted,web
order_0034003138,93023,cust_001289,2026-07-15T03:44:00,paid,app
order_0034003139,167701,cust_000778,2026-07-11T08:26:37,paid,pos
order_0034003140,90684,cust_001048,2026-07-25T14:28:13,paid,app
order_0034003141,54618,cust_000763,2026-07-20T13:35:19,paid,pos
order_0034003142,79656,cust_000452,2026-07-15T04:12:35,paid,pos
order_0034003143,18088,cust_001131,2026-07-19T07:47:15,paid,pos
order_0034003144,85818,cust_000501,2026-07-09T03:12:13,paid,app
order_0034003145,174505,cust_001330,2026-07-13T21:58:12,attempted,app
order_0034003146,113769,cust_000848,2026-07-18T16:13:34,paid,web
order_0034003147,52305,cust_000994,2026-07-11T19:30:16,paid,pos
order_0034003148,488999,cust_000202,2026-07-06T17:40:35,paid,web
order_0034003149,39635,cust_001215,2026-07-07T18:33:43,attempted,pos
order_0034003150,63198,cust_001155,2026-07-02T10:50:35,paid,web
order_0034003151,56578,cust_000653,2026-07-11T05:21:03,paid,app
order_0034003152,4900,cust_000757,2026-07-31T09:13:04,paid,web
order_0034003153,23523,cust_001265,2026-07-22T17:28:31,paid,app
order_0034003154,15929,cust_000241,2026-07-30T02:52:04,paid,web
order_0034003155,163135,cust_000438,2026-07-11T09:20:11,paid,pos
order_0034003156,73757,cust_000968,2026-07-04T02:50:34,paid,app
order_0034003157,49508,cust_000932,2026-07-09T19:15:46,paid,web
order_0034003158,169370,cust_000460,2026-07-29T11:52:33,paid,app
order_0034003159,11138,cust_000670,2026-07-22T12:28:34,paid,pos
order_0034003160,39556,cust_001000,2026-07-18T14:41:48,paid,app
order_0034003161,37890,cust_000378,2026-07-28T09:20:38,paid,pos
order_0034003162,108533,cust_000940,2026-07-05T08:10:13,paid,web
order_0034003163,200810,cust_000004,2026-07-01T06:48:11,paid,web
order_0034003164,30126,cust_000199,2026-07-26T03:01:24,paid,app
order_0034003165,86836,cust_000935,2026-07-24T13:59:08,attempted,app
order_0034003166,73706,cust_001205,2026-07-11T22:27:55,paid,web
order_0034003167,44552,cust_000349,2026-07-15T00:40:27,paid,web
order_0034003168,8457,cust_001193,2026-07-21T17:07:54,paid,web
order_0034003169,194472,cust_000884,2026-07-06T02:55:09,paid,pos
order_0034003170,92371,cust_000353,2026-07-27T01:07:51,paid,app
order_0034003171,179570,cust_000359,2026-07-01T06:44:42,paid,web
order_0034003172,36373,cust_000522,2026-07-19T13:05:17,paid,web
order_0034003173,15752,cust_000915,2026-07-04T16:54:30,paid,app
order_0034003174,51797,cust_001222,2026-07-08T04:07:12,paid,web
order_0034003175,160589,cust_000510,2026-07-03T00:29:39,paid,web
order_0034003176,96991,cust_001194,2026-07-07T16:16:16,attempted,app
order_0034003177,92452,cust_000634,2026-07-20T01:27:13,paid,web
order_0034003178,437224,cust_000070,2026-07-22T06:05:48,attempted,app
order_0034003179,279878,cust_000105,2026-07-12T09:34:29,paid,web
order_0034003180,60982,cust_001034,2026-07-21T18:36:22,paid,web
order_0034003181,15663,cust_000490,2026-07-11T21:31:01,paid,pos
order_0034003182,58644,cust_000123,2026-07-02T09:36:42,paid,web
order_0034003183,165075,cust_000127,2026-07-04T15:06:34,paid,pos
order_0034003184,116876,cust_001305,2026-07-04T12:39:54,paid,app
order_0034003185,248608,cust_000280,2026-07-11T12:10:24,paid,app
order_0034003186,82257,cust_000377,2026-07-15T05:28:14,paid,pos
order_0034003187,100434,cust_000102,2026-07-09T13:30:03,paid,web
order_0034003188,36338,cust_001090,2026-07-20T10:31:28,paid,pos
order_0034003189,95103,cust_000314,2026-07-10T04:33:16,paid,web
order_0034003190,36511,cust_000498,2026-07-26T16:55:24,paid,app
order_0034003191,30881,cust_000523,2026-07-24T03:53:23,paid,app
order_0034003192,559637,cust_000889,2026-07-18T11:23:12,paid,web
order_0034003193,20575,cust_000723,2026-07-21T15:41:17,paid,app
order_0034003194,62089,cust_000601,2026-07-14T21:27:14,paid,pos
order_0034003195,20064,cust_000099,2026-07-25T05:12:21,paid,app
order_0034003196,67728,cust_000087,2026-07-02T12:55:27,paid,pos
order_0034003197,33730,cust_001230,2026-07-28T22:24:56,attempted,app
order_0034003198,88190,cust_000982,2026-07-09T12:03:43,paid,web
order_0034003199,128566,cust_000020,2026-07-31T06:43:21,paid,web
order_0034003200,92998,cust_000148,2026-07-07T12:59:09,paid,web
order_0034003201,60618,cust_000056,2026-07-25T03:58:20,paid,web
order_0034003202,250248,cust_000017,2026-07-28T00:02:38,paid,app
order_0034003203,88148,cust_000539,2026-07-04T03:51:25,attempted,web
order_0034003204,44640,cust_001071,2026-07-28T16:01:32,paid,app
order_0034003205,197660,cust_000981,2026-07-13T20:44:51,paid,web
order_0034003206,45546,cust_000335,2026-07-30T16:05:21,paid,app
order_0034003207,172742,cust_000203,2026-07-10T03:37:01,paid,web
order_0034003208,24294,cust_000729,2026-07-04T18:04:28,paid,pos
order_0034003209,33238,cust_001220,2026-07-04T14:28:09,paid,web
order_0034003210,109441,cust_000960,2026-07-18T23:26:50,paid,web
order_0034003211,94342,cust_000334,2026-07-18T21:51:46,paid,app
order_0034003212,210935,cust_000989,2026-07-29T01:27:54,paid,web
order_0034003213,11483,cust_000727,2026-07-17T08:22:33,paid,app
order_0034003214,27546,cust_000173,2026-07-19T18:08:07,attempted,app
order_0034003215,163970,cust_000984,2026-07-25T20:05:22,paid,app
order_0034003216,101003,cust_000775,2026-07-31T04:29:59,paid,pos
order_0034003217,73710,cust_000553,2026-07-27T15:12:40,paid,web
order_0034003218,43869,cust_000730,2026-07-21T10:06:40,paid,pos
order_0034003219,51273,cust_000913,2026-07-05T14:05:59,paid,web
order_0034003220,349893,cust_001103,2026-07-08T08:37:44,attempted,app
order_0034003221,68431,cust_000844,2026-07-12T12:47:03,paid,app
order_0034003222,26731,cust_000451,2026-07-25T22:27:44,paid,app
order_0034003223,20150,cust_001162,2026-07-31T10:14:11,paid,app
order_0034003224,228840,cust_000750,2026-07-25T04:27:11,attempted,app
order_0034003225,206631,cust_000660,2026-07-16T12:35:27,paid,pos
order_0034003226,200566,cust_000997,2026-07-29T05:12:53,paid,app
order_0034003227,18229,cust_000569,2026-07-07T14:08:53,paid,pos
order_0034003228,68258,cust_000541,2026-07-10T20:26:43,paid,app
order_0034003229,34898,cust_000342,2026-07-31T13:58:16,paid,app
order_0034003230,175637,cust_000208,2026-07-23T14:48:40,paid,app
order_0034003231,101944,cust_000514,2026-07-22T06:16:20,paid,app
order_0034003232,106227,cust_001068,2026-07-09T02:59:18,paid,app
order_0034003233,213787,cust_000065,2026-07-12T05:54:09,paid,web
order_0034003234,43055,cust_000535,2026-07-30T05:37:01,paid,web
order_0034003235,19795,cust_001021,2026-07-16T13:31:01,attempted,web
order_0034003236,63504,cust_000221,2026-07-28T11:01:15,paid,app
order_0034003237,15298,cust_000824,2026-07-28T15:26:37,paid,app
order_0034003238,108227,cust_000111,2026-07-19T03:31:09,attempted,app
order_0034003239,256136,cust_000228,2026-07-20T20:45:57,paid,pos
order_0034003240,35802,cust_000278,2026-07-08T19:52:26,paid,pos
order_0034003241,177787,cust_000496,2026-07-03T09:33:03,paid,web
order_0034003242,167928,cust_000974,2026-07-12T06:12:23,paid,web
order_0034003243,38590,cust_000914,2026-07-31T20:52:04,paid,app
order_0034003244,30375,cust_000344,2026-07-23T17:44:28,paid,app
order_0034003245,9306,cust_000619,2026-07-29T19:51:12,paid,web
order_0034003246,26591,cust_001046,2026-07-10T07:31:59,paid,pos
order_0034003247,78974,cust_000109,2026-07-15T06:58:10,paid,web
order_0034003248,94389,cust_000969,2026-07-24T16:10:38,paid,pos
order_0034003249,62942,cust_000082,2026-07-27T16:27:24,paid,pos
order_0034003250,583862,cust_000088,2026-07-27T02:53:43,paid,pos
order_0034003251,229393,cust_000363,2026-07-02T05:21:13,paid,pos
order_0034003252,170414,cust_000219,2026-07-08T23:53:42,paid,web
order_0034003253,239475,cust_000283,2026-07-30T16:40:09,paid,pos
order_0034003254,313279,cust_001262,2026-07-06T22:45:28,paid,web
order_0034003255,92364,cust_000437,2026-07-03T01:36:59,paid,app
order_0034003256,59232,cust_000775,2026-07-18T23:09:18,paid,app
order_0034003257,179761,cust_000981,2026-07-10T00:48:08,paid,pos
order_0034003258,137664,cust_000761,2026-07-13T16:33:25,paid,pos
order_0034003259,97889,cust_000616,2026-07-23T04:29:39,paid,web
order_0034003260,15989,cust_000965,2026-07-03T12:34:33,paid,pos
order_0034003261,43495,cust_001036,2026-07-10T08:11:32,paid,app
order_0034003262,125916,cust_000732,2026-07-27T11:28:53,paid,web
order_0034003263,7859,cust_001234,2026-07-11T00:06:14,paid,pos
order_0034003264,82827,cust_000005,2026-07-18T19:17:13,paid,web
order_0034003265,34069,cust_000313,2026-07-06T10:54:30,paid,app
order_0034003266,113369,cust_000795,2026-07-22T20:03:12,paid,web
order_0034003267,207322,cust_000308,2026-07-28T11:50:58,paid,app
order_0034003268,44044,cust_000612,2026-07-12T00:37:18,paid,app
order_0034003269,86568,cust_000459,2026-07-01T23:36:05,paid,app
order_0034003270,7130,cust_000285,2026-07-02T19:49:53,paid,web
order_0034003271,76692,cust_000409,2026-07-15T02:40:21,paid,web
order_0034003272,6893,cust_000650,2026-07-20T20:01:31,paid,app
order_0034003273,141322,cust_000173,2026-07-30T08:36:09,paid,app
order_0034003274,14460,cust_000446,2026-07-21T04:35:49,paid,app
order_0034003275,34947,cust_001143,2026-07-05T19:48:34,paid,app
order_0034003276,44595,cust_000751,2026-07-07T07:20:57,attempted,pos
order_0034003277,25619,cust_001041,2026-07-06T22:30:13,paid,app
order_0034003278,55712,cust_000742,2026-07-28T16:22:39,paid,web
order_0034003279,464912,cust_000954,2026-07-12T16:24:27,paid,app
order_0034003280,105253,cust_000399,2026-07-29T03:31:57,paid,web
order_0034003281,155022,cust_001287,2026-07-06T21:58:45,paid,web
order_0034003282,117937,cust_000601,2026-07-18T23:53:38,paid,web
order_0034003283,90735,cust_000373,2026-07-27T21:38:55,paid,web
order_0034003284,72367,cust_000611,2026-07-31T22:19:21,paid,web
order_0034003285,263771,cust_000593,2026-07-27T05:48:01,paid,app
order_0034003286,22742,cust_000356,2026-07-05T05:26:03,paid,app
order_0034003287,91323,cust_001204,2026-07-29T01:16:55,paid,web
order_0034003288,40947,cust_000957,2026-07-04T17:38:19,paid,app
order_0034003289,35905,cust_000659,2026-07-04T20:53:54,attempted,pos
order_0034003290,283681,cust_000978,2026-07-29T12:25:15,paid,app
order_0034003291,96801,cust_001099,2026-07-22T08:20:54,paid,pos
order_0034003292,158605,cust_000740,2026-07-06T08:30:04,paid,web
order_0034003293,218024,cust_000910,2026-07-14T12:32:57,paid,app
order_0034003294,144366,cust_001209,2026-07-15T16:35:44,paid,app
order_0034003295,14210,cust_000373,2026-07-20T17:48:44,paid,web
order_0034003296,55490,cust_000870,2026-07-27T13:45:35,paid,web
order_0034003297,66362,cust_000248,2026-07-17T05:01:55,paid,app
order_0034003298,82644,cust_000293,2026-07-16T04:03:41,paid,app
order_0034003299,71545,cust_001032,2026-07-04T23:06:13,paid,web
order_0034003300,392222,cust_000809,2026-07-31T12:59:48,attempted,web
order_0034003301,217132,cust_000185,2026-07-28T14:13:14,attempted,app
order_0034003302,156116,cust_001044,2026-07-07T13:45:03,paid,pos
order_0034003303,33144,cust_000676,2026-07-25T12:49:02,paid,web
order_0034003304,524626,cust_000455,2026-07-06T13:05:00,paid,app
order_0034003305,89206,cust_000667,2026-07-06T01:46:58,paid,web
order_0034003306,189142,cust_001170,2026-07-11T08:44:38,paid,web
order_0034003307,22738,cust_000102,2026-07-19T12:39:50,paid,web
order_0034003308,305130,cust_000204,2026-07-19T03:16:42,paid,app
order_0034003309,39116,cust_001093,2026-07-24T10:44:03,paid,app
order_0034003310,143440,cust_000551,2026-07-24T17:54:51,attempted,app
order_0034003311,360984,cust_000612,2026-07-17T10:17:45,paid,app
order_0034003312,67629,cust_000362,2026-07-14T22:04:59,paid,web
order_0034003313,73586,cust_001322,2026-07-12T14:44:38,paid,web
order_0034003314,767461,cust_000453,2026-07-30T12:35:42,paid,app
order_0034003315,365086,cust_001195,2026-07-29T22:18:29,paid,web
order_0034003316,82771,cust_001110,2026-07-16T04:40:38,paid,web
order_0034003317,34600,cust_000300,2026-07-10T04:19:56,paid,app
order_0034003318,48387,cust_001143,2026-07-03T04:09:21,paid,web
order_0034003319,17154,cust_001015,2026-07-14T23:13:43,attempted,web
order_0034003320,39550,cust_000025,2026-07-18T03:41:24,paid,app
order_0034003321,99439,cust_000744,2026-07-17T02:09:22,paid,app
order_0034003322,43679,cust_000485,2026-07-11T22:34:09,paid,web
order_0034003323,13492,cust_000530,2026-07-19T05:40:13,paid,pos
order_0034003324,83348,cust_000550,2026-07-26T02:33:09,paid,web
order_0034003325,97740,cust_000129,2026-07-19T09:49:59,paid,web
order_0034003326,14594,cust_000001,2026-07-22T17:03:16,paid,web
order_0034003327,35045,cust_001185,2026-07-25T18:28:07,paid,web
order_0034003328,82774,cust_001125,2026-07-09T10:04:04,paid,pos
order_0034003329,257336,cust_000016,2026-07-20T15:44:05,paid,pos
order_0034003330,48817,cust_000930,2026-07-29T21:32:58,paid,app
order_0034003331,27646,cust_000991,2026-07-18T23:50:45,paid,app
order_0034003332,30713,cust_000747,2026-07-19T10:42:26,paid,app
order_0034003333,129743,cust_000938,2026-07-04T13:07:47,paid,pos
order_0034003334,40811,cust_000200,2026-07-10T20:48:26,paid,pos
order_0034003335,64128,cust_000315,2026-07-04T11:43:26,paid,app
order_0034003336,80683,cust_000300,2026-07-03T14:31:33,paid,app
order_0034003337,61168,cust_001104,2026-07-24T14:22:36,paid,pos
order_0034003338,47167,cust_000663,2026-07-10T15:32:32,paid,pos
order_0034003339,105477,cust_000156,2026-07-24T04:21:38,attempted,app
order_0034003340,14365,cust_000700,2026-07-05T00:50:45,attempted,web
order_0034003341,47511,cust_001001,2026-07-18T21:07:49,paid,pos
order_0034003342,58584,cust_000275,2026-07-09T17:25:28,paid,web
order_0034003343,39521,cust_000581,2026-07-07T23:25:50,paid,web
order_0034003344,45595,cust_000791,2026-07-12T11:56:40,paid,web
order_0034003345,93364,cust_000753,2026-07-07T22:11:48,paid,pos
order_0034003346,16333,cust_000133,2026-07-24T04:14:33,paid,pos
order_0034003347,78355,cust_000499,2026-07-26T10:25:43,paid,app
order_0034003348,40237,cust_001221,2026-07-17T22:45:39,paid,app
order_0034003349,16636,cust_000358,2026-07-12T05:10:24,paid,web
order_0034003350,75889,cust_000192,2026-07-09T10:14:51,paid,app
order_0034003351,19113,cust_000633,2026-07-28T21:27:20,paid,web
order_0034003352,140511,cust_001110,2026-07-08T18:14:16,paid,app
order_0034003353,96859,cust_000137,2026-07-20T06:06:20,paid,app
order_0034003354,141424,cust_000089,2026-07-27T03:52:55,paid,app
order_0034003355,54228,cust_000966,2026-07-29T04:46:52,paid,app
order_0034003356,148557,cust_001029,2026-07-20T08:12:49,paid,web
order_0034003357,22992,cust_000450,2026-07-12T09:49:29,paid,app
order_0034003358,40915,cust_000214,2026-07-25T04:47:40,paid,app
order_0034003359,222485,cust_000874,2026-07-07T12:52:21,attempted,web
order_0034003360,22207,cust_001041,2026-07-25T18:20:58,paid,app
order_0034003361,96281,cust_001254,2026-07-08T13:48:30,paid,web
order_0034003362,27419,cust_000944,2026-07-06T22:53:51,paid,app
order_0034003363,52031,cust_000730,2026-07-13T23:04:33,paid,web
order_0034003364,85411,cust_000112,2026-07-16T04:28:27,paid,app
order_0034003365,32948,cust_000356,2026-07-21T07:46:18,paid,app
order_0034003366,93281,cust_000038,2026-07-03T09:24:27,attempted,pos
order_0034003367,51540,cust_000468,2026-07-17T07:48:12,attempted,web
order_0034003368,124540,cust_000544,2026-07-06T10:19:08,paid,pos
order_0034003369,66119,cust_000579,2026-07-19T15:37:19,paid,web
order_0034003370,89117,cust_000957,2026-07-05T11:22:36,paid,web
order_0034003371,82937,cust_000471,2026-07-13T13:01:06,paid,app
order_0034003372,493483,cust_000803,2026-07-28T23:11:09,paid,app
order_0034003373,141258,cust_000694,2026-07-24T11:48:29,paid,web
order_0034003374,391957,cust_000610,2026-07-02T07:45:39,paid,web
order_0034003375,41806,cust_000595,2026-07-16T13:35:48,paid,app
order_0034003376,80504,cust_001019,2026-07-31T13:56:57,paid,web
order_0034003377,50793,cust_000521,2026-07-04T11:32:23,paid,web
order_0034003378,7523,cust_000205,2026-07-19T18:02:03,paid,app
order_0034003379,18599,cust_000457,2026-07-19T06:05:35,paid,web
order_0034003380,15398,cust_000955,2026-07-11T22:44:11,paid,web
order_0034003381,61796,cust_000951,2026-07-22T11:55:44,paid,pos
order_0034003382,43695,cust_000851,2026-07-01T23:32:43,paid,pos
order_0034003383,32206,cust_000642,2026-07-27T12:28:53,paid,app
order_0034003384,34681,cust_000545,2026-07-08T07:39:59,attempted,app
order_0034003385,62504,cust_000780,2026-07-12T23:40:03,paid,app
order_0034003386,674726,cust_001279,2026-07-01T01:34:06,paid,app
order_0034003387,94226,cust_001305,2026-07-02T05:26:35,paid,pos
order_0034003388,108489,cust_001089,2026-07-17T17:19:43,paid,web
order_0034003389,76483,cust_001311,2026-07-27T15:41:41,paid,app
order_0034003390,16316,cust_000449,2026-07-06T01:57:19,paid,web
order_0034003391,95045,cust_000247,2026-07-28T07:31:27,paid,app
order_0034003392,68747,cust_000976,2026-07-27T21:53:39,paid,web
order_0034003393,439307,cust_001117,2026-07-17T05:22:39,paid,web
order_0034003394,28858,cust_001060,2026-07-14T10:01:16,paid,app
order_0034003395,71616,cust_000159,2026-07-15T10:29:06,attempted,pos
order_0034003396,234798,cust_001172,2026-07-27T16:46:39,attempted,app
order_0034003397,54778,cust_000393,2026-07-29T03:44:11,paid,web
order_0034003398,223223,cust_000290,2026-07-26T07:23:15,attempted,web
order_0034003399,126244,cust_001312,2026-07-28T07:00:06,paid,web
order_0034003400,35598,cust_000872,2026-07-17T07:42:02,paid,web
order_0034003401,236685,cust_000106,2026-07-27T16:11:36,attempted,pos
order_0034003402,32878,cust_001178,2026-07-24T09:56:05,paid,app
order_0034003403,95436,cust_000513,2026-07-23T09:33:55,paid,web
order_0034003404,551168,cust_000839,2026-07-04T09:37:44,paid,app
order_0034003405,226828,cust_001285,2026-07-12T05:00:16,paid,app
order_0034003406,89210,cust_001302,2026-07-30T09:57:53,paid,app
order_0034003407,147015,cust_000999,2026-07-05T10:54:26,attempted,web
order_0034003408,10901,cust_000813,2026-07-11T18:48:49,paid,app
order_0034003409,30070,cust_000140,2026-07-08T21:53:57,paid,app
order_0034003410,126073,cust_000427,2026-07-26T04:36:29,paid,pos
order_0034003411,36636,cust_000492,2026-07-25T15:36:13,paid,app
order_0034003412,38374,cust_000567,2026-07-22T14:45:32,paid,app
order_0034003413,22764,cust_000268,2026-07-10T04:32:22,paid,app
order_0034003414,24517,cust_001265,2026-07-26T13:56:22,paid,web
order_0034003415,32182,cust_000185,2026-07-21T19:37:48,attempted,web
order_0034003416,99121,cust_000891,2026-07-28T19:51:40,attempted,pos
order_0034003417,408624,cust_001139,2026-07-14T03:01:44,paid,web
order_0034003418,115240,cust_000212,2026-07-14T22:03:30,paid,app
order_0034003419,203502,cust_000166,2026-07-19T23:40:46,paid,pos
order_0034003420,70782,cust_000112,2026-07-03T08:25:55,paid,web
order_0034003421,45179,cust_000330,2026-07-29T11:37:15,paid,web
order_0034003422,121030,cust_000438,2026-07-09T09:16:00,paid,app
order_0034003423,16139,cust_000452,2026-07-05T16:12:25,paid,pos
order_0034003424,16602,cust_000187,2026-07-26T02:59:24,paid,web
order_0034003425,279607,cust_000705,2026-07-19T04:50:33,paid,web
order_0034003426,83203,cust_001278,2026-07-08T06:48:41,paid,web
order_0034003427,155911,cust_000241,2026-07-18T04:16:45,attempted,pos
order_0034003428,39279,cust_000840,2026-07-05T14:10:34,attempted,app
order_0034003429,6833,cust_000972,2026-07-19T06:35:48,paid,pos
order_0034003430,109597,cust_000111,2026-07-24T07:24:37,paid,pos
order_0034003431,113438,cust_000755,2026-07-02T22:21:57,paid,app
order_0034003432,38143,cust_000873,2026-07-31T13:47:47,attempted,pos
order_0034003433,48255,cust_001020,2026-07-17T19:36:28,paid,web
order_0034003434,121075,cust_000892,2026-07-23T15:25:53,paid,web
order_0034003435,91289,cust_001048,2026-07-08T15:36:40,paid,pos
order_0034003436,99174,cust_000686,2026-07-24T12:25:27,attempted,pos
order_0034003437,186515,cust_000707,2026-07-10T01:34:37,paid,web
order_0034003438,29197,cust_000392,2026-07-23T05:41:48,paid,web
order_0034003439,145990,cust_000483,2026-07-23T13:48:29,paid,web
order_0034003440,201087,cust_000161,2026-07-08T08:47:35,paid,web
order_0034003441,105999,cust_000931,2026-07-13T21:18:44,paid,app
order_0034003442,26203,cust_000582,2026-07-25T14:56:55,paid,app
order_0034003443,4900,cust_000849,2026-07-16T12:13:20,paid,pos
order_0034003444,36321,cust_001223,2026-07-29T16:44:48,paid,web
order_0034003445,231319,cust_000947,2026-07-20T01:06:18,paid,app
order_0034003446,93582,cust_000782,2026-07-18T01:22:06,paid,web
order_0034003447,95796,cust_000109,2026-07-28T14:34:27,paid,app
order_0034003448,26732,cust_000592,2026-07-18T01:30:42,paid,app
order_0034003449,55020,cust_000412,2026-07-19T05:50:03,paid,app
order_0034003450,31050,cust_000821,2026-07-01T14:37:24,paid,app
order_0034003451,247375,cust_001074,2026-07-02T02:29:13,paid,web
order_0034003452,125844,cust_000008,2026-07-29T03:42:37,paid,web
order_0034003453,283140,cust_001035,2026-07-31T10:54:46,paid,app
order_0034003454,128513,cust_000318,2026-07-28T02:09:36,paid,app
order_0034003455,132111,cust_000795,2026-07-20T13:53:27,paid,pos
order_0034003456,35877,cust_000397,2026-07-03T20:54:15,attempted,pos
order_0034003457,10444,cust_000807,2026-07-18T02:20:34,paid,app
order_0034003458,381276,cust_000136,2026-07-31T01:14:12,paid,pos
order_0034003459,55450,cust_001151,2026-07-30T02:31:21,paid,web
order_0034003460,42331,cust_000430,2026-07-18T07:41:20,paid,app
order_0034003461,583067,cust_001327,2026-07-14T18:33:22,attempted,web
order_0034003462,39081,cust_000230,2026-07-22T12:23:54,paid,pos
order_0034003463,50477,cust_000134,2026-07-20T14:15:39,paid,app
order_0034003464,427721,cust_001331,2026-07-21T05:48:49,paid,app
order_0034003465,42322,cust_000972,2026-07-20T17:18:36,paid,web
order_0034003466,180376,cust_000623,2026-07-09T03:28:58,attempted,web
order_0034003467,24167,cust_000411,2026-07-08T04:25:17,paid,web
order_0034003468,64320,cust_000825,2026-07-17T02:42:26,paid,web
order_0034003469,328370,cust_000685,2026-07-16T04:03:04,paid,web
order_0034003470,135930,cust_000210,2026-07-07T17:42:08,paid,web
order_0034003471,86282,cust_001039,2026-07-28T11:40:16,paid,web
order_0034003472,72899,cust_000358,2026-07-01T01:30:07,paid,app
order_0034003473,56930,cust_000645,2026-07-15T22:36:29,paid,pos
order_0034003474,76420,cust_000895,2026-07-07T16:05:00,paid,web
order_0034003475,104638,cust_000942,2026-07-10T00:18:28,paid,pos
order_0034003476,57011,cust_000684,2026-07-06T22:40:05,paid,app
order_0034003477,60919,cust_000266,2026-07-02T04:28:37,paid,web
order_0034003478,12766,cust_000390,2026-07-09T18:05:32,paid,web
order_0034003479,778388,cust_000917,2026-07-09T19:34:54,paid,app
order_0034003480,38577,cust_000230,2026-07-26T09:46:27,paid,app
order_0034003481,538386,cust_000934,2026-07-21T06:04:35,paid,web
order_0034003482,236357,cust_000105,2026-07-18T07:56:00,paid,pos
order_0034003483,276548,cust_000369,2026-07-16T07:28:49,paid,app
order_0034003484,141747,cust_000725,2026-07-31T12:25:53,paid,pos
order_0034003485,49215,cust_001006,2026-07-14T12:29:42,paid,app
order_0034003486,88187,cust_000081,2026-07-01T11:00:56,paid,app
order_0034003487,48354,cust_000303,2026-07-31T05:39:19,attempted,web
order_0034003488,440032,cust_000471,2026-07-30T01:41:29,paid,web
order_0034003489,75436,cust_000480,2026-07-20T03:33:54,paid,web
order_0034003490,337336,cust_000059,2026-07-08T23:51:01,paid,app
order_0034003491,321754,cust_000490,2026-07-04T13:10:01,paid,app
order_0034003492,143610,cust_000543,2026-07-14T07:13:06,paid,app
order_0034003493,10904,cust_000144,2026-07-13T12:53:38,paid,app
order_0034003494,123631,cust_000871,2026-07-03T22:59:46,paid,app
order_0034003495,99558,cust_000738,2026-07-27T05:23:21,paid,web
order_0034003496,34653,cust_000826,2026-07-23T05:27:54,paid,web
order_0034003497,15462,cust_000965,2026-07-13T05:26:53,paid,app
order_0034003498,29170,cust_001216,2026-07-14T00:03:18,paid,pos
order_0034003499,232145,cust_000223,2026-07-17T15:03:31,paid,app
order_0034003500,99688,cust_001305,2026-07-03T14:42:09,paid,web
order_0034003501,39322,cust_000055,2026-07-12T07:35:07,attempted,pos
order_0034003502,160759,cust_000372,2026-07-05T00:38:48,paid,pos
order_0034003503,31812,cust_000640,2026-07-26T00:10:01,paid,web
order_0034003504,19151,cust_001199,2026-07-07T09:42:37,paid,app
order_0034003505,23167,cust_000597,2026-07-03T05:00:30,paid,app
order_0034003506,62129,cust_001010,2026-07-08T00:51:37,paid,pos
order_0034003507,127065,cust_001084,2026-07-03T00:53:04,paid,web
order_0034003508,37762,cust_001209,2026-07-04T02:43:11,paid,web
order_0034003509,142168,cust_000781,2026-07-22T05:41:22,paid,web
order_0034003510,136572,cust_000491,2026-07-07T06:29:16,paid,app
order_0034003511,455643,cust_000203,2026-07-04T17:51:40,paid,app
order_0034003512,128026,cust_000173,2026-07-17T13:58:43,paid,app
order_0034003513,138996,cust_001288,2026-07-07T21:07:07,paid,pos
order_0034003514,95354,cust_000055,2026-07-19T08:26:31,paid,pos
order_0034003515,389063,cust_001200,2026-07-20T13:48:42,paid,app
order_0034003516,26391,cust_000406,2026-07-10T20:45:51,paid,app
order_0034003517,206741,cust_000480,2026-07-18T02:51:20,paid,pos
order_0034003518,132083,cust_000734,2026-07-05T00:08:16,attempted,web
order_0034003519,65633,cust_000785,2026-07-26T07:17:26,paid,web
order_0034003520,56951,cust_000339,2026-07-18T10:34:49,paid,app
order_0034003521,38875,cust_000095,2026-07-14T01:01:43,paid,app
order_0034003522,54254,cust_000268,2026-07-20T04:20:38,paid,web
order_0034003523,80358,cust_000825,2026-07-07T11:16:50,paid,web
order_0034003524,44665,cust_000999,2026-07-29T13:12:17,paid,app
order_0034003525,39348,cust_000121,2026-07-30T20:48:55,paid,app
order_0034003526,24648,cust_000109,2026-07-18T22:17:42,attempted,web
order_0034003527,52658,cust_000365,2026-07-27T09:04:39,attempted,app
order_0034003528,294465,cust_000963,2026-07-04T23:36:21,paid,web
order_0034003529,244539,cust_000713,2026-07-24T18:55:10,attempted,app
order_0034003530,121213,cust_000207,2026-07-07T21:27:52,paid,app
order_0034003531,619421,cust_000726,2026-07-15T02:03:37,paid,app
order_0034003532,21990,cust_000651,2026-07-26T04:22:41,paid,web
order_0034003533,51679,cust_001087,2026-07-19T23:42:56,paid,web
order_0034003534,66600,cust_000537,2026-07-25T22:37:05,paid,pos
order_0034003535,51657,cust_001236,2026-07-01T06:00:55,paid,web
order_0034003536,45646,cust_000863,2026-07-06T15:21:58,paid,pos
order_0034003537,37112,cust_000370,2026-07-31T04:41:04,paid,app
order_0034003538,84446,cust_000186,2026-07-23T02:33:08,paid,pos
order_0034003539,37181,cust_001112,2026-07-23T23:42:19,paid,web
order_0034003540,76585,cust_000087,2026-07-10T22:28:31,paid,web
order_0034003541,202063,cust_000661,2026-07-22T08:03:16,attempted,web
order_0034003542,173894,cust_000287,2026-07-16T17:46:18,paid,web
order_0034003543,120688,cust_000655,2026-07-19T12:04:21,paid,web
order_0034003544,196400,cust_001147,2026-07-08T05:32:58,paid,app
order_0034003545,61356,cust_001275,2026-07-27T05:36:03,paid,app
order_0034003546,168837,cust_001294,2026-07-01T00:40:03,paid,app
order_0034003547,144674,cust_000565,2026-07-03T17:41:19,paid,app
order_0034003548,64954,cust_001107,2026-07-09T16:09:40,paid,web
order_0034003549,13744,cust_001222,2026-07-16T18:17:00,paid,web
order_0034003550,112402,cust_000881,2026-07-14T04:55:38,paid,app
order_0034003551,181101,cust_001278,2026-07-17T04:55:04,paid,app
order_0034003552,33500,cust_000024,2026-07-17T02:05:03,paid,pos
order_0034003553,168900,cust_000762,2026-07-14T16:06:40,attempted,app
order_0034003554,393472,cust_000890,2026-07-07T14:19:54,paid,web
order_0034003555,102195,cust_000754,2026-07-26T11:43:58,attempted,pos
order_0034003556,225934,cust_001296,2026-07-01T11:42:26,paid,app
order_0034003557,127261,cust_000538,2026-07-11T09:14:41,paid,web
order_0034003558,10263,cust_000255,2026-07-27T20:54:11,paid,app
order_0034003559,140570,cust_001253,2026-07-10T15:14:18,paid,web
order_0034003560,37185,cust_000771,2026-07-17T07:10:16,paid,web
order_0034003561,46193,cust_001182,2026-07-23T03:12:34,paid,web
order_0034003562,52681,cust_000666,2026-07-09T07:46:15,paid,pos
order_0034003563,117796,cust_000446,2026-07-27T05:50:46,paid,app
order_0034003564,37532,cust_000494,2026-07-04T02:20:34,paid,app
order_0034003565,160014,cust_000617,2026-07-31T15:24:26,paid,pos
order_0034003566,81423,cust_000646,2026-07-22T17:21:25,paid,pos
order_0034003567,64208,cust_001081,2026-07-05T23:27:51,paid,web
order_0034003568,94259,cust_000299,2026-07-22T19:47:36,paid,web
order_0034003569,405529,cust_000135,2026-07-16T08:49:08,paid,app
order_0034003570,118308,cust_000432,2026-07-25T17:27:38,paid,web
order_0034003571,116432,cust_000501,2026-07-31T00:49:15,paid,web
order_0034003572,37618,cust_000565,2026-07-04T01:45:51,paid,web
order_0034003573,156273,cust_000782,2026-07-09T22:56:50,paid,app
order_0034003574,35809,cust_000636,2026-07-14T02:56:56,paid,web
order_0034003575,105353,cust_000588,2026-07-22T01:59:32,paid,pos
order_0034003576,105269,cust_000092,2026-07-07T13:59:18,paid,app
order_0034003577,209128,cust_000806,2026-07-08T17:37:42,paid,pos
order_0034003578,54155,cust_000397,2026-07-05T19:18:52,attempted,app
order_0034003579,791779,cust_000002,2026-07-25T00:31:35,paid,web
order_0034003580,49051,cust_000333,2026-07-10T15:03:15,paid,pos
order_0034003581,124457,cust_000847,2026-07-02T03:11:11,paid,web
order_0034003582,53505,cust_000722,2026-07-25T05:32:15,paid,web
order_0034003583,47222,cust_001046,2026-07-21T22:54:17,paid,pos
order_0034003584,270988,cust_000112,2026-07-26T16:47:26,paid,web
order_0034003585,119664,cust_001084,2026-07-09T15:49:20,paid,web
order_0034003586,190585,cust_000186,2026-07-13T19:49:33,paid,web
order_0034003587,71240,cust_001047,2026-07-11T02:42:40,paid,pos
order_0034003588,66798,cust_000764,2026-07-23T06:57:17,paid,app
order_0034003589,420803,cust_000736,2026-07-27T22:35:27,attempted,pos
order_0034003590,49359,cust_000033,2026-07-10T02:54:21,paid,web
order_0034003591,63949,cust_000683,2026-07-31T13:31:59,paid,web
order_0034003592,69045,cust_000515,2026-07-28T06:02:38,paid,web
order_0034003593,186151,cust_001044,2026-07-13T09:10:49,paid,web
order_0034003594,32126,cust_000471,2026-07-04T11:45:34,paid,app
order_0034003595,68468,cust_000837,2026-07-28T16:21:48,paid,app
order_0034003596,212731,cust_000705,2026-07-20T04:43:23,paid,web
order_0034003597,72332,cust_000864,2026-07-16T19:25:30,attempted,app
order_0034003598,47292,cust_000252,2026-07-20T07:56:54,paid,web
order_0034003599,37592,cust_000153,2026-07-09T15:46:52,paid,app
order_0034003600,4900,cust_001111,2026-07-08T00:57:35,paid,app
order_0034003601,53997,cust_000542,2026-07-31T06:41:58,paid,pos
order_0034003602,118364,cust_000014,2026-07-13T17:36:17,paid,app
order_0034003603,29392,cust_000278,2026-07-31T19:49:43,paid,app
order_0034003604,68144,cust_000453,2026-07-28T16:20:46,paid,app
order_0034003605,40242,cust_000668,2026-07-17T23:24:21,paid,app
order_0034003606,19370,cust_000205,2026-07-10T06:26:00,paid,app
order_0034003607,106477,cust_001019,2026-07-06T01:37:18,paid,app
order_0034003608,20313,cust_000215,2026-07-04T03:28:57,paid,web
order_0034003609,36097,cust_000580,2026-07-17T11:36:56,paid,pos
order_0034003610,27831,cust_000302,2026-07-24T10:55:05,paid,app
order_0034003611,90938,cust_000911,2026-07-23T23:59:40,paid,web
order_0034003612,14710,cust_000053,2026-07-05T00:57:31,attempted,web
order_0034003613,157676,cust_000320,2026-07-22T16:01:56,paid,app
order_0034003614,41681,cust_001206,2026-07-21T12:03:06,paid,app
order_0034003615,31329,cust_000083,2026-07-12T10:49:28,paid,web
order_0034003616,17946,cust_000045,2026-07-16T20:34:43,paid,web
order_0034003617,94408,cust_001062,2026-07-19T00:46:48,attempted,web
order_0034003618,351549,cust_001004,2026-07-23T12:02:47,paid,app
order_0034003619,34383,cust_000774,2026-07-22T05:09:07,paid,web
order_0034003620,53551,cust_000838,2026-07-12T03:28:02,paid,web
order_0034003621,71457,cust_000284,2026-07-31T03:40:32,paid,app
order_0034003622,76760,cust_000389,2026-07-25T11:53:40,paid,web
order_0034003623,126237,cust_000153,2026-07-26T19:41:54,paid,web
order_0034003624,51639,cust_000320,2026-07-19T13:51:29,paid,web
order_0034003625,64402,cust_001173,2026-07-27T07:00:50,paid,pos
order_0034003626,538093,cust_000402,2026-07-30T14:19:50,paid,app
order_0034003627,68655,cust_000270,2026-07-24T07:11:44,paid,app
order_0034003628,59304,cust_000056,2026-07-15T12:32:07,paid,web
order_0034003629,39429,cust_001105,2026-07-25T20:35:53,paid,app
order_0034003630,311763,cust_000795,2026-07-16T07:12:25,paid,web
order_0034003631,208077,cust_001097,2026-07-28T10:33:16,attempted,pos
order_0034003632,107134,cust_000370,2026-07-12T10:10:47,paid,app
order_0034003633,38582,cust_000286,2026-07-10T22:14:29,paid,app
order_0034003634,12495,cust_000524,2026-07-18T19:41:38,paid,app
order_0034003635,173627,cust_000584,2026-07-14T07:59:35,paid,pos
order_0034003636,71820,cust_000870,2026-07-11T17:42:39,paid,web
order_0034003637,40281,cust_000669,2026-07-03T12:23:42,paid,web
order_0034003638,181741,cust_000641,2026-07-29T19:03:15,paid,app
order_0034003639,205338,cust_001099,2026-07-15T23:27:01,paid,web
order_0034003640,52969,cust_001135,2026-07-19T11:27:22,paid,app
order_0034003641,27544,cust_000584,2026-07-29T15:51:14,attempted,web
order_0034003642,38922,cust_000053,2026-07-11T21:32:10,paid,web
order_0034003643,83228,cust_000803,2026-07-08T20:25:58,paid,pos
order_0034003644,1532362,cust_000577,2026-07-13T08:00:25,paid,pos
order_0034003645,165580,cust_001319,2026-07-04T07:38:47,attempted,pos
order_0034003646,57867,cust_000454,2026-07-24T02:11:23,paid,app
order_0034003647,27548,cust_000784,2026-07-16T08:32:18,paid,app
order_0034003648,37575,cust_001270,2026-07-27T12:14:07,paid,web
order_0034003649,51836,cust_000876,2026-07-27T14:49:11,paid,app
order_0034003650,18577,cust_000449,2026-07-31T06:58:22,paid,app
order_0034003651,29078,cust_000740,2026-07-08T04:09:45,paid,pos
order_0034003652,190249,cust_000264,2026-07-16T13:30:55,attempted,web
order_0034003653,87178,cust_000184,2026-07-12T12:01:19,paid,web
order_0034003654,25697,cust_001270,2026-07-05T18:36:12,paid,app
order_0034003655,49322,cust_001049,2026-07-29T19:07:17,paid,app
order_0034003656,182406,cust_000609,2026-07-29T07:41:25,paid,web
order_0034003657,104369,cust_001116,2026-07-30T00:21:47,paid,app
order_0034003658,246821,cust_001220,2026-07-23T14:05:44,paid,web
order_0034003659,76347,cust_000187,2026-07-03T23:52:02,paid,web
order_0034003660,13443,cust_000275,2026-07-17T05:37:00,paid,pos
order_0034003661,53184,cust_001195,2026-07-21T07:07:56,paid,app
order_0034003662,38819,cust_000817,2026-07-29T15:39:27,paid,web
order_0034003663,25323,cust_001080,2026-07-17T19:04:36,paid,app
order_0034003664,41505,cust_000876,2026-07-31T23:22:42,paid,app
order_0034003665,274247,cust_000354,2026-07-02T01:17:05,paid,app
order_0034003666,69999,cust_000536,2026-07-01T14:59:49,attempted,pos
order_0034003667,57346,cust_000349,2026-07-03T11:37:59,paid,app
order_0034003668,234022,cust_000152,2026-07-10T14:28:11,paid,web
order_0034003669,38683,cust_000720,2026-07-05T06:46:47,paid,web
order_0034003670,73096,cust_000935,2026-07-19T12:53:50,attempted,web
order_0034003671,186290,cust_000184,2026-07-05T15:33:34,paid,pos
order_0034003672,220575,cust_000301,2026-07-12T22:35:30,paid,app
order_0034003673,12711,cust_000835,2026-07-29T06:51:09,paid,app
order_0034003674,37641,cust_001262,2026-07-12T06:01:19,paid,web
order_0034003675,217548,cust_001240,2026-07-12T15:14:24,paid,web
order_0034003676,39326,cust_001314,2026-07-17T23:40:06,paid,web
order_0034003677,387959,cust_001305,2026-07-25T06:42:19,paid,app
order_0034003678,52523,cust_001010,2026-07-28T11:48:44,paid,app
order_0034003679,81223,cust_000817,2026-07-06T15:52:15,attempted,app
order_0034003680,147809,cust_000746,2026-07-24T13:32:14,paid,pos
order_0034003681,55093,cust_000959,2026-07-11T17:10:34,paid,web
order_0034003682,695735,cust_000005,2026-07-26T10:29:50,paid,web
order_0034003683,430972,cust_000773,2026-07-25T13:52:27,paid,pos
order_0034003684,129927,cust_000788,2026-07-17T00:04:50,paid,web
order_0034003685,46050,cust_000363,2026-07-26T14:48:31,paid,web
order_0034003686,138344,cust_001304,2026-07-09T17:13:06,paid,web
order_0034003687,290334,cust_000172,2026-07-16T00:56:21,attempted,app
order_0034003688,97288,cust_000538,2026-07-11T08:29:02,paid,app
order_0034003689,319263,cust_000008,2026-07-04T21:33:27,paid,pos
order_0034003690,79737,cust_000899,2026-07-02T10:25:22,paid,web
order_0034003691,56712,cust_000498,2026-07-08T17:41:44,paid,app
order_0034003692,96128,cust_000070,2026-07-14T20:23:38,paid,pos
order_0034003693,189959,cust_000205,2026-07-17T09:08:16,paid,app
order_0034003694,87365,cust_000350,2026-07-11T20:33:16,paid,pos
order_0034003695,106478,cust_001084,2026-07-25T06:15:16,paid,pos
order_0034003696,72611,cust_000420,2026-07-04T03:55:38,paid,app
order_0034003697,23377,cust_001321,2026-07-31T21:09:10,paid,app
order_0034003698,160980,cust_000147,2026-07-14T20:51:31,paid,web
order_0034003699,37288,cust_000939,2026-07-01T19:30:34,paid,web
order_0034003700,174582,cust_000350,2026-07-25T04:13:16,paid,web
order_0034003701,29570,cust_001270,2026-07-08T06:15:51,paid,app
order_0034003702,64874,cust_000660,2026-07-08T14:31:28,paid,app
order_0034003703,57871,cust_001306,2026-07-27T09:27:36,paid,web
order_0034003704,90076,cust_000795,2026-07-16T01:24:55,paid,app
order_0034003705,51473,cust_000124,2026-07-18T13:52:59,paid,web
order_0034003706,11975,cust_000938,2026-07-12T21:03:33,paid,web
order_0034003707,973349,cust_000891,2026-07-20T01:20:24,attempted,app
order_0034003708,52149,cust_000861,2026-07-01T14:29:45,paid,web
order_0034003709,45118,cust_001064,2026-07-29T04:12:34,paid,web
order_0034003710,79251,cust_000632,2026-07-25T14:02:32,paid,app
order_0034003711,132750,cust_000737,2026-07-03T16:42:59,paid,pos
order_0034003712,52593,cust_001128,2026-07-18T20:33:20,paid,app
order_0034003713,147107,cust_001010,2026-07-03T01:53:24,attempted,app
order_0034003714,77793,cust_000772,2026-07-02T12:53:18,paid,web
order_0034003715,86419,cust_000400,2026-07-24T01:16:30,paid,app
order_0034003716,77157,cust_000461,2026-07-12T13:33:14,attempted,web
order_0034003717,26117,cust_001033,2026-07-10T01:30:00,attempted,app
order_0034003718,22014,cust_001210,2026-07-19T01:11:05,paid,web
order_0034003719,62252,cust_000295,2026-07-28T15:19:59,paid,web
order_0034003720,19175,cust_001291,2026-07-13T12:02:59,paid,pos
order_0034003721,300230,cust_000998,2026-07-27T09:55:50,paid,app
order_0034003722,73781,cust_000514,2026-07-20T17:15:32,paid,app
order_0034003723,28527,cust_000515,2026-07-22T15:06:18,paid,web
order_0034003724,27348,cust_000446,2026-07-27T00:56:45,paid,app
order_0034003725,24618,cust_000602,2026-07-08T19:27:53,paid,web
order_0034003726,30051,cust_000208,2026-07-15T17:28:06,paid,pos
order_0034003727,14602,cust_001085,2026-07-31T12:50:13,paid,web
order_0034003728,1365695,cust_000379,2026-07-20T01:44:03,paid,app
order_0034003729,26632,cust_000940,2026-07-18T18:19:42,paid,web
order_0034003730,123676,cust_000207,2026-07-01T11:49:07,paid,web
order_0034003731,19546,cust_001045,2026-07-31T22:39:53,paid,app
order_0034003732,79749,cust_000053,2026-07-11T08:49:49,paid,web
order_0034003733,84090,cust_001325,2026-07-11T03:24:52,paid,web
order_0034003734,149315,cust_001143,2026-07-24T06:16:49,paid,web
order_0034003735,80479,cust_001276,2026-07-25T18:14:12,paid,pos
order_0034003736,69455,cust_001294,2026-07-10T09:13:44,paid,web
order_0034003737,243733,cust_000609,2026-07-19T02:30:48,paid,app
order_0034003738,53002,cust_000996,2026-07-28T10:47:02,paid,app
order_0034003739,128364,cust_000571,2026-07-07T20:02:48,paid,app
order_0034003740,68466,cust_000173,2026-07-10T02:11:24,paid,app
order_0034003741,77186,cust_000753,2026-07-18T04:38:52,paid,app
order_0034003742,65059,cust_000583,2026-07-07T01:37:04,paid,pos
order_0034003743,91369,cust_001255,2026-07-10T02:06:24,paid,app
order_0034003744,54317,cust_001254,2026-07-12T07:06:43,paid,web
order_0034003745,124007,cust_000084,2026-07-09T20:54:01,paid,web
order_0034003746,109716,cust_000219,2026-07-16T09:27:08,paid,web
order_0034003747,133764,cust_000263,2026-07-28T11:01:52,attempted,app
order_0034003748,15895,cust_001281,2026-07-30T04:53:20,paid,web
order_0034003749,25244,cust_001182,2026-07-05T17:52:35,paid,app
order_0034003750,45462,cust_000982,2026-07-21T15:50:11,paid,pos
order_0034003751,98816,cust_001089,2026-07-05T20:45:08,paid,web
order_0034003752,52668,cust_000389,2026-07-19T20:17:28,paid,pos
order_0034003753,152013,cust_000787,2026-07-23T05:39:35,paid,pos
order_0034003754,155403,cust_000364,2026-07-16T08:06:35,paid,web
order_0034003755,20451,cust_000415,2026-07-19T10:05:13,paid,web
order_0034003756,45472,cust_000274,2026-07-25T16:10:04,attempted,pos
order_0034003757,108715,cust_000298,2026-07-02T14:55:51,paid,pos
order_0034003758,165451,cust_000081,2026-07-29T11:06:14,paid,app
order_0034003759,185437,cust_000851,2026-07-13T08:44:00,paid,pos
order_0034003760,174567,cust_001215,2026-07-17T06:05:36,paid,pos
order_0034003761,174043,cust_000283,2026-07-30T10:29:55,paid,app
order_0034003762,108686,cust_000867,2026-07-09T09:12:15,paid,web
order_0034003763,45501,cust_000058,2026-07-29T23:08:59,paid,pos
order_0034003764,177265,cust_000237,2026-07-07T23:54:04,paid,app
order_0034003765,122462,cust_001254,2026-07-13T22:46:31,paid,web
order_0034003766,511637,cust_001064,2026-07-24T20:46:54,paid,app
order_0034003767,34289,cust_000828,2026-07-31T04:34:46,paid,web
order_0034003768,151693,cust_001042,2026-07-29T16:00:47,paid,web
order_0034003769,78467,cust_000755,2026-07-01T07:45:51,paid,pos
order_0034003770,118601,cust_001230,2026-07-04T00:15:32,paid,app
order_0034003771,5621,cust_000491,2026-07-10T23:34:29,paid,app
order_0034003772,10340,cust_000037,2026-07-10T02:37:03,paid,web
order_0034003773,67995,cust_000115,2026-07-25T04:15:25,paid,web
order_0034003774,12992,cust_000226,2026-07-17T15:07:07,paid,app
order_0034003775,68292,cust_000307,2026-07-28T01:08:41,paid,web
order_0034003776,19140,cust_001143,2026-07-19T14:01:49,paid,web
order_0034003777,151071,cust_000538,2026-07-24T14:38:50,paid,app
order_0034003778,43705,cust_000369,2026-07-15T11:14:57,paid,pos
order_0034003779,86214,cust_000793,2026-07-17T06:11:10,paid,web
order_0034003780,132320,cust_000930,2026-07-23T00:02:24,paid,app
order_0034003781,22530,cust_000101,2026-07-13T13:54:03,paid,web
order_0034003782,564038,cust_000542,2026-07-04T23:34:17,paid,web
order_0034003783,82912,cust_000018,2026-07-17T07:18:51,paid,web
order_0034003784,55926,cust_001087,2026-07-26T02:38:19,paid,pos
order_0034003785,43980,cust_000231,2026-07-11T00:24:24,paid,app
order_0034003786,40180,cust_000120,2026-07-31T17:24:35,paid,app
order_0034003787,241609,cust_000438,2026-07-18T20:22:43,paid,pos
order_0034003788,89848,cust_000191,2026-07-18T17:44:21,paid,web
order_0034003789,42314,cust_001006,2026-07-10T17:26:45,paid,app
order_0034003790,89378,cust_001116,2026-07-11T16:02:26,paid,app
order_0034003791,65934,cust_001267,2026-07-31T06:33:37,paid,pos
order_0034003792,202161,cust_000243,2026-07-31T14:57:24,paid,app
order_0034003793,19915,cust_000026,2026-07-12T05:10:50,paid,web
order_0034003794,12497,cust_000843,2026-07-17T02:46:13,paid,app
order_0034003795,45844,cust_000821,2026-07-04T21:01:16,paid,pos
order_0034003796,6983,cust_000773,2026-07-21T10:27:34,paid,web
order_0034003797,91138,cust_000302,2026-07-06T16:11:47,paid,pos
order_0034003798,64589,cust_001090,2026-07-28T06:50:49,paid,web
order_0034003799,38765,cust_000042,2026-07-17T06:15:47,paid,app
order_0034003800,49823,cust_000527,2026-07-28T19:06:32,paid,web
order_0034003801,83487,cust_000145,2026-07-28T01:40:51,paid,pos
order_0034003802,34762,cust_001020,2026-07-27T18:51:22,paid,web
order_0034003803,164782,cust_000323,2026-07-09T12:34:00,paid,pos
order_0034003804,131677,cust_000731,2026-07-09T03:09:03,paid,web
order_0034003805,97750,cust_000753,2026-07-22T15:06:53,paid,pos
order_0034003806,331251,cust_000217,2026-07-26T15:32:40,paid,app
order_0034003807,134808,cust_000019,2026-07-16T18:03:41,paid,app
order_0034003808,130956,cust_001313,2026-07-13T21:06:23,paid,pos
order_0034003809,190890,cust_000430,2026-07-14T00:10:46,paid,pos
order_0034003810,12429,cust_000202,2026-07-02T03:59:06,paid,web
order_0034003811,58464,cust_001252,2026-07-14T07:18:48,paid,web
order_0034003812,46712,cust_001071,2026-07-26T09:54:59,paid,web
order_0034003813,165287,cust_001221,2026-07-14T09:26:34,paid,web
order_0034003814,43171,cust_000395,2026-07-24T21:37:57,paid,app
order_0034003815,130590,cust_000833,2026-07-05T17:23:18,paid,app
order_0034003816,127035,cust_000458,2026-07-16T20:57:49,paid,web
order_0034003817,277668,cust_000179,2026-07-15T04:33:06,paid,pos
order_0034003818,174706,cust_000974,2026-07-01T10:12:30,paid,app
order_0034003819,32364,cust_001191,2026-07-24T09:51:30,paid,app
order_0034003820,23268,cust_000669,2026-07-29T05:25:30,attempted,web
order_0034003821,338614,cust_000153,2026-07-17T16:52:44,paid,web
order_0034003822,29368,cust_000722,2026-07-07T23:01:04,paid,web
order_0034003823,64250,cust_001225,2026-07-25T19:30:58,paid,web
order_0034003824,54848,cust_000478,2026-07-27T10:21:17,paid,app
order_0034003825,165841,cust_000990,2026-07-09T19:03:27,paid,web
order_0034003826,501972,cust_000125,2026-07-09T11:47:37,paid,pos
order_0034003827,36787,cust_001311,2026-07-14T15:28:46,paid,web
order_0034003828,77311,cust_000539,2026-07-07T07:23:40,paid,pos
order_0034003829,143539,cust_001185,2026-07-31T18:16:31,paid,web
order_0034003830,82717,cust_001145,2026-07-18T21:25:28,attempted,app
order_0034003831,49947,cust_000317,2026-07-27T12:32:09,paid,app
order_0034003832,82219,cust_000819,2026-07-13T05:28:18,paid,web
order_0034003833,82596,cust_000167,2026-07-18T08:06:51,paid,web
order_0034003834,27540,cust_001036,2026-07-13T22:31:47,paid,pos
order_0034003835,35581,cust_001266,2026-07-29T23:29:12,paid,web
order_0034003836,111311,cust_000834,2026-07-28T09:20:12,attempted,app
order_0034003837,18111,cust_000342,2026-07-11T07:53:33,paid,web
order_0034003838,162660,cust_000835,2026-07-08T08:18:46,paid,pos
order_0034003839,165801,cust_001082,2026-07-09T13:46:41,paid,web
order_0034003840,31636,cust_000593,2026-07-07T04:34:51,paid,web
order_0034003841,379712,cust_000863,2026-07-23T14:03:03,paid,web
order_0034003842,542103,cust_000667,2026-07-24T12:40:33,paid,pos
order_0034003843,34450,cust_000813,2026-07-02T12:54:26,paid,app
order_0034003844,72178,cust_000151,2026-07-11T19:45:54,attempted,web
order_0034003845,233157,cust_001270,2026-07-12T21:56:47,paid,web
order_0034003846,30964,cust_000154,2026-07-04T02:47:39,attempted,app
order_0034003847,148995,cust_000629,2026-07-12T11:37:46,paid,web
order_0034003848,53948,cust_000838,2026-07-15T13:46:55,paid,app
order_0034003849,52519,cust_001307,2026-07-26T15:58:38,paid,app
order_0034003850,47823,cust_000625,2026-07-13T21:44:54,paid,web
order_0034003851,98441,cust_000723,2026-07-25T04:06:38,attempted,app
order_0034003852,32646,cust_000965,2026-07-27T14:26:57,attempted,web
order_0034003853,44510,cust_000865,2026-07-06T07:07:28,paid,web
order_0034003854,197137,cust_000303,2026-07-12T00:42:00,paid,web
order_0034003855,604611,cust_001272,2026-07-02T22:55:29,paid,app
order_0034003856,172638,cust_001092,2026-07-25T04:46:40,paid,pos
order_0034003857,146817,cust_000740,2026-07-11T16:47:50,paid,web
order_0034003858,350221,cust_001158,2026-07-03T21:01:03,paid,web
order_0034003859,589427,cust_000156,2026-07-16T14:04:50,attempted,pos
order_0034003860,60351,cust_001242,2026-07-19T23:48:33,paid,pos
order_0034003861,165478,cust_000930,2026-07-23T20:15:29,paid,web
order_0034003862,26281,cust_000574,2026-07-12T18:06:34,paid,pos
order_0034003863,16255,cust_000542,2026-07-29T03:29:07,paid,pos
order_0034003864,9642,cust_001110,2026-07-21T23:05:41,paid,web
order_0034003865,148440,cust_000069,2026-07-22T08:21:07,paid,web
order_0034003866,66112,cust_001120,2026-07-14T07:28:50,paid,pos
order_0034003867,180815,cust_000363,2026-07-04T23:43:19,paid,app
order_0034003868,404572,cust_000622,2026-07-18T04:21:21,paid,web
order_0034003869,196617,cust_000943,2026-07-06T19:32:54,paid,pos
order_0034003870,412242,cust_000249,2026-07-13T03:08:12,paid,web
order_0034003871,17336,cust_001115,2026-07-01T22:14:29,paid,app
order_0034003872,68377,cust_001063,2026-07-18T07:56:08,paid,web
order_0034003873,51952,cust_001047,2026-07-29T01:12:13,paid,pos
order_0034003874,253755,cust_000634,2026-07-12T11:12:23,paid,app
order_0034003875,229981,cust_000706,2026-07-27T03:00:40,paid,web
order_0034003876,39462,cust_001072,2026-07-03T10:40:04,paid,web
order_0034003877,22060,cust_000896,2026-07-16T19:27:23,paid,web
order_0034003878,63427,cust_001278,2026-07-05T05:26:17,paid,app
order_0034003879,48166,cust_000443,2026-07-13T03:47:09,paid,web
order_0034003880,61643,cust_000881,2026-07-21T15:37:48,paid,app
order_0034003881,29232,cust_001091,2026-07-24T19:34:03,paid,app
order_0034003882,359198,cust_000422,2026-07-25T13:09:07,paid,app
order_0034003883,42299,cust_001141,2026-07-31T12:59:55,paid,web
order_0034003884,165653,cust_000388,2026-07-19T14:28:58,paid,pos
order_0034003885,344684,cust_000908,2026-07-07T19:13:05,attempted,app
order_0034003886,822667,cust_000306,2026-07-30T12:03:58,attempted,web
order_0034003887,139527,cust_001319,2026-07-23T17:03:53,paid,pos
order_0034003888,57518,cust_000640,2026-07-11T12:14:11,paid,web
order_0034003889,50425,cust_000677,2026-07-30T18:39:35,paid,app
order_0034003890,99712,cust_001323,2026-07-01T07:00:38,paid,web
order_0034003891,32969,cust_000004,2026-07-24T01:14:20,paid,app
order_0034003892,29479,cust_001234,2026-07-07T17:13:33,paid,pos
order_0034003893,109386,cust_000574,2026-07-08T07:50:00,paid,pos
order_0034003894,63664,cust_001252,2026-07-22T09:08:34,paid,web
order_0034003895,37295,cust_000622,2026-07-09T19:45:37,paid,pos
order_0034003896,108833,cust_001135,2026-07-31T22:20:56,paid,app
order_0034003897,43887,cust_001185,2026-07-27T10:10:37,paid,app
order_0034003898,26289,cust_000983,2026-07-15T16:54:46,paid,pos
order_0034003899,86830,cust_001053,2026-07-15T16:17:38,paid,web
order_0034003900,21349,cust_000362,2026-07-27T23:04:46,paid,app
order_0034003901,33487,cust_001309,2026-07-19T21:50:12,paid,web
order_0034003902,7434,cust_000542,2026-07-29T03:25:04,attempted,web
order_0034003903,199028,cust_000236,2026-07-08T04:57:33,attempted,web
order_0034003904,70882,cust_001269,2026-07-11T01:14:49,attempted,app
order_0034003905,72971,cust_000645,2026-07-05T09:40:07,paid,web
order_0034003906,51389,cust_000847,2026-07-12T06:47:42,paid,app
order_0034003907,80707,cust_000588,2026-07-11T04:33:06,paid,web
order_0034003908,81297,cust_000173,2026-07-24T04:59:14,attempted,web
order_0034003909,31253,cust_000970,2026-07-28T00:39:42,paid,app
order_0034003910,185090,cust_000267,2026-07-04T00:22:02,paid,app
order_0034003911,26943,cust_000878,2026-07-19T22:54:17,paid,app
order_0034003912,16169,cust_000993,2026-07-18T10:59:19,paid,app
order_0034003913,73072,cust_000921,2026-07-04T03:42:28,paid,app
order_0034003914,276565,cust_001069,2026-07-22T18:02:39,paid,app
order_0034003915,242293,cust_000874,2026-07-06T18:34:36,paid,pos
order_0034003916,36600,cust_000217,2026-07-03T20:25:44,paid,pos
order_0034003917,227148,cust_001247,2026-07-15T02:11:26,paid,web
order_0034003918,122605,cust_000330,2026-07-26T14:34:10,paid,app
order_0034003919,202009,cust_000208,2026-07-03T18:23:08,paid,web
order_0034003920,197511,cust_001325,2026-07-17T01:49:39,paid,web
order_0034003921,117016,cust_000767,2026-07-22T12:21:57,paid,pos
order_0034003922,59282,cust_001057,2026-07-03T10:05:15,paid,app
order_0034003923,28763,cust_000861,2026-07-09T08:01:00,paid,app
order_0034003924,50302,cust_000347,2026-07-08T09:12:27,attempted,app
order_0034003925,166682,cust_001193,2026-07-30T13:43:47,paid,app
order_0034003926,32184,cust_000410,2026-07-12T03:56:44,attempted,pos
order_0034003927,70528,cust_000378,2026-07-29T07:58:14,paid,app
order_0034003928,57028,cust_001086,2026-07-04T01:18:11,paid,pos
order_0034003929,29954,cust_000487,2026-07-24T16:26:59,paid,web
order_0034003930,116057,cust_000452,2026-07-02T06:08:02,attempted,app
order_0034003931,162858,cust_000654,2026-07-08T21:15:11,paid,app
order_0034003932,422516,cust_001282,2026-07-31T18:57:39,paid,web
order_0034003933,82919,cust_000030,2026-07-03T20:58:50,paid,web
order_0034003934,68382,cust_000820,2026-07-20T04:43:08,paid,app
order_0034003935,15226,cust_000797,2026-07-17T22:55:30,paid,app
order_0034003936,78335,cust_000079,2026-07-24T11:08:09,paid,web
order_0034003937,42889,cust_001177,2026-07-09T08:27:03,paid,app
order_0034003938,99334,cust_000083,2026-07-05T14:29:08,paid,app
order_0034003939,92085,cust_001126,2026-07-18T21:11:32,paid,web
order_0034003940,51771,cust_000129,2026-07-02T14:48:55,paid,app
order_0034003941,39140,cust_000527,2026-07-14T10:50:43,attempted,web
order_0034003942,88091,cust_000439,2026-07-08T00:40:02,paid,app
order_0034003943,62973,cust_000056,2026-07-02T06:39:08,paid,app
order_0034003944,178809,cust_000067,2026-07-27T04:53:42,paid,app
order_0034003945,12200,cust_000676,2026-07-10T23:12:08,attempted,app
order_0034003946,62821,cust_000792,2026-07-04T15:30:46,attempted,app
order_0034003947,223133,cust_000815,2026-07-24T23:38:11,paid,app
order_0034003948,25399,cust_001260,2026-07-28T15:21:37,paid,app
order_0034003949,204016,cust_000918,2026-07-31T11:41:47,paid,web
order_0034003950,102823,cust_001260,2026-07-02T02:25:57,paid,app
order_0034003951,72471,cust_000049,2026-07-06T08:02:57,paid,pos
order_0034003952,25271,cust_000009,2026-07-03T00:44:25,paid,web
order_0034003953,348755,cust_000879,2026-07-27T21:17:44,paid,pos
order_0034003954,20870,cust_000339,2026-07-09T06:04:08,paid,web
order_0034003955,61572,cust_000054,2026-07-27T08:06:30,paid,web
order_0034003956,14016,cust_000430,2026-07-25T07:46:28,paid,web
order_0034003957,206690,cust_000752,2026-07-31T00:26:12,paid,app
order_0034003958,31098,cust_000147,2026-07-08T01:33:01,paid,app
order_0034003959,23533,cust_000097,2026-07-14T10:11:18,paid,app
order_0034003960,117504,cust_000817,2026-07-24T11:24:57,paid,web
order_0034003961,42784,cust_000838,2026-07-29T20:01:58,paid,web
order_0034003962,91490,cust_001307,2026-07-11T06:09:10,paid,web
order_0034003963,69311,cust_000450,2026-07-29T11:15:52,paid,app
order_0034003964,13343,cust_000839,2026-07-30T19:35:41,paid,pos
order_0034003965,72475,cust_000034,2026-07-01T08:55:05,paid,pos
order_0034003966,29944,cust_000449,2026-07-03T07:32:45,paid,app
order_0034003967,75658,cust_001277,2026-07-08T04:23:56,paid,web
order_0034003968,93340,cust_000958,2026-07-02T21:40:07,paid,app
order_0034003969,98331,cust_000999,2026-07-05T17:42:27,paid,web
order_0034003970,96652,cust_000586,2026-07-28T11:15:21,attempted,web
order_0034003971,54073,cust_000306,2026-07-21T05:44:53,paid,app
order_0034003972,22286,cust_000277,2026-07-23T04:29:29,paid,web
order_0034003973,440186,cust_000982,2026-07-24T04:31:06,paid,web
order_0034003974,126752,cust_001014,2026-07-07T09:08:35,paid,web
order_0034003975,32731,cust_000998,2026-07-15T09:13:44,paid,pos
order_0034003976,101058,cust_000969,2026-07-13T08:00:22,attempted,web
order_0034003977,42997,cust_000123,2026-07-13T07:48:04,paid,web
order_0034003978,21080,cust_001240,2026-07-07T10:29:17,paid,web
order_0034003979,126586,cust_000114,2026-07-28T01:44:31,attempted,pos
order_0034003980,38091,cust_001246,2026-07-26T15:38:36,paid,app
order_0034003981,43930,cust_000111,2026-07-12T23:39:40,paid,web
order_0034003982,90675,cust_000229,2026-07-30T09:51:48,paid,web
order_0034003983,15034,cust_000867,2026-07-03T11:47:17,paid,app
order_0034003984,141005,cust_000363,2026-07-09T18:22:26,paid,app
order_0034003985,27666,cust_000891,2026-07-30T11:55:40,attempted,web
order_0034003986,102895,cust_000952,2026-07-15T14:10:28,paid,app
order_0034003987,70778,cust_000201,2026-07-25T05:30:37,paid,web
order_0034003988,66558,cust_000728,2026-07-17T11:11:52,paid,web
order_0034003989,70342,cust_000529,2026-07-25T19:33:26,paid,pos
order_0034003990,23345,cust_000543,2026-07-03T22:25:19,paid,pos
order_0034003991,72541,cust_000613,2026-07-11T23:41:43,paid,app
order_0034003992,34208,cust_000895,2026-07-23T16:48:21,paid,web
order_0034003993,64858,cust_000003,2026-07-27T01:08:57,paid,web
order_0034003994,75090,cust_001040,2026-07-03T19:36:04,paid,app
order_0034003995,453398,cust_001140,2026-07-27T01:54:32,paid,app
order_0034003996,98716,cust_000457,2026-07-16T20:58:07,paid,app
order_0034003997,20712,cust_001311,2026-07-15T19:22:41,paid,web
order_0034003998,21224,cust_000382,2026-07-18T02:21:36,paid,app
order_0034003999,22740,cust_001059,2026-07-10T12:17:47,paid,web
