payment_id,order_id,amount_paise,method,network,status,fee_paise,tax_paise,captured_at,international
pay_0034000000,order_0034000000,179356,netbanking,none,captured,3408,613,2026-07-17T13:07:46,0
pay_0034000001,order_0034000001,39447,upi,none,captured,0,0,2026-07-31T11:22:37,0
pay_0034000002,order_0034000002,30175,upi,none,captured,0,0,2026-07-05T19:15:42,0
pay_0034000003,order_0034000003,57530,upi,none,captured,0,0,2026-07-10T10:50:32,0
pay_0034000004,order_0034000004,62327,upi,none,captured,0,0,2026-07-13T19:55:18,0
pay_0034000005,order_0034000005,30786,card,visa,captured,616,111,2026-07-09T15:08:26,0
pay_0034000006,order_0034000006,57704,upi,none,captured,0,0,2026-07-17T17:21:58,0
pay_0034000007,order_0034000007,298333,netbanking,none,captured,5668,1020,2026-07-10T02:37:03,0
pay_0034000008,order_0034000008,129321,card,visa,failed,0,0,2026-07-31T11:29:37,0
pay_0034000009,order_0034000009,49041,upi,none,captured,0,0,2026-07-06T15:13:10,0
pay_0034000010,order_0034000010,128429,upi,none,captured,0,0,2026-07-17T19:34:39,0
pay_0034000011,order_0034000011,130399,wallet,none,captured,2608,469,2026-07-18T16:49:05,0
pay_0034000012,order_0034000012,63829,upi,none,captured,0,0,2026-07-24T13:57:42,0
pay_0034000013,order_0034000013,106558,upi,none,captured,0,0,2026-07-28T20:16:55,0
pay_0034000014,order_0034000014,52471,upi,none,captured,0,0,2026-07-21T14:26:38,0
pay_0034000015,order_0034000015,64903,card,visa,captured,1298,234,2026-07-31T11:24:27,0
pay_0034000016,order_0034000016,176361,netbanking,none,captured,3351,603,2026-07-22T04:05:38,0
pay_0034000017,order_0034000017,216830,upi,none,captured,0,0,2026-07-31T04:00:30,0
pay_0034000018,order_0034000018,51449,upi,none,captured,0,0,2026-07-31T06:24:43,0
pay_0034000019,order_0034000019,152315,card,visa,failed,0,0,2026-07-20T14:34:29,0
pay_0034000020,order_0034000020,119007,card,visa,captured,2380,428,2026-07-31T11:12:15,0
pay_0034000021,order_0034000021,206504,upi,none,captured,0,0,2026-07-07T02:45:12,0
pay_0034000022,order_0034000022,75751,upi,none,captured,0,0,2026-07-08T11:46:25,0
pay_0034000023,order_0034000023,501555,upi,none,captured,0,0,2026-07-09T21:36:14,0
pay_0034000024,order_0034000024,24753,upi,none,captured,0,0,2026-07-08T13:12:04,0
pay_0034000025,order_0034000025,18354,card,visa,captured,367,66,2026-07-09T04:52:58,0
pay_0034000026,order_0034000026,399810,upi,none,captured,0,0,2026-07-12T17:50:01,0
pay_0034000027,order_0034000027,152359,upi,none,captured,0,0,2026-07-19T23:48:38,0
pay_0034000028,order_0034000028,6878,wallet,none,captured,138,25,2026-07-23T23:11:44,0
pay_0034000029,order_0034000029,13729,card,visa,captured,275,50,2026-07-07T22:42:17,0
pay_0034000030,order_0034000030,466403,wallet,none,captured,9328,1679,2026-07-28T21:08:20,0
pay_0034000031,order_0034000031,72292,upi,none,captured,0,0,2026-07-16T19:15:21,0
pay_0034000032,order_0034000032,515080,wallet,none,failed,0,0,2026-07-29T00:45:25,0
pay_0034000033,order_0034000033,376042,upi,none,captured,0,0,2026-07-15T14:57:51,0
pay_0034000034,order_0034000034,245918,card,rupay,captured,2459,443,2026-07-23T19:30:24,0
pay_0034000035,order_0034000035,348656,upi,none,captured,0,0,2026-07-08T01:57:23,0
pay_0034000036,order_0034000036,165594,upi,none,captured,0,0,2026-07-07T09:04:05,0
pay_0034000037,order_0034000037,47192,upi,none,failed,0,0,2026-07-21T14:51:08,0
pay_0034000038,order_0034000038,96726,upi,none,captured,0,0,2026-07-12T19:32:05,0
pay_0034000039,order_0034000039,209056,card,visa,captured,4181,753,2026-07-12T12:59:57,0
pay_0034000040,order_0034000040,6254,card,visa,failed,0,0,2026-07-26T14:44:52,0
pay_0034000041,order_0034000041,18895,upi,none,failed,0,0,2026-07-10T06:31:37,0
pay_0034000042,order_0034000042,42384,upi,none,captured,0,0,2026-07-16T23:43:16,0
pay_0034000043,order_0034000043,84485,upi,none,captured,0,0,2026-07-13T20:03:38,0
pay_0034000044,order_0034000044,246949,card,amex,captured,7408,1333,2026-07-30T14:18:43,0
pay_0034000045,order_0034000045,269194,upi,none,captured,0,0,2026-07-01T15:48:54,0
pay_0034000046,order_0034000046,113864,wallet,none,captured,2277,410,2026-07-30T10:53:02,0
pay_0034000047,order_0034000047,37855,upi,none,captured,0,0,2026-07-22T15:34:36,0
pay_0034000048,order_0034000048,55397,card,mastercard,captured,1108,199,2026-07-19T18:21:35,0
pay_0034000049,order_0034000049,115742,upi,none,captured,0,0,2026-07-26T17:06:39,0
pay_0034000050,order_0034000050,65207,upi,none,captured,0,0,2026-07-15T05:53:27,0
pay_0034000051,order_0034000051,333943,card,mastercard,captured,11020,1984,2026-07-01T17:25:48,1
pay_0034000052,order_0034000052,52508,upi,none,captured,0,0,2026-07-11T13:07:34,0
pay_0034000053,order_0034000053,288218,upi,none,captured,0,0,2026-07-18T06:23:52,0
pay_0034000054,order_0034000054,93994,netbanking,none,captured,1786,321,2026-07-16T14:25:47,0
pay_0034000055,order_0034000055,400091,upi,none,failed,0,0,2026-07-12T03:58:13,0
pay_0034000056,order_0034000056,6002,upi,none,captured,0,0,2026-07-01T05:28:44,0
pay_0034000057,order_0034000057,115224,upi,none,captured,0,0,2026-07-11T06:29:34,0
pay_0034000058,order_0034000058,15965,card,visa,captured,319,57,2026-07-31T14:23:29,0
pay_0034000059,order_0034000059,154463,card,visa,captured,3089,556,2026-07-05T00:47:58,0
pay_0034000060,order_0034000060,50073,card,visa,captured,1001,180,2026-07-10T02:46:25,0
pay_0034000061,order_0034000061,56622,card,visa,captured,1132,204,2026-07-18T08:44:45,0
pay_0034000062,order_0034000062,69805,upi,none,captured,0,0,2026-07-28T07:19:15,0
pay_0034000063,order_0034000063,171129,upi,none,captured,0,0,2026-07-15T12:06:04,0
pay_0034000064,order_0034000064,99036,netbanking,none,captured,1882,339,2026-07-30T06:03:25,0
pay_0034000065,order_0034000065,245354,netbanking,none,captured,4662,839,2026-07-17T01:35:39,0
pay_0034000066,order_0034000066,176184,upi,none,captured,0,0,2026-07-06T11:33:26,0
pay_0034000067,order_0034000067,179533,upi,none,captured,0,0,2026-07-11T14:41:28,0
pay_0034000068,order_0034000068,31970,netbanking,none,captured,607,109,2026-07-03T01:31:57,0
pay_0034000069,order_0034000069,28539,card,rupay,captured,285,51,2026-07-21T01:48:53,0
pay_0034000070,order_0034000070,10479,netbanking,none,captured,199,36,2026-07-13T16:56:52,0
pay_0034000071,order_0034000071,59084,upi,none,captured,0,0,2026-07-31T09:31:52,0
pay_0034000072,order_0034000072,97873,upi,none,captured,0,0,2026-07-16T17:21:13,0
pay_0034000073,order_0034000073,52763,card,mastercard,captured,1055,190,2026-07-23T19:55:13,0
pay_0034000074,order_0034000074,67114,wallet,none,captured,1342,242,2026-07-25T10:58:26,0
pay_0034000075,order_0034000075,237694,upi,none,failed,0,0,2026-07-30T20:38:51,0
pay_0034000076,order_0034000076,53604,upi,none,captured,0,0,2026-07-22T09:26:58,0
pay_0034000077,order_0034000077,39047,upi,none,captured,0,0,2026-07-18T00:01:26,0
pay_0034000078,order_0034000078,50160,upi,none,captured,0,0,2026-07-10T08:01:25,0
pay_0034000079,order_0034000079,70852,upi,none,captured,0,0,2026-07-30T23:25:37,0
pay_0034000080,order_0034000080,1122207,upi,none,captured,0,0,2026-07-11T17:18:05,0
pay_0034000081,order_0034000081,21014,card,rupay,captured,210,38,2026-07-18T19:58:49,0
pay_0034000082,order_0034000082,48331,wallet,none,failed,0,0,2026-07-09T15:59:10,0
pay_0034000083,order_0034000083,84735,upi,none,captured,0,0,2026-07-11T13:35:51,0
pay_0034000084,order_0034000084,67916,card,mastercard,captured,1358,244,2026-07-08T12:59:15,0
pay_0034000085,order_0034000085,22210,upi,none,failed,0,0,2026-07-23T11:17:50,0
pay_0034000086,order_0034000086,27521,upi,none,captured,0,0,2026-07-30T08:36:54,0
pay_0034000087,order_0034000087,8070,upi,none,captured,0,0,2026-07-18T16:32:57,0
pay_0034000088,order_0034000088,85915,upi,none,captured,0,0,2026-07-26T13:21:31,0
pay_0034000089,order_0034000089,115470,wallet,none,captured,2309,416,2026-07-30T10:08:08,0
pay_0034000090,order_0034000090,307422,card,visa,failed,0,0,2026-07-20T04:58:07,0
pay_0034000091,order_0034000091,60197,card,visa,captured,1204,217,2026-07-01T10:04:39,0
pay_0034000092,order_0034000092,122539,upi,none,captured,0,0,2026-07-15T09:31:12,0
pay_0034000093,order_0034000093,30341,upi,none,captured,0,0,2026-07-06T12:46:00,0
pay_0034000094,order_0034000094,148709,upi,none,captured,0,0,2026-07-12T17:00:18,0
pay_0034000095,order_0034000095,255514,card,visa,captured,5110,920,2026-07-12T15:53:26,0
pay_0034000096,order_0034000096,72753,upi,none,captured,0,0,2026-07-05T08:20:22,0
pay_0034000097,order_0034000097,159530,upi,none,captured,0,0,2026-07-10T21:06:36,0
pay_0034000098,order_0034000098,106203,wallet,none,captured,2124,382,2026-07-17T02:52:40,0
pay_0034000099,order_0034000099,136064,upi,none,captured,0,0,2026-07-22T18:34:28,0
pay_0034000100,order_0034000100,26129,upi,none,captured,0,0,2026-07-19T01:42:57,0
pay_0034000101,order_0034000101,115361,upi,none,captured,0,0,2026-07-06T18:42:31,0
pay_0034000102,order_0034000102,49513,upi,none,captured,0,0,2026-07-22T12:00:25,0
pay_0034000103,order_0034000103,481730,upi,none,captured,0,0,2026-07-04T16:05:55,0
pay_0034000104,order_0034000104,357190,card,visa,captured,7144,1286,2026-07-28T12:30:07,0
pay_0034000105,order_0034000105,29583,card,visa,captured,592,107,2026-07-01T11:30:32,0
pay_0034000106,order_0034000106,13352,upi,none,captured,0,0,2026-07-31T22:51:30,0
pay_0034000107,order_0034000107,193965,netbanking,none,captured,3685,663,2026-07-21T07:27:12,0
pay_0034000108,order_0034000108,181300,upi,none,captured,0,0,2026-07-04T10:48:03,0
pay_0034000109,order_0034000109,572336,upi,none,captured,0,0,2026-07-16T16:49:26,0
pay_0034000110,order_0034000110,116665,upi,none,captured,0,0,2026-07-11T10:37:10,0
pay_0034000111,order_0034000111,147649,upi,none,captured,0,0,2026-07-19T06:15:24,0
pay_0034000112,order_0034000112,206923,upi,none,captured,0,0,2026-07-07T21:53:38,0
pay_0034000113,order_0034000113,70644,card,amex,failed,0,0,2026-07-17T11:19:15,0
pay_0034000114,order_0034000114,54893,upi,none,failed,0,0,2026-07-14T10:13:58,0
pay_0034000115,order_0034000115,62897,netbanking,none,captured,1195,215,2026-07-30T08:03:29,0
pay_0034000116,order_0034000116,101683,upi,none,failed,0,0,2026-07-25T08:44:34,0
pay_0034000117,order_0034000117,209516,netbanking,none,captured,3981,717,2026-07-02T09:25:12,0
pay_0034000118,order_0034000118,34228,upi,none,captured,0,0,2026-07-27T23:22:43,0
pay_0034000119,order_0034000119,93998,card,mastercard,captured,1880,338,2026-07-28T12:28:41,0
pay_0034000120,order_0034000120,52213,upi,none,captured,0,0,2026-07-29T03:52:06,0
pay_0034000121,order_0034000121,153916,netbanking,none,captured,2924,526,2026-07-31T08:28:05,0
pay_0034000122,order_0034000122,125577,wallet,none,captured,2512,452,2026-07-08T16:18:35,0
pay_0034000123,order_0034000123,19078,netbanking,none,captured,362,65,2026-07-20T13:06:40,0
pay_0034000124,order_0034000124,32913,netbanking,none,captured,625,113,2026-07-09T07:28:09,0
pay_0034000125,order_0034000125,251821,card,rupay,captured,2518,453,2026-07-16T11:32:56,0
pay_0034000126,order_0034000126,23047,netbanking,none,captured,438,79,2026-07-02T04:54:21,0
pay_0034000127,order_0034000127,90407,card,mastercard,captured,1808,325,2026-07-12T17:23:26,0
pay_0034000128,order_0034000128,60087,upi,none,captured,0,0,2026-07-07T08:26:50,0
pay_0034000129,order_0034000129,267173,upi,none,captured,0,0,2026-07-10T06:44:03,0
pay_0034000130,order_0034000130,31274,wallet,none,captured,625,113,2026-07-28T06:06:43,0
pay_0034000131,order_0034000131,50692,upi,none,captured,0,0,2026-07-10T09:31:45,0
pay_0034000132,order_0034000132,378570,upi,none,captured,0,0,2026-07-14T04:00:01,0
pay_0034000133,order_0034000133,124656,upi,none,captured,0,0,2026-07-24T18:45:53,0
pay_0034000134,order_0034000134,66763,upi,none,failed,0,0,2026-07-18T13:12:36,0
pay_0034000135,order_0034000135,14272,card,rupay,failed,0,0,2026-07-30T11:06:12,0
pay_0034000136,order_0034000136,109897,netbanking,none,captured,2088,376,2026-07-25T12:37:09,0
pay_0034000137,order_0034000137,102273,card,rupay,captured,1023,184,2026-07-23T14:13:16,0
pay_0034000138,order_0034000138,46259,card,visa,captured,925,167,2026-07-24T18:10:24,0
pay_0034000139,order_0034000139,22141,netbanking,none,captured,421,76,2026-07-29T00:10:43,0
pay_0034000140,order_0034000140,26465,upi,none,captured,0,0,2026-07-13T02:01:38,0
pay_0034000141,order_0034000141,4900,upi,none,captured,0,0,2026-07-17T18:04:07,0
pay_0034000142,order_0034000142,178028,upi,none,failed,0,0,2026-07-03T17:05:15,0
pay_0034000143,order_0034000143,57593,card,mastercard,captured,1152,207,2026-07-11T10:41:45,0
pay_0034000144,order_0034000144,11114,netbanking,none,failed,0,0,2026-07-06T19:03:06,0
pay_0034000145,order_0034000145,36706,card,mastercard,captured,734,132,2026-07-25T14:55:18,0
pay_0034000146,order_0034000146,59393,wallet,none,captured,1188,214,2026-07-08T04:38:20,0
pay_0034000147,order_0034000147,19490,card,mastercard,captured,390,70,2026-07-15T23:34:15,0
pay_0034000148,order_0034000148,41364,upi,none,captured,0,0,2026-07-02T23:39:26,0
pay_0034000149,order_0034000149,136995,card,visa,captured,2740,493,2026-07-17T17:14:46,0
pay_0034000150,order_0034000150,741465,upi,none,captured,0,0,2026-07-07T02:18:43,0
pay_0034000151,order_0034000151,148205,card,visa,captured,2964,534,2026-07-27T07:51:24,0
pay_0034000152,order_0034000152,103566,upi,none,captured,0,0,2026-07-30T11:20:39,0
pay_0034000153,order_0034000153,30286,upi,none,captured,0,0,2026-07-24T23:52:53,0
pay_0034000154,order_0034000154,61868,upi,none,captured,0,0,2026-07-24T00:23:00,0
pay_0034000155,order_0034000155,28945,card,visa,captured,579,104,2026-07-13T15:17:33,0
pay_0034000156,order_0034000156,95677,upi,none,captured,0,0,2026-07-05T12:59:38,0
pay_0034000157,order_0034000157,63259,upi,none,captured,0,0,2026-07-09T18:56:08,0
pay_0034000158,order_0034000158,130231,upi,none,captured,0,0,2026-07-18T04:29:39,0
pay_0034000159,order_0034000159,62590,card,visa,captured,1252,225,2026-07-22T11:19:11,0
pay_0034000160,order_0034000160,114160,upi,none,failed,0,0,2026-07-21T23:10:48,0
pay_0034000161,order_0034000161,47080,upi,none,captured,0,0,2026-07-24T10:45:38,0
pay_0034000162,order_0034000162,41014,card,visa,captured,820,148,2026-07-02T21:45:14,0
pay_0034000163,order_0034000163,54620,upi,none,captured,0,0,2026-07-30T18:41:03,0
pay_0034000164,order_0034000164,167844,upi,none,captured,0,0,2026-07-17T00:05:15,0
pay_0034000165,order_0034000165,213288,card,rupay,captured,2133,384,2026-07-14T10:56:30,0
pay_0034000166,order_0034000166,4900,upi,none,failed,0,0,2026-07-28T00:03:34,0
pay_0034000167,order_0034000167,124487,card,visa,captured,2490,448,2026-07-26T07:20:31,0
pay_0034000168,order_0034000168,78666,upi,none,captured,0,0,2026-07-28T18:24:12,0
pay_0034000169,order_0034000169,30814,netbanking,none,captured,585,105,2026-07-03T07:04:17,0
pay_0034000170,order_0034000170,58083,upi,none,captured,0,0,2026-07-10T22:55:31,0
pay_0034000171,order_0034000171,78853,upi,none,captured,0,0,2026-07-23T23:36:47,0
pay_0034000172,order_0034000172,110595,card,visa,captured,2212,398,2026-07-13T06:13:24,0
pay_0034000173,order_0034000173,38791,upi,none,captured,0,0,2026-07-04T12:51:00,0
pay_0034000174,order_0034000174,88473,card,visa,captured,1769,318,2026-07-23T04:34:55,0
pay_0034000175,order_0034000175,187964,upi,none,captured,0,0,2026-07-19T04:41:05,0
pay_0034000176,order_0034000176,93684,upi,none,captured,0,0,2026-07-23T04:30:06,0
pay_0034000177,order_0034000177,104213,upi,none,captured,0,0,2026-07-19T22:26:25,0
pay_0034000178,order_0034000178,26741,upi,none,captured,0,0,2026-07-20T18:29:59,0
pay_0034000179,order_0034000179,68151,upi,none,captured,0,0,2026-07-01T23:27:30,0
pay_0034000180,order_0034000180,66817,upi,none,captured,0,0,2026-07-04T03:54:39,0
pay_0034000181,order_0034000181,188192,upi,none,captured,0,0,2026-07-04T19:35:29,0
pay_0034000182,order_0034000182,128043,upi,none,captured,0,0,2026-07-15T03:54:10,0
pay_0034000183,order_0034000183,50379,upi,none,captured,0,0,2026-07-10T22:57:58,0
pay_0034000184,order_0034000184,127997,card,mastercard,captured,2560,461,2026-07-21T09:24:20,0
pay_0034000185,order_0034000185,62011,upi,none,captured,0,0,2026-07-05T17:30:53,0
pay_0034000186,order_0034000186,18532,upi,none,captured,0,0,2026-07-19T11:59:59,0
pay_0034000187,order_0034000187,38068,upi,none,captured,0,0,2026-07-20T15:34:22,0
pay_0034000188,order_0034000188,78903,upi,none,captured,0,0,2026-07-24T06:05:31,0
pay_0034000189,order_0034000189,144433,card,rupay,captured,1444,260,2026-07-07T04:35:20,0
pay_0034000190,order_0034000190,53960,card,mastercard,captured,1079,194,2026-07-07T21:48:50,0
pay_0034000191,order_0034000191,91826,upi,none,captured,0,0,2026-07-20T03:44:43,0
pay_0034000192,order_0034000192,43208,netbanking,none,captured,821,148,2026-07-12T06:13:23,0
pay_0034000193,order_0034000193,109710,upi,none,captured,0,0,2026-07-24T11:51:49,0
pay_0034000194,order_0034000194,123614,upi,none,captured,0,0,2026-07-19T10:33:39,0
pay_0034000195,order_0034000195,117924,upi,none,captured,0,0,2026-07-12T20:21:15,0
pay_0034000196,order_0034000196,96452,netbanking,none,captured,1833,330,2026-07-16T00:22:11,0
pay_0034000197,order_0034000197,14367,card,visa,captured,287,52,2026-07-08T13:44:54,0
pay_0034000198,order_0034000198,306462,upi,none,captured,0,0,2026-07-10T16:45:36,0
pay_0034000199,order_0034000199,49132,upi,none,captured,0,0,2026-07-12T15:17:00,0
pay_0034000200,order_0034000200,187566,card,visa,captured,3751,675,2026-07-14T08:26:11,0
pay_0034000201,order_0034000201,55926,upi,none,captured,0,0,2026-07-10T12:11:22,0
pay_0034000202,order_0034000202,23083,upi,none,captured,0,0,2026-07-13T02:31:57,0
pay_0034000203,order_0034000203,8452,upi,none,captured,0,0,2026-07-07T15:17:40,0
pay_0034000204,order_0034000204,166443,wallet,none,captured,3329,599,2026-07-27T18:51:06,0
pay_0034000205,order_0034000205,31403,card,visa,captured,628,113,2026-07-09T12:30:55,0
pay_0034000206,order_0034000206,61653,wallet,none,captured,1233,222,2026-07-31T14:03:32,0
pay_0034000207,order_0034000207,350996,upi,none,captured,0,0,2026-07-30T08:13:10,0
pay_0034000208,order_0034000208,36798,card,rupay,captured,368,66,2026-07-20T18:33:16,0
pay_0034000209,order_0034000209,143625,upi,none,captured,0,0,2026-07-27T06:57:53,0
pay_0034000210,order_0034000210,36190,upi,none,captured,0,0,2026-07-16T21:08:46,0
pay_0034000211,order_0034000211,209903,upi,none,captured,0,0,2026-07-11T19:06:04,0
pay_0034000212,order_0034000212,35254,upi,none,captured,0,0,2026-07-24T22:51:47,0
pay_0034000213,order_0034000213,108658,upi,none,captured,0,0,2026-07-28T18:14:30,0
pay_0034000214,order_0034000214,64743,card,visa,captured,1295,233,2026-07-04T01:25:00,0
pay_0034000215,order_0034000215,241881,upi,none,captured,0,0,2026-07-16T00:43:21,0
pay_0034000216,order_0034000216,10847,upi,none,captured,0,0,2026-07-04T00:25:28,0
pay_0034000217,order_0034000217,57145,upi,none,captured,0,0,2026-07-03T13:42:44,0
pay_0034000218,order_0034000218,154196,card,visa,captured,3084,555,2026-07-24T04:10:58,0
pay_0034000219,order_0034000219,93292,card,visa,captured,1866,336,2026-07-20T00:18:05,0
pay_0034000220,order_0034000220,71416,upi,none,captured,0,0,2026-07-26T02:34:46,0
pay_0034000221,order_0034000221,65046,card,visa,captured,1301,234,2026-07-14T07:46:49,0
pay_0034000222,order_0034000222,25861,upi,none,captured,0,0,2026-07-02T19:34:27,0
pay_0034000223,order_0034000223,269031,upi,none,captured,0,0,2026-07-29T18:12:11,0
pay_0034000224,order_0034000224,35841,upi,none,captured,0,0,2026-07-02T00:14:25,0
pay_0034000225,order_0034000225,315232,card,mastercard,captured,6305,1135,2026-07-28T17:59:50,0
pay_0034000226,order_0034000226,13035,netbanking,none,captured,248,45,2026-07-14T15:33:22,0
pay_0034000227,order_0034000227,22233,netbanking,none,failed,0,0,2026-07-18T10:15:53,0
pay_0034000228,order_0034000228,26279,netbanking,none,captured,499,90,2026-07-10T14:09:03,0
pay_0034000229,order_0034000229,147144,card,rupay,failed,0,0,2026-07-12T00:57:59,0
pay_0034000230,order_0034000230,86378,upi,none,captured,0,0,2026-07-17T01:35:58,0
pay_0034000231,order_0034000231,208136,upi,none,captured,0,0,2026-07-02T10:42:36,0
pay_0034000232,order_0034000232,500833,upi,none,failed,0,0,2026-07-14T21:31:20,0
pay_0034000233,order_0034000233,58159,upi,none,failed,0,0,2026-07-14T19:29:58,0
pay_0034000234,order_0034000234,51401,upi,none,captured,0,0,2026-07-07T11:54:34,0
pay_0034000235,order_0034000235,69486,upi,none,captured,0,0,2026-07-23T05:17:21,0
pay_0034000236,order_0034000236,66835,upi,none,captured,0,0,2026-07-26T11:00:37,0
pay_0034000237,order_0034000237,9410,upi,none,captured,0,0,2026-07-25T11:10:21,0
pay_0034000238,order_0034000238,367983,upi,none,captured,0,0,2026-07-18T03:08:26,0
pay_0034000239,order_0034000239,10379,wallet,none,captured,208,37,2026-07-12T23:54:42,0
pay_0034000240,order_0034000240,30028,upi,none,captured,0,0,2026-07-16T12:48:09,0
pay_0034000241,order_0034000241,36628,card,rupay,captured,366,66,2026-07-20T09:31:28,0
pay_0034000242,order_0034000242,756231,upi,none,captured,0,0,2026-07-19T18:08:28,0
pay_0034000243,order_0034000243,111532,upi,none,captured,0,0,2026-07-02T07:21:38,0
pay_0034000244,order_0034000244,45871,upi,none,failed,0,0,2026-07-25T16:42:41,0
pay_0034000245,order_0034000245,11393,netbanking,none,captured,216,39,2026-07-16T12:04:22,0
pay_0034000246,order_0034000246,65108,upi,none,captured,0,0,2026-07-29T21:45:18,0
pay_0034000247,order_0034000247,75308,upi,none,captured,0,0,2026-07-04T15:01:42,0
pay_0034000248,order_0034000248,55988,card,visa,captured,1120,202,2026-07-24T08:51:34,0
pay_0034000249,order_0034000249,36438,card,visa,captured,729,131,2026-07-14T02:41:57,0
pay_0034000250,order_0034000250,38575,upi,none,captured,0,0,2026-07-31T14:08:47,0
pay_0034000251,order_0034000251,78925,wallet,none,captured,1579,284,2026-07-25T20:32:23,0
pay_0034000252,order_0034000252,115037,upi,none,captured,0,0,2026-07-11T06:16:56,0
pay_0034000253,order_0034000253,24447,upi,none,captured,0,0,2026-07-26T04:37:35,0
pay_0034000254,order_0034000254,61097,upi,none,captured,0,0,2026-07-27T02:01:39,0
pay_0034000255,order_0034000255,58342,upi,none,captured,0,0,2026-07-22T05:23:12,0
pay_0034000256,order_0034000256,116376,card,visa,captured,2328,20948,2026-07-04T20:12:04,0
pay_0034000257,order_0034000257,18327,card,visa,captured,367,66,2026-07-24T09:57:38,0
pay_0034000258,order_0034000258,20570,upi,none,captured,0,0,2026-07-05T07:16:21,0
pay_0034000259,order_0034000259,37067,upi,none,captured,0,0,2026-07-11T21:51:00,0
pay_0034000260,order_0034000260,188333,upi,none,captured,0,0,2026-07-18T02:02:43,0
pay_0034000261,order_0034000261,415029,upi,none,captured,0,0,2026-07-25T04:46:34,0
pay_0034000262,order_0034000262,164456,upi,none,captured,0,0,2026-07-30T12:54:06,0
pay_0034000263,order_0034000263,120433,upi,none,captured,0,0,2026-07-03T17:50:56,0
pay_0034000264,order_0034000264,91087,upi,none,captured,0,0,2026-07-26T19:35:52,0
pay_0034000265,order_0034000265,41499,upi,none,captured,0,0,2026-07-17T02:22:46,0
pay_0034000266,order_0034000266,58758,upi,none,captured,0,0,2026-07-20T01:09:20,0
pay_0034000267,order_0034000267,38970,upi,none,captured,0,0,2026-07-28T01:30:55,0
pay_0034000268,order_0034000268,61454,upi,none,captured,0,0,2026-07-01T03:14:06,0
pay_0034000269,order_0034000269,139968,card,mastercard,captured,2799,504,2026-07-10T09:41:14,0
pay_0034000270,order_0034000270,18177,upi,none,captured,0,0,2026-07-18T00:27:10,0
pay_0034000271,order_0034000271,70365,card,mastercard,captured,1407,253,2026-07-10T21:46:02,0
pay_0034000272,order_0034000272,73621,card,visa,captured,1472,265,2026-07-21T05:18:44,0
pay_0034000273,order_0034000273,202090,wallet,none,failed,0,0,2026-07-05T06:45:39,0
pay_0034000274,order_0034000274,105879,upi,none,captured,0,0,2026-07-06T11:16:48,0
pay_0034000275,order_0034000275,16608,upi,none,captured,0,0,2026-07-18T21:30:25,0
pay_0034000276,order_0034000276,66353,netbanking,none,captured,1261,227,2026-07-19T14:38:53,0
pay_0034000277,order_0034000277,71588,wallet,none,captured,1432,258,2026-07-13T12:56:45,0
pay_0034000278,order_0034000278,36444,upi,none,captured,0,0,2026-07-09T13:30:00,0
pay_0034000279,order_0034000279,135136,netbanking,none,captured,2568,462,2026-07-19T15:00:11,0
pay_0034000280,order_0034000280,54010,netbanking,none,failed,0,0,2026-07-25T04:05:55,0
pay_0034000281,order_0034000281,216043,card,visa,captured,7129,1283,2026-07-07T23:59:27,1
pay_0034000282,order_0034000282,483106,upi,none,captured,0,0,2026-07-14T03:37:53,0
pay_0034000283,order_0034000283,9505,card,mastercard,captured,190,34,2026-07-15T17:46:48,0
pay_0034000284,order_0034000284,112119,upi,none,captured,0,0,2026-07-05T03:22:38,0
pay_0034000285,order_0034000285,46255,upi,none,captured,0,0,2026-07-14T09:23:35,0
pay_0034000286,order_0034000286,143952,upi,none,captured,0,0,2026-07-26T19:03:46,0
pay_0034000287,order_0034000287,73597,upi,none,captured,0,0,2026-07-21T15:45:59,0
pay_0034000288,order_0034000288,50232,card,rupay,captured,502,90,2026-07-23T10:19:00,0
pay_0034000289,order_0034000289,118920,card,rupay,captured,1189,214,2026-07-06T10:07:17,0
pay_0034000290,order_0034000290,54769,wallet,none,captured,1095,197,2026-07-19T13:52:04,0
pay_0034000291,order_0034000291,308384,upi,none,captured,0,0,2026-07-13T18:17:30,0
pay_0034000292,order_0034000292,82119,upi,none,captured,0,0,2026-07-19T22:55:39,0
pay_0034000293,order_0034000293,67408,upi,none,captured,0,0,2026-07-06T15:28:10,0
pay_0034000294,order_0034000294,62418,upi,none,captured,0,0,2026-07-26T04:39:13,0
pay_0034000295,order_0034000295,24463,card,visa,failed,0,0,2026-07-29T03:05:36,0
pay_0034000296,order_0034000296,22065,upi,none,captured,0,0,2026-07-15T21:27:33,0
pay_0034000297,order_0034000297,70595,upi,none,captured,0,0,2026-07-25T08:21:14,0
pay_0034000298,order_0034000298,490126,upi,none,captured,0,0,2026-07-30T13:33:54,0
pay_0034000299,order_0034000299,47987,card,mastercard,captured,960,173,2026-07-30T20:04:49,0
pay_0034000300,order_0034000300,54722,upi,none,captured,0,0,2026-07-23T07:21:53,0
pay_0034000301,order_0034000301,12287,upi,none,captured,0,0,2026-07-04T23:51:52,0
pay_0034000302,order_0034000302,25315,upi,none,captured,0,0,2026-07-11T17:33:18,0
pay_0034000303,order_0034000303,14796,card,mastercard,captured,296,53,2026-07-14T16:28:46,0
pay_0034000304,order_0034000304,30291,netbanking,none,captured,576,104,2026-07-26T11:03:33,0
pay_0034000305,order_0034000305,103040,upi,none,captured,0,0,2026-07-30T04:29:48,0
pay_0034000306,order_0034000306,94286,upi,none,captured,0,0,2026-07-31T15:00:56,0
pay_0034000307,order_0034000307,163786,upi,none,captured,0,0,2026-07-15T11:31:02,0
pay_0034000308,order_0034000308,66920,upi,none,captured,0,0,2026-07-01T12:24:47,0
pay_0034000309,order_0034000309,31092,upi,none,captured,0,0,2026-07-06T14:23:28,0
pay_0034000310,order_0034000310,14678,upi,none,captured,0,0,2026-07-15T04:01:27,0
pay_0034000311,order_0034000311,321271,upi,none,captured,0,0,2026-07-08T11:36:58,0
pay_0034000312,order_0034000312,547886,upi,none,captured,0,0,2026-07-05T10:34:50,0
pay_0034000313,order_0034000313,26189,card,mastercard,captured,524,94,2026-07-29T07:20:51,0
pay_0034000314,order_0034000314,35120,card,rupay,captured,351,63,2026-07-26T10:59:38,0
pay_0034000315,order_0034000315,260685,card,rupay,captured,2607,469,2026-07-28T19:59:13,0
pay_0034000316,order_0034000316,27650,wallet,none,captured,553,100,2026-07-26T21:11:45,0
pay_0034000317,order_0034000317,109117,netbanking,none,failed,0,0,2026-07-10T02:21:48,0
pay_0034000318,order_0034000318,13133,card,visa,failed,0,0,2026-07-06T13:06:34,0
pay_0034000319,order_0034000319,24088,netbanking,none,captured,458,4336,2026-07-16T03:44:27,0
pay_0034000320,order_0034000320,105551,upi,none,captured,0,0,2026-07-07T13:43:56,0
pay_0034000321,order_0034000321,46462,card,visa,captured,929,167,2026-07-16T13:36:52,0
pay_0034000322,order_0034000322,25410,upi,none,captured,0,0,2026-07-12T15:53:01,0
pay_0034000323,order_0034000323,33941,wallet,none,captured,679,122,2026-07-17T03:18:59,0
pay_0034000324,order_0034000324,18929,card,rupay,captured,435,78,2026-07-23T18:03:53,1
pay_0034000325,order_0034000325,75794,upi,none,captured,0,0,2026-07-28T14:49:00,0
pay_0034000326,order_0034000326,82791,upi,none,captured,0,0,2026-07-21T23:29:32,0
pay_0034000327,order_0034000327,62361,upi,none,failed,0,0,2026-07-15T17:27:24,0
pay_0034000328,order_0034000328,63069,upi,none,captured,0,0,2026-07-10T17:46:20,0
pay_0034000329,order_0034000329,225574,upi,none,captured,0,0,2026-07-22T03:50:34,0
pay_0034000330,order_0034000330,22076,card,visa,failed,0,0,2026-07-12T07:11:19,0
pay_0034000331,order_0034000331,25019,upi,none,captured,0,0,2026-07-29T10:03:25,0
pay_0034000332,order_0034000332,181369,upi,none,captured,0,0,2026-07-21T05:14:51,0
pay_0034000333,order_0034000333,75929,upi,none,captured,0,0,2026-07-05T20:34:56,0
pay_0034000334,order_0034000334,32182,netbanking,none,failed,0,0,2026-07-25T17:45:24,0
pay_0034000335,order_0034000335,227489,upi,none,captured,0,0,2026-07-05T19:29:22,0
pay_0034000336,order_0034000336,58114,netbanking,none,captured,1104,199,2026-07-27T04:24:51,0
pay_0034000337,order_0034000337,236036,upi,none,failed,0,0,2026-07-16T20:28:30,0
pay_0034000338,order_0034000338,161003,card,amex,failed,0,0,2026-07-14T07:37:05,0
pay_0034000339,order_0034000339,73216,upi,none,captured,0,0,2026-07-11T19:53:30,0
pay_0034000340,order_0034000340,237295,upi,none,captured,0,0,2026-07-28T05:25:37,0
pay_0034000341,order_0034000341,57875,upi,none,captured,0,0,2026-07-07T20:15:50,0
pay_0034000342,order_0034000342,25700,card,visa,captured,514,93,2026-07-26T10:00:40,0
pay_0034000343,order_0034000343,130426,wallet,none,captured,2609,470,2026-07-17T03:15:30,0
pay_0034000344,order_0034000344,137903,card,visa,captured,2758,496,2026-07-05T10:40:54,0
pay_0034000345,order_0034000345,54840,card,visa,captured,1097,197,2026-07-24T15:49:02,0
pay_0034000346,order_0034000346,58940,card,visa,captured,1179,212,2026-07-17T03:28:58,0
pay_0034000347,order_0034000347,124005,upi,none,captured,0,0,2026-07-03T06:13:11,0
pay_0034000348,order_0034000348,11500,upi,none,captured,0,0,2026-07-10T07:35:26,0
pay_0034000349,order_0034000349,319708,card,mastercard,captured,6394,1151,2026-07-07T07:21:46,0
pay_0034000350,order_0034000350,106489,card,rupay,captured,1065,192,2026-07-20T05:02:30,0
pay_0034000351,order_0034000351,37231,upi,none,captured,0,0,2026-07-08T21:43:44,0
pay_0034000352,order_0034000352,56892,upi,none,captured,0,0,2026-07-11T15:33:39,0
pay_0034000353,order_0034000353,33933,card,visa,captured,679,122,2026-07-24T19:20:14,0
pay_0034000354,order_0034000354,84734,netbanking,none,captured,1610,290,2026-07-31T06:47:37,0
pay_0034000355,order_0034000355,188143,wallet,none,failed,0,0,2026-07-07T04:17:35,0
pay_0034000356,order_0034000356,54405,netbanking,none,captured,1034,186,2026-07-04T14:10:08,0
pay_0034000357,order_0034000357,42019,netbanking,none,captured,798,144,2026-07-02T14:58:15,0
pay_0034000358,order_0034000358,73115,upi,none,failed,0,0,2026-07-11T22:09:27,0
pay_0034000359,order_0034000359,42089,upi,none,captured,0,0,2026-07-17T15:55:22,0
pay_0034000360,order_0034000360,32976,netbanking,none,captured,627,113,2026-07-13T18:34:14,0
pay_0034000361,order_0034000361,152438,upi,none,captured,0,0,2026-07-29T22:31:54,0
pay_0034000362,order_0034000362,249983,upi,none,captured,0,0,2026-07-30T00:38:29,0
pay_0034000363,order_0034000363,42338,upi,none,failed,0,0,2026-07-29T06:26:34,0
pay_0034000364,order_0034000364,62188,upi,none,captured,0,0,2026-07-02T06:57:27,0
pay_0034000365,order_0034000365,163488,upi,none,captured,0,0,2026-07-17T18:28:18,0
pay_0034000366,order_0034000366,579578,card,amex,captured,17387,3130,2026-07-18T21:43:02,0
pay_0034000367,order_0034000367,153655,upi,none,captured,0,0,2026-07-13T19:57:37,0
pay_0034000368,order_0034000368,405044,upi,none,captured,0,0,2026-07-06T19:22:49,0
pay_0034000369,order_0034000369,87288,upi,none,captured,0,0,2026-07-23T05:09:26,0
pay_0034000370,order_0034000370,39201,card,visa,captured,784,141,2026-07-31T22:07:26,0
pay_0034000371,order_0034000371,13174,upi,none,captured,0,0,2026-07-17T06:33:38,0
pay_0034000372,order_0034000372,85643,upi,none,captured,0,0,2026-07-18T20:56:26,0
pay_0034000373,order_0034000373,29564,upi,none,captured,0,0,2026-07-01T05:29:58,0
pay_0034000374,order_0034000374,23633,upi,none,captured,0,0,2026-07-12T10:53:11,0
pay_0034000375,order_0034000375,14736,upi,none,captured,0,0,2026-07-24T19:32:35,0
pay_0034000376,order_0034000376,54451,upi,none,captured,0,0,2026-07-13T06:03:17,0
pay_0034000377,order_0034000377,53813,upi,none,captured,0,0,2026-07-16T09:48:07,0
pay_0034000378,order_0034000378,35120,upi,none,captured,0,0,2026-07-04T17:37:02,0
pay_0034000379,order_0034000379,20790,upi,none,captured,0,0,2026-07-16T16:56:53,0
pay_0034000380,order_0034000380,10834,upi,none,captured,0,0,2026-07-30T07:04:50,0
pay_0034000381,order_0034000381,153458,netbanking,none,captured,2916,525,2026-07-14T21:16:35,0
pay_0034000382,order_0034000382,129364,upi,none,captured,0,0,2026-07-29T20:39:30,0
pay_0034000383,order_0034000383,122522,card,visa,captured,2450,441,2026-07-13T22:46:37,0
pay_0034000384,order_0034000384,326085,upi,none,captured,0,0,2026-07-11T07:41:51,0
pay_0034000385,order_0034000385,310203,netbanking,none,failed,0,0,2026-07-20T15:10:59,0
pay_0034000386,order_0034000386,111860,card,visa,captured,2237,403,2026-07-18T17:03:35,0
pay_0034000387,order_0034000387,93077,netbanking,none,captured,1768,318,2026-07-11T16:01:03,0
pay_0034000388,order_0034000388,961882,upi,none,captured,0,0,2026-07-09T20:23:42,0
pay_0034000389,order_0034000389,21631,card,mastercard,captured,433,78,2026-07-26T00:22:33,0
pay_0034000390,order_0034000390,30169,upi,none,captured,0,0,2026-07-26T21:45:49,0
pay_0034000391,order_0034000391,133100,card,visa,captured,2662,479,2026-07-29T13:46:12,0
pay_0034000392,order_0034000392,182154,upi,none,captured,0,0,2026-07-29T18:46:14,0
pay_0034000393,order_0034000393,667635,card,mastercard,captured,13353,2404,2026-07-07T14:13:54,0
pay_0034000394,order_0034000394,114579,upi,none,captured,0,0,2026-07-08T09:48:41,0
pay_0034000395,order_0034000395,223231,upi,none,failed,0,0,2026-07-30T08:17:37,0
pay_0034000396,order_0034000396,132391,card,visa,captured,2648,477,2026-07-04T16:45:09,0
pay_0034000397,order_0034000397,77298,netbanking,none,captured,1469,264,2026-07-08T17:52:49,0
pay_0034000398,order_0034000398,29351,netbanking,none,captured,558,100,2026-07-10T01:55:40,0
pay_0034000399,order_0034000399,64185,upi,none,captured,0,0,2026-07-12T06:47:53,0
pay_0034000400,order_0034000400,25023,upi,none,captured,0,0,2026-07-20T18:55:20,0
pay_0034000401,order_0034000401,253005,upi,none,captured,0,0,2026-07-02T05:43:47,0
pay_0034000402,order_0034000402,253122,upi,none,captured,0,0,2026-07-10T09:26:51,0
pay_0034000403,order_0034000403,284878,upi,none,captured,0,0,2026-07-01T10:12:06,0
pay_0034000404,order_0034000404,97077,upi,none,captured,0,0,2026-07-16T19:51:35,0
pay_0034000405,order_0034000405,90394,upi,none,captured,0,0,2026-07-13T05:38:20,0
pay_0034000406,order_0034000406,66057,card,visa,captured,1321,238,2026-07-13T18:41:46,0
pay_0034000407,order_0034000407,163099,card,visa,captured,3262,587,2026-07-02T18:32:06,0
pay_0034000408,order_0034000408,126712,upi,none,failed,0,0,2026-07-15T13:32:52,0
pay_0034000409,order_0034000409,94237,upi,none,captured,0,0,2026-07-16T10:43:15,0
pay_0034000410,order_0034000410,67913,upi,none,captured,0,0,2026-07-23T22:34:54,0
pay_0034000411,order_0034000411,61144,card,rupay,captured,611,11006,2026-07-31T01:23:07,0
pay_0034000412,order_0034000412,330365,card,visa,captured,6607,1189,2026-07-01T17:46:23,0
pay_0034000413,order_0034000413,13580,upi,none,captured,0,0,2026-07-18T10:57:04,0
pay_0034000414,order_0034000414,231953,wallet,none,captured,4639,835,2026-07-14T14:33:13,0
pay_0034000415,order_0034000415,36304,upi,none,captured,0,0,2026-07-03T04:11:25,0
pay_0034000416,order_0034000416,38176,card,visa,captured,764,138,2026-07-03T23:49:58,0
pay_0034000417,order_0034000417,63026,upi,none,captured,0,0,2026-07-07T04:22:07,0
pay_0034000418,order_0034000418,88439,card,mastercard,captured,1769,318,2026-07-29T02:02:15,0
pay_0034000419,order_0034000419,10889,upi,none,captured,0,0,2026-07-10T01:04:57,0
pay_0034000420,order_0034000420,128797,upi,none,captured,0,0,2026-07-30T14:38:35,0
pay_0034000421,order_0034000421,798320,upi,none,captured,0,0,2026-07-19T07:14:01,0
pay_0034000422,order_0034000422,235725,card,rupay,failed,0,0,2026-07-24T01:44:29,0
pay_0034000423,order_0034000423,74990,upi,none,captured,0,0,2026-07-17T19:08:48,0
pay_0034000424,order_0034000424,151294,card,rupay,captured,1513,272,2026-07-09T02:53:59,0
pay_0034000425,order_0034000425,492590,upi,none,captured,0,0,2026-07-09T03:21:37,0
pay_0034000426,order_0034000426,130196,card,visa,captured,2604,469,2026-07-04T18:59:14,0
pay_0034000427,order_0034000427,84271,upi,none,captured,0,0,2026-07-10T13:40:20,0
pay_0034000428,order_0034000428,207546,upi,none,captured,0,0,2026-07-20T03:53:19,0
pay_0034000429,order_0034000429,124046,wallet,none,captured,2481,447,2026-07-21T20:45:21,0
pay_0034000430,order_0034000430,136175,upi,none,captured,0,0,2026-07-13T08:26:25,0
pay_0034000431,order_0034000431,148497,upi,none,captured,0,0,2026-07-28T23:27:36,0
pay_0034000432,order_0034000432,98288,netbanking,none,captured,1867,336,2026-07-27T08:03:15,0
pay_0034000433,order_0034000433,29380,upi,none,captured,0,0,2026-07-17T09:28:19,0
pay_0034000434,order_0034000434,154767,upi,none,captured,0,0,2026-07-23T08:55:00,0
pay_0034000435,order_0034000435,185936,netbanking,none,captured,3533,636,2026-07-22T14:48:56,0
pay_0034000436,order_0034000436,35256,wallet,none,captured,705,127,2026-07-21T10:05:54,0
pay_0034000437,order_0034000437,385920,upi,none,captured,0,0,2026-07-11T16:45:14,0
pay_0034000438,order_0034000438,71882,netbanking,none,captured,1366,246,2026-07-10T16:56:58,0
pay_0034000439,order_0034000439,14583,upi,none,captured,0,0,2026-07-21T07:58:48,0
pay_0034000440,order_0034000440,58470,card,rupay,captured,585,105,2026-07-28T14:46:19,0
pay_0034000441,order_0034000441,92559,netbanking,none,captured,1759,317,2026-07-25T06:04:45,0
pay_0034000442,order_0034000442,436777,upi,none,captured,0,0,2026-07-07T11:01:25,0
pay_0034000443,order_0034000443,25587,card,mastercard,captured,512,92,2026-07-30T05:03:45,0
pay_0034000444,order_0034000444,57184,netbanking,none,captured,1086,195,2026-07-31T07:57:52,0
pay_0034000445,order_0034000445,154389,netbanking,none,captured,2933,528,2026-07-28T22:41:37,0
pay_0034000446,order_0034000446,56015,upi,none,captured,0,0,2026-07-06T11:44:49,0
pay_0034000447,order_0034000447,21093,upi,none,captured,0,0,2026-07-18T18:01:30,0
pay_0034000448,order_0034000448,77040,upi,none,captured,0,0,2026-07-07T01:57:31,0
pay_0034000449,order_0034000449,319260,card,rupay,captured,3193,575,2026-07-20T07:16:05,0
pay_0034000450,order_0034000450,88010,card,visa,failed,0,0,2026-07-16T02:09:20,0
pay_0034000451,order_0034000451,28018,upi,none,captured,0,0,2026-07-18T04:29:44,0
pay_0034000452,order_0034000452,22038,upi,none,captured,0,0,2026-07-16T09:39:26,0
pay_0034000453,order_0034000453,30336,upi,none,captured,0,0,2026-07-07T09:29:16,0
pay_0034000454,order_0034000454,123651,upi,none,failed,0,0,2026-07-22T23:52:57,0
pay_0034000455,order_0034000455,39787,upi,none,captured,0,0,2026-07-20T02:06:40,0
pay_0034000456,order_0034000456,128694,upi,none,captured,0,0,2026-07-21T04:17:00,0
pay_0034000457,order_0034000457,20474,card,rupay,captured,205,37,2026-07-03T00:24:03,0
pay_0034000458,order_0034000458,9257,upi,none,captured,0,0,2026-07-28T19:10:48,0
pay_0034000459,order_0034000459,39664,upi,none,captured,0,0,2026-07-16T04:51:01,0
pay_0034000460,order_0034000460,11208,upi,none,captured,0,0,2026-07-29T16:54:12,0
pay_0034000461,order_0034000461,558436,card,mastercard,captured,11169,2010,2026-07-15T08:47:09,0
pay_0034000462,order_0034000462,49386,upi,none,captured,0,0,2026-07-30T03:56:20,0
pay_0034000463,order_0034000463,48848,upi,none,captured,0,0,2026-07-17T08:28:57,0
pay_0034000464,order_0034000464,493568,netbanking,none,captured,9378,1688,2026-07-17T08:19:39,0
pay_0034000465,order_0034000465,155840,upi,none,failed,0,0,2026-07-31T02:44:02,0
pay_0034000466,order_0034000466,75687,card,visa,captured,1514,273,2026-07-07T10:05:32,0
pay_0034000467,order_0034000467,173219,upi,none,captured,0,0,2026-07-28T06:08:59,0
pay_0034000468,order_0034000468,25568,upi,none,captured,0,0,2026-07-18T16:09:00,0
pay_0034000469,order_0034000469,106520,netbanking,none,captured,2024,364,2026-07-05T06:15:33,0
pay_0034000470,order_0034000470,363558,upi,none,captured,0,0,2026-07-20T07:00:37,0
pay_0034000471,order_0034000471,376680,upi,none,captured,0,0,2026-07-24T01:01:19,0
pay_0034000472,order_0034000472,122227,upi,none,failed,0,0,2026-07-12T22:31:16,0
pay_0034000473,order_0034000473,520279,upi,none,captured,0,0,2026-07-29T14:20:19,0
pay_0034000474,order_0034000474,43786,upi,none,captured,0,0,2026-07-15T10:18:38,0
pay_0034000475,order_0034000475,57067,wallet,none,captured,1141,205,2026-07-05T11:31:57,0
pay_0034000476,order_0034000476,56734,card,mastercard,captured,1135,204,2026-07-18T20:37:53,0
pay_0034000477,order_0034000477,17811,card,visa,captured,356,64,2026-07-04T18:15:33,0
pay_0034000478,order_0034000478,38125,upi,none,captured,0,0,2026-07-26T17:57:03,0
pay_0034000479,order_0034000479,60150,upi,none,captured,0,0,2026-07-19T04:53:24,0
pay_0034000480,order_0034000480,22114,upi,none,failed,0,0,2026-07-23T15:43:56,0
pay_0034000481,order_0034000481,218280,upi,none,captured,0,0,2026-07-26T15:35:13,0
pay_0034000482,order_0034000482,88388,upi,none,captured,0,0,2026-07-09T19:33:11,0
pay_0034000483,order_0034000483,28242,card,mastercard,captured,565,102,2026-07-11T22:03:59,0
pay_0034000484,order_0034000484,157295,card,mastercard,captured,3146,566,2026-07-03T05:17:50,0
pay_0034000485,order_0034000485,131300,upi,none,captured,0,0,2026-07-30T08:11:33,0
pay_0034000486,order_0034000486,130949,netbanking,none,captured,2488,448,2026-07-28T11:37:00,0
pay_0034000487,order_0034000487,15101,upi,none,failed,0,0,2026-07-24T18:00:55,0
pay_0034000488,order_0034000488,175792,upi,none,captured,0,0,2026-07-03T05:53:22,0
pay_0034000489,order_0034000489,22363,upi,none,captured,0,0,2026-07-17T06:29:53,0
pay_0034000490,order_0034000490,48142,upi,none,captured,0,0,2026-07-24T05:35:58,0
pay_0034000491,order_0034000491,155409,upi,none,captured,0,0,2026-07-03T02:35:28,0
pay_0034000492,order_0034000492,32637,upi,none,captured,0,0,2026-07-29T07:07:24,0
pay_0034000493,order_0034000493,70665,upi,none,captured,0,0,2026-07-17T08:22:30,0
pay_0034000494,order_0034000494,110190,card,mastercard,captured,2204,397,2026-07-08T10:27:47,0
pay_0034000495,order_0034000495,59458,upi,none,captured,0,0,2026-07-18T17:50:53,0
pay_0034000496,order_0034000496,71297,upi,none,captured,0,0,2026-07-28T09:53:48,0
pay_0034000497,order_0034000497,45611,upi,none,captured,0,0,2026-07-15T02:25:39,0
pay_0034000498,order_0034000498,103686,upi,none,captured,0,0,2026-07-11T23:25:58,0
pay_0034000499,order_0034000499,31667,upi,none,captured,0,0,2026-07-21T11:15:08,0
pay_0034000500,order_0034000500,9601,upi,none,captured,0,0,2026-07-06T14:40:44,0
pay_0034000501,order_0034000501,135176,card,rupay,captured,1352,243,2026-07-13T11:17:12,0
pay_0034000502,order_0034000502,118196,upi,none,captured,0,0,2026-07-07T14:07:53,0
pay_0034000503,order_0034000503,32255,upi,none,captured,0,0,2026-07-17T18:07:52,0
pay_0034000504,order_0034000504,221631,card,mastercard,failed,0,0,2026-07-25T05:57:33,0
pay_0034000505,order_0034000505,91739,upi,none,captured,0,0,2026-07-01T18:24:36,0
pay_0034000506,order_0034000506,93102,wallet,none,captured,1862,335,2026-07-01T01:46:37,0
pay_0034000507,order_0034000507,161662,upi,none,failed,0,0,2026-07-23T11:23:44,0
pay_0034000508,order_0034000508,149118,upi,none,captured,0,0,2026-07-30T01:28:42,0
pay_0034000509,order_0034000509,140940,upi,none,failed,0,0,2026-07-10T00:08:02,0
pay_0034000510,order_0034000510,60627,upi,none,failed,0,0,2026-07-09T23:31:40,0
pay_0034000511,order_0034000511,125345,upi,none,failed,0,0,2026-07-23T17:33:58,0
pay_0034000512,order_0034000512,44149,card,mastercard,captured,883,159,2026-07-21T13:38:50,0
pay_0034000513,order_0034000513,44592,upi,none,captured,0,0,2026-07-20T23:28:57,0
pay_0034000514,order_0034000514,114213,netbanking,none,captured,2170,391,2026-07-21T05:15:11,0
pay_0034000515,order_0034000515,156574,card,mastercard,captured,3131,564,2026-07-07T11:55:16,0
pay_0034000516,order_0034000516,42851,upi,none,captured,0,0,2026-07-25T16:29:57,0
pay_0034000517,order_0034000517,124470,netbanking,none,captured,2365,426,2026-07-05T02:28:30,0
pay_0034000518,order_0034000518,85768,card,visa,captured,2101,378,2026-07-27T23:11:25,0
pay_0034000519,order_0034000519,333480,upi,none,captured,0,0,2026-07-07T05:59:47,0
pay_0034000520,order_0034000520,169858,card,rupay,captured,1699,306,2026-07-26T06:11:39,0
pay_0034000521,order_0034000521,65051,upi,none,captured,0,0,2026-07-08T07:41:41,0
pay_0034000522,order_0034000522,14565,upi,none,captured,0,0,2026-07-20T21:28:39,0
pay_0034000523,order_0034000523,110681,upi,none,captured,0,0,2026-07-13T22:43:55,0
pay_0034000524,order_0034000524,99090,wallet,none,failed,0,0,2026-07-29T22:06:52,0
pay_0034000525,order_0034000525,42094,upi,none,captured,0,0,2026-07-09T01:46:53,0
pay_0034000526,order_0034000526,225174,card,rupay,failed,0,0,2026-07-12T15:44:44,0
pay_0034000527,order_0034000527,96815,upi,none,captured,0,0,2026-07-06T08:06:38,0
pay_0034000528,order_0034000528,42159,wallet,none,captured,843,152,2026-07-25T07:09:15,0
pay_0034000529,order_0034000529,40676,upi,none,captured,0,0,2026-07-21T02:53:15,0
pay_0034000530,order_0034000530,78159,card,rupay,captured,782,141,2026-07-24T00:38:20,0
pay_0034000531,order_0034000531,98063,upi,none,captured,0,0,2026-07-06T01:25:36,0
pay_0034000532,order_0034000532,40042,card,rupay,captured,400,72,2026-07-12T02:41:07,0
pay_0034000533,order_0034000533,271282,upi,none,captured,0,0,2026-07-11T05:59:48,0
pay_0034000534,order_0034000534,266953,upi,none,captured,0,0,2026-07-07T15:42:19,0
pay_0034000535,order_0034000535,36651,upi,none,captured,0,0,2026-07-30T05:53:58,0
pay_0034000536,order_0034000536,143829,upi,none,captured,0,0,2026-07-28T20:53:52,0
pay_0034000537,order_0034000537,91232,card,visa,captured,1825,329,2026-07-23T09:15:35,0
pay_0034000538,order_0034000538,242707,card,mastercard,captured,4854,874,2026-07-19T00:05:00,0
pay_0034000539,order_0034000539,122704,upi,none,captured,0,0,2026-07-20T00:42:49,0
pay_0034000540,order_0034000540,322892,upi,none,captured,0,0,2026-07-19T05:29:58,0
pay_0034000541,order_0034000541,61674,card,mastercard,captured,1233,222,2026-07-16T09:09:04,0
pay_0034000542,order_0034000542,110023,upi,none,captured,0,0,2026-07-06T07:00:20,0
pay_0034000543,order_0034000543,112092,card,rupay,captured,1121,202,2026-07-14T06:20:26,0
pay_0034000544,order_0034000544,17641,card,visa,captured,353,64,2026-07-04T20:30:08,0
pay_0034000545,order_0034000545,53660,upi,none,captured,241,43,2026-07-01T05:10:46,0
pay_0034000546,order_0034000546,26435,card,rupay,captured,264,48,2026-07-06T17:14:43,0
pay_0034000547,order_0034000547,113837,card,visa,failed,0,0,2026-07-28T06:04:51,0
pay_0034000548,order_0034000548,148953,upi,none,captured,0,0,2026-07-28T00:32:19,0
pay_0034000549,order_0034000549,128843,card,mastercard,failed,0,0,2026-07-26T01:27:45,0
pay_0034000550,order_0034000550,71059,netbanking,none,captured,1350,243,2026-07-22T01:10:15,0
pay_0034000551,order_0034000551,70038,upi,none,captured,0,0,2026-07-28T18:18:07,0
pay_0034000552,order_0034000552,47750,upi,none,captured,0,0,2026-07-18T14:54:13,0
pay_0034000553,order_0034000553,11106,netbanking,none,captured,211,38,2026-07-20T15:15:45,0
pay_0034000554,order_0034000554,42958,card,mastercard,captured,859,155,2026-07-12T02:38:36,0
pay_0034000555,order_0034000555,77913,upi,none,captured,0,0,2026-07-03T13:01:36,0
pay_0034000556,order_0034000556,11116,netbanking,none,captured,211,38,2026-07-24T23:15:46,0
pay_0034000557,order_0034000557,21570,wallet,none,captured,431,78,2026-07-19T05:04:20,0
pay_0034000558,order_0034000558,109099,upi,none,captured,0,0,2026-07-04T05:09:36,0
pay_0034000559,order_0034000559,189770,wallet,none,captured,3795,683,2026-07-31T23:56:35,0
pay_0034000560,order_0034000560,249504,upi,none,captured,0,0,2026-07-13T00:20:50,0
pay_0034000561,order_0034000561,33687,upi,none,captured,0,0,2026-07-08T13:41:49,0
pay_0034000562,order_0034000562,45732,upi,none,captured,0,0,2026-07-26T15:38:54,0
pay_0034000563,order_0034000563,202632,upi,none,failed,0,0,2026-07-02T06:12:34,0
pay_0034000564,order_0034000564,138203,upi,none,captured,0,0,2026-07-25T11:12:01,0
pay_0034000565,order_0034000565,93904,upi,none,failed,0,0,2026-07-15T01:21:51,0
pay_0034000566,order_0034000566,35874,upi,none,captured,0,0,2026-07-30T18:46:15,0
pay_0034000567,order_0034000567,96010,upi,none,captured,0,0,2026-07-31T11:21:02,0
pay_0034000568,order_0034000568,145740,upi,none,failed,0,0,2026-07-26T16:02:29,0
pay_0034000569,order_0034000569,50589,upi,none,captured,0,0,2026-07-05T11:07:27,0
pay_0034000570,order_0034000570,30707,card,mastercard,captured,614,5527,2026-07-27T19:38:17,0
pay_0034000571,order_0034000571,23444,upi,none,captured,0,0,2026-07-14T20:26:53,0
pay_0034000572,order_0034000572,120045,netbanking,none,captured,2281,411,2026-07-23T04:05:52,0
pay_0034000573,order_0034000573,233504,upi,none,captured,0,0,2026-07-03T18:26:39,0
pay_0034000574,order_0034000574,63501,upi,none,captured,0,0,2026-07-26T21:28:51,0
pay_0034000575,order_0034000575,195515,upi,none,captured,0,0,2026-07-03T05:43:05,0
pay_0034000576,order_0034000576,122012,netbanking,none,captured,2318,417,2026-07-29T23:14:41,0
pay_0034000577,order_0034000577,23810,upi,none,captured,0,0,2026-07-27T00:52:32,0
pay_0034000578,order_0034000578,31840,card,mastercard,captured,637,115,2026-07-09T21:37:59,0
pay_0034000579,order_0034000579,53444,upi,none,captured,0,0,2026-07-24T14:48:44,0
pay_0034000580,order_0034000580,182078,upi,none,captured,0,0,2026-07-14T21:46:49,0
pay_0034000581,order_0034000581,21235,card,visa,captured,425,77,2026-07-16T00:00:28,0
pay_0034000582,order_0034000582,170863,upi,none,captured,0,0,2026-07-31T09:49:47,0
pay_0034000583,order_0034000583,28341,upi,none,captured,0,0,2026-07-23T16:20:58,0
pay_0034000584,order_0034000584,827610,upi,none,failed,0,0,2026-07-26T08:28:45,0
pay_0034000585,order_0034000585,53582,upi,none,captured,0,0,2026-07-18T23:05:05,0
pay_0034000586,order_0034000586,4900,wallet,none,captured,98,18,2026-07-19T12:15:55,0
pay_0034000587,order_0034000587,130044,netbanking,none,captured,2471,445,2026-07-28T18:12:04,0
pay_0034000588,order_0034000588,95606,upi,none,captured,0,0,2026-07-12T11:59:26,0
pay_0034000589,order_0034000589,103515,upi,none,captured,0,0,2026-07-02T21:52:20,0
pay_0034000590,order_0034000590,29046,card,rupay,captured,668,120,2026-07-07T09:29:21,1
pay_0034000591,order_0034000591,188448,card,visa,failed,0,0,2026-07-12T22:48:48,0
pay_0034000592,order_0034000592,38445,upi,none,captured,0,0,2026-07-13T15:04:57,0
pay_0034000593,order_0034000593,23330,card,mastercard,captured,467,84,2026-07-07T03:41:33,0
pay_0034000594,order_0034000594,24155,upi,none,captured,0,0,2026-07-25T23:45:17,0
pay_0034000595,order_0034000595,45852,card,visa,captured,917,165,2026-07-31T21:19:13,0
pay_0034000596,order_0034000596,83544,upi,none,captured,0,0,2026-07-08T14:49:26,0
pay_0034000597,order_0034000597,85877,netbanking,none,captured,1632,294,2026-07-27T23:38:08,0
pay_0034000598,order_0034000598,25555,upi,none,captured,0,0,2026-07-14T19:55:35,0
pay_0034000599,order_0034000599,11966,upi,none,captured,0,0,2026-07-20T05:53:24,0
pay_0034000600,order_0034000600,309116,card,visa,failed,0,0,2026-07-08T01:05:09,0
pay_0034000601,order_0034000601,257734,upi,none,captured,0,0,2026-07-25T09:42:07,0
pay_0034000602,order_0034000602,29954,upi,none,captured,0,0,2026-07-10T21:50:42,0
pay_0034000603,order_0034000603,303623,upi,none,captured,0,0,2026-07-21T00:38:38,0
pay_0034000604,order_0034000604,63203,upi,none,captured,0,0,2026-07-03T06:49:01,0
pay_0034000605,order_0034000605,74032,upi,none,captured,0,0,2026-07-06T23:10:56,0
pay_0034000606,order_0034000606,72784,upi,none,captured,0,0,2026-07-27T07:10:42,0
pay_0034000607,order_0034000607,88252,upi,none,captured,0,0,2026-07-06T05:57:26,0
pay_0034000608,order_0034000608,154132,netbanking,none,captured,2929,527,2026-07-08T09:32:57,0
pay_0034000609,order_0034000609,149159,upi,none,captured,0,0,2026-07-19T13:07:56,0
pay_0034000610,order_0034000610,33539,card,amex,captured,1006,181,2026-07-17T10:52:34,0
pay_0034000611,order_0034000611,220755,upi,none,captured,0,0,2026-07-07T01:52:13,0
pay_0034000612,order_0034000612,529006,upi,none,captured,0,0,2026-07-23T03:36:52,0
pay_0034000613,order_0034000613,38151,wallet,none,captured,763,137,2026-07-18T23:22:25,0
pay_0034000614,order_0034000614,32173,upi,none,captured,0,0,2026-07-31T00:36:00,0
pay_0034000615,order_0034000615,110956,upi,none,captured,0,0,2026-07-06T05:29:05,0
pay_0034000616,order_0034000616,266606,upi,none,captured,0,0,2026-07-15T22:22:57,0
pay_0034000617,order_0034000617,12968,upi,none,captured,0,0,2026-07-26T06:29:55,0
pay_0034000618,order_0034000618,29857,card,visa,captured,597,107,2026-07-12T06:02:42,0
pay_0034000619,order_0034000619,21716,upi,none,captured,0,0,2026-07-16T06:25:26,0
pay_0034000620,order_0034000620,224080,netbanking,none,captured,4258,766,2026-07-16T13:43:21,0
pay_0034000621,order_0034000621,107018,upi,none,captured,0,0,2026-07-07T16:43:10,0
pay_0034000622,order_0034000622,172181,card,visa,captured,3444,620,2026-07-23T00:36:15,0
pay_0034000623,order_0034000623,45121,upi,none,captured,0,0,2026-07-02T19:28:11,0
pay_0034000624,order_0034000624,21568,upi,none,failed,0,0,2026-07-17T10:07:22,0
pay_0034000625,order_0034000625,37500,upi,none,captured,0,0,2026-07-01T00:30:56,0
pay_0034000626,order_0034000626,19053,upi,none,captured,0,0,2026-07-29T20:33:13,0
pay_0034000627,order_0034000627,77651,upi,none,captured,0,0,2026-07-25T05:37:32,0
pay_0034000628,order_0034000628,55461,card,mastercard,captured,1109,200,2026-07-10T23:58:58,0
pay_0034000629,order_0034000629,49791,upi,none,captured,0,0,2026-07-05T02:10:30,0
pay_0034000630,order_0034000630,58879,netbanking,none,captured,1119,201,2026-07-01T06:21:58,0
pay_0034000631,order_0034000631,146145,upi,none,captured,0,0,2026-07-23T15:38:18,0
pay_0034000632,order_0034000632,37717,upi,none,captured,0,0,2026-07-23T07:21:20,0
pay_0034000633,order_0034000633,63438,card,visa,captured,1269,228,2026-07-23T08:25:35,0
pay_0034000634,order_0034000634,27016,upi,none,captured,0,0,2026-07-10T11:20:02,0
pay_0034000635,order_0034000635,74815,card,visa,captured,1496,269,2026-07-11T23:16:23,0
pay_0034000636,order_0034000636,36310,card,visa,captured,726,131,2026-07-01T10:24:17,0
pay_0034000637,order_0034000637,36675,upi,none,captured,0,0,2026-07-11T07:26:37,0
pay_0034000638,order_0034000638,328516,card,rupay,captured,3285,591,2026-07-15T22:10:07,0
pay_0034000639,order_0034000639,19563,upi,none,captured,0,0,2026-07-12T13:10:04,0
pay_0034000640,order_0034000640,74586,upi,none,captured,0,0,2026-07-17T22:57:54,0
pay_0034000641,order_0034000641,127273,upi,none,captured,0,0,2026-07-11T06:03:54,0
pay_0034000642,order_0034000642,31914,netbanking,none,captured,606,109,2026-07-19T13:11:33,0
pay_0034000643,order_0034000643,48897,upi,none,captured,0,0,2026-07-24T21:55:00,0
pay_0034000644,order_0034000644,260362,upi,none,captured,1172,211,2026-07-16T15:38:27,0
pay_0034000645,order_0034000645,59016,card,mastercard,failed,0,0,2026-07-02T09:22:55,0
pay_0034000646,order_0034000646,98181,netbanking,none,captured,1865,336,2026-07-08T07:23:16,0
pay_0034000647,order_0034000647,50585,card,visa,failed,0,0,2026-07-31T17:29:25,0
pay_0034000648,order_0034000648,198096,upi,none,captured,0,0,2026-07-14T18:33:18,0
pay_0034000649,order_0034000649,845306,card,rupay,captured,8453,1522,2026-07-24T14:13:07,0
pay_0034000650,order_0034000650,32408,card,rupay,captured,324,58,2026-07-24T05:38:16,0
pay_0034000651,order_0034000651,82150,card,visa,failed,0,0,2026-07-28T22:13:06,1
pay_0034000652,order_0034000652,35657,upi,none,captured,0,0,2026-07-27T10:45:30,0
pay_0034000653,order_0034000653,134539,upi,none,captured,0,0,2026-07-17T07:15:29,0
pay_0034000654,order_0034000654,308701,upi,none,captured,0,0,2026-07-18T06:54:47,0
pay_0034000655,order_0034000655,78400,card,visa,captured,1921,346,2026-07-29T05:58:10,0
pay_0034000656,order_0034000656,25543,upi,none,captured,0,0,2026-07-25T11:25:04,0
pay_0034000657,order_0034000657,33770,upi,none,captured,0,0,2026-07-10T04:28:17,0
pay_0034000658,order_0034000658,27875,upi,none,captured,0,0,2026-07-03T05:46:15,0
pay_0034000659,order_0034000659,17630,upi,none,captured,0,0,2026-07-03T00:00:47,0
pay_0034000660,order_0034000660,37606,upi,none,failed,0,0,2026-07-24T12:21:51,0
pay_0034000661,order_0034000661,213909,upi,none,captured,0,0,2026-07-19T13:42:20,0
pay_0034000662,order_0034000662,168237,upi,none,captured,0,0,2026-07-13T15:05:01,0
pay_0034000663,order_0034000663,34625,upi,none,captured,0,0,2026-07-08T08:28:53,0
pay_0034000664,order_0034000664,244810,card,mastercard,captured,5998,1080,2026-07-06T04:17:24,0
pay_0034000665,order_0034000665,492419,upi,none,captured,0,0,2026-07-22T11:33:13,0
pay_0034000666,order_0034000666,397529,upi,none,captured,0,0,2026-07-19T20:14:58,0
pay_0034000667,order_0034000667,179534,upi,none,captured,0,0,2026-07-10T00:33:52,0
pay_0034000668,order_0034000668,27521,netbanking,none,captured,523,94,2026-07-17T04:39:29,0
pay_0034000669,order_0034000669,20776,card,rupay,captured,208,37,2026-07-21T05:52:21,0
pay_0034000670,order_0034000670,14488,netbanking,none,captured,275,50,2026-07-27T04:47:38,0
pay_0034000671,order_0034000671,368239,netbanking,none,captured,6997,1259,2026-07-08T03:45:28,0
pay_0034000672,order_0034000672,106063,netbanking,none,captured,2015,363,2026-07-31T14:25:24,0
pay_0034000673,order_0034000673,46851,upi,none,captured,0,0,2026-07-05T02:09:09,0
pay_0034000674,order_0034000674,20629,netbanking,none,captured,392,71,2026-07-19T05:48:24,0
pay_0034000675,order_0034000675,80695,upi,none,captured,0,0,2026-07-25T15:56:03,0
pay_0034000676,order_0034000676,259275,upi,none,captured,0,0,2026-07-27T07:11:21,0
pay_0034000677,order_0034000677,62425,card,visa,captured,1249,225,2026-07-12T18:27:10,0
pay_0034000678,order_0034000678,39100,card,mastercard,captured,782,141,2026-07-19T20:43:04,0
pay_0034000679,order_0034000679,41920,card,visa,captured,838,151,2026-07-26T20:39:34,0
pay_0034000680,order_0034000680,33503,card,mastercard,captured,670,121,2026-07-05T18:48:09,0
pay_0034000681,order_0034000681,31275,card,visa,captured,626,113,2026-07-13T09:33:55,0
pay_0034000682,order_0034000682,93056,card,visa,captured,1861,335,2026-07-04T01:34:23,0
pay_0034000683,order_0034000683,53324,card,mastercard,failed,0,0,2026-07-28T09:20:52,0
pay_0034000684,order_0034000684,8381,upi,none,captured,0,0,2026-07-16T01:50:37,0
pay_0034000685,order_0034000685,12056,card,mastercard,failed,0,0,2026-07-03T16:34:53,0
pay_0034000686,order_0034000686,37535,card,visa,captured,751,135,2026-07-15T20:23:27,0
pay_0034000687,order_0034000687,166079,upi,none,captured,0,0,2026-07-02T01:15:11,0
pay_0034000688,order_0034000688,26132,upi,none,captured,118,21,2026-07-21T08:06:22,0
pay_0034000689,order_0034000689,119712,netbanking,none,captured,2275,410,2026-07-05T11:20:25,0
pay_0034000690,order_0034000690,84473,upi,none,failed,0,0,2026-07-25T16:10:13,0
pay_0034000691,order_0034000691,104476,upi,none,captured,0,0,2026-07-03T13:11:37,0
pay_0034000692,order_0034000692,111694,card,mastercard,captured,2234,20105,2026-07-02T15:58:24,0
pay_0034000693,order_0034000693,158373,netbanking,none,captured,3009,542,2026-07-25T11:34:34,0
pay_0034000694,order_0034000694,28317,upi,none,captured,0,0,2026-07-12T21:30:16,0
pay_0034000695,order_0034000695,41995,upi,none,captured,0,0,2026-07-20T23:07:13,0
pay_0034000696,order_0034000696,100258,card,rupay,failed,0,0,2026-07-27T17:39:44,0
pay_0034000697,order_0034000697,21530,upi,none,captured,0,0,2026-07-24T07:59:18,0
pay_0034000698,order_0034000698,22377,upi,none,captured,0,0,2026-07-20T21:55:47,0
pay_0034000699,order_0034000699,22163,card,visa,captured,443,80,2026-07-13T02:28:28,0
pay_0034000700,order_0034000700,205223,wallet,none,failed,0,0,2026-07-01T20:04:18,0
pay_0034000701,order_0034000701,69168,upi,none,captured,0,0,2026-07-01T20:47:15,0
pay_0034000702,order_0034000702,44473,netbanking,none,failed,0,0,2026-07-16T05:27:27,0
pay_0034000703,order_0034000703,28766,upi,none,captured,0,0,2026-07-18T08:47:16,0
pay_0034000704,order_0034000704,80257,card,rupay,failed,0,0,2026-07-23T13:14:29,1
pay_0034000705,order_0034000705,114509,card,mastercard,captured,2290,412,2026-07-17T02:17:48,0
pay_0034000706,order_0034000706,139364,upi,none,captured,0,0,2026-07-07T20:38:32,0
pay_0034000707,order_0034000707,105753,upi,none,captured,0,0,2026-07-09T15:10:13,0
pay_0034000708,order_0034000708,28442,card,mastercard,captured,569,102,2026-07-07T15:10:35,0
pay_0034000709,order_0034000709,247713,upi,none,captured,0,0,2026-07-11T22:54:24,0
pay_0034000710,order_0034000710,181040,netbanking,none,captured,3440,619,2026-07-19T20:38:42,0
pay_0034000711,order_0034000711,73245,upi,none,captured,0,0,2026-07-14T13:00:24,0
pay_0034000712,order_0034000712,97568,upi,none,captured,0,0,2026-07-09T14:51:04,0
pay_0034000713,order_0034000713,65256,netbanking,none,captured,1240,223,2026-07-18T23:03:06,0
pay_0034000714,order_0034000714,79536,upi,none,captured,0,0,2026-07-07T18:44:30,0
pay_0034000715,order_0034000715,25307,upi,none,captured,0,0,2026-07-10T23:11:30,0
pay_0034000716,order_0034000716,194677,wallet,none,failed,0,0,2026-07-09T23:13:35,0
pay_0034000717,order_0034000717,11585,upi,none,captured,0,0,2026-07-22T03:35:57,0
pay_0034000718,order_0034000718,301076,upi,none,captured,0,0,2026-07-30T01:07:09,0
pay_0034000719,order_0034000719,98861,upi,none,failed,0,0,2026-07-10T01:21:54,0
pay_0034000720,order_0034000720,116128,upi,none,captured,0,0,2026-07-15T15:51:12,0
pay_0034000721,order_0034000721,159134,card,mastercard,captured,3183,573,2026-07-14T15:33:21,0
pay_0034000722,order_0034000722,24863,wallet,none,captured,497,89,2026-07-05T19:39:26,0
pay_0034000723,order_0034000723,61749,upi,none,captured,0,0,2026-07-27T10:49:32,0
pay_0034000724,order_0034000724,24021,upi,none,failed,0,0,2026-07-21T02:54:32,0
pay_0034000725,order_0034000725,5926,upi,none,captured,0,0,2026-07-03T17:31:34,0
pay_0034000726,order_0034000726,151814,upi,none,captured,0,0,2026-07-07T15:57:32,0
pay_0034000727,order_0034000727,132866,upi,none,captured,0,0,2026-07-02T23:59:02,0
pay_0034000728,order_0034000728,270322,upi,none,failed,0,0,2026-07-07T11:34:56,0
pay_0034000729,order_0034000729,107005,netbanking,none,captured,2033,366,2026-07-18T15:16:39,0
pay_0034000730,order_0034000730,277781,netbanking,none,captured,5278,950,2026-07-05T12:59:50,0
pay_0034000731,order_0034000731,84031,upi,none,captured,0,0,2026-07-04T19:40:41,0
pay_0034000732,order_0034000732,18635,wallet,none,captured,373,67,2026-07-14T21:12:28,0
pay_0034000733,order_0034000733,41433,upi,none,captured,0,0,2026-07-02T12:14:46,0
pay_0034000734,order_0034000734,232130,upi,none,captured,0,0,2026-07-30T03:10:09,0
pay_0034000735,order_0034000735,31688,card,mastercard,captured,634,114,2026-07-31T02:32:42,0
pay_0034000736,order_0034000736,199473,upi,none,captured,0,0,2026-07-18T12:05:34,0
pay_0034000737,order_0034000737,150967,card,visa,captured,3019,543,2026-07-23T19:59:49,0
pay_0034000738,order_0034000738,16549,upi,none,failed,0,0,2026-07-12T10:12:36,0
pay_0034000739,order_0034000739,231061,upi,none,captured,0,0,2026-07-06T10:07:16,0
pay_0034000740,order_0034000740,30677,wallet,none,captured,614,111,2026-07-09T07:31:34,0
pay_0034000741,order_0034000741,9184,upi,none,captured,0,0,2026-07-27T12:13:53,0
pay_0034000742,order_0034000742,760086,card,rupay,captured,7601,1368,2026-07-03T09:50:48,0
pay_0034000743,order_0034000743,84751,upi,none,captured,0,0,2026-07-02T08:48:44,0
pay_0034000744,order_0034000744,302142,card,visa,captured,6043,1088,2026-07-02T07:54:38,0
pay_0034000745,order_0034000745,71065,card,visa,captured,1421,256,2026-07-26T05:07:24,0
pay_0034000746,order_0034000746,212901,netbanking,none,captured,4045,728,2026-07-21T08:35:48,0
pay_0034000747,order_0034000747,46580,netbanking,none,captured,885,159,2026-07-15T06:33:44,0
pay_0034000748,order_0034000748,49606,upi,none,captured,0,0,2026-07-17T14:46:18,0
pay_0034000749,order_0034000749,93149,wallet,none,captured,1863,335,2026-07-22T17:04:42,0
pay_0034000750,order_0034000750,83427,card,visa,captured,1669,300,2026-07-13T22:23:34,0
pay_0034000751,order_0034000751,135001,upi,none,failed,0,0,2026-07-02T09:01:13,0
pay_0034000752,order_0034000752,64786,upi,none,captured,0,0,2026-07-01T23:56:01,0
pay_0034000753,order_0034000753,106607,upi,none,captured,0,0,2026-07-24T00:04:54,0
pay_0034000754,order_0034000754,60038,card,mastercard,captured,1201,216,2026-07-02T08:48:18,0
pay_0034000755,order_0034000755,47061,upi,none,captured,0,0,2026-07-12T01:33:18,0
pay_0034000756,order_0034000756,38901,card,rupay,captured,389,70,2026-07-26T13:10:02,0
pay_0034000757,order_0034000757,38260,upi,none,captured,0,0,2026-07-31T10:13:06,0
pay_0034000758,order_0034000758,72370,card,rupay,failed,0,0,2026-07-28T17:40:33,0
pay_0034000759,order_0034000759,40212,card,mastercard,captured,804,145,2026-07-15T09:14:40,0
pay_0034000760,order_0034000760,12606,upi,none,captured,0,0,2026-07-23T02:52:09,0
pay_0034000761,order_0034000761,109786,wallet,none,captured,2196,395,2026-07-27T10:01:21,0
pay_0034000762,order_0034000762,102583,upi,none,failed,0,0,2026-07-14T15:17:18,0
pay_0034000763,order_0034000763,109733,upi,none,captured,0,0,2026-07-31T22:36:49,0
pay_0034000764,order_0034000764,93625,upi,none,captured,0,0,2026-07-06T13:10:06,0
pay_0034000765,order_0034000765,30865,upi,none,captured,0,0,2026-07-20T00:38:35,0
pay_0034000766,order_0034000766,109994,upi,none,failed,0,0,2026-07-29T03:22:55,0
pay_0034000767,order_0034000767,714826,upi,none,captured,0,0,2026-07-27T03:07:50,0
pay_0034000768,order_0034000768,10400,upi,none,captured,0,0,2026-07-11T19:24:13,0
pay_0034000769,order_0034000769,157674,card,amex,captured,4730,851,2026-07-19T16:13:07,0
pay_0034000770,order_0034000770,46868,upi,none,captured,0,0,2026-07-28T04:28:17,0
pay_0034000771,order_0034000771,150709,upi,none,captured,0,0,2026-07-12T20:32:07,0
pay_0034000772,order_0034000772,20716,card,mastercard,captured,414,75,2026-07-05T14:37:18,0
pay_0034000773,order_0034000773,70346,upi,none,failed,0,0,2026-07-06T20:37:16,0
pay_0034000774,order_0034000774,32831,wallet,none,captured,657,118,2026-07-31T11:44:16,0
pay_0034000775,order_0034000775,34699,upi,none,captured,0,0,2026-07-07T20:17:05,0
pay_0034000776,order_0034000776,69363,upi,none,captured,0,0,2026-07-19T14:23:24,0
pay_0034000777,order_0034000777,52072,wallet,none,failed,0,0,2026-07-24T07:46:43,0
pay_0034000778,order_0034000778,229760,upi,none,captured,0,0,2026-07-09T20:16:50,0
pay_0034000779,order_0034000779,294929,card,mastercard,captured,5899,53087,2026-07-30T09:27:11,0
pay_0034000780,order_0034000780,126698,upi,none,captured,0,0,2026-07-18T17:00:26,0
pay_0034000781,order_0034000781,149675,card,rupay,captured,1497,269,2026-07-07T01:27:23,0
pay_0034000782,order_0034000782,32018,upi,none,captured,0,0,2026-07-15T18:36:47,0
pay_0034000783,order_0034000783,118457,wallet,none,captured,2369,426,2026-07-13T05:39:29,0
pay_0034000784,order_0034000784,12206,upi,none,captured,0,0,2026-07-22T03:14:45,0
pay_0034000785,order_0034000785,104231,upi,none,captured,0,0,2026-07-06T09:15:42,0
pay_0034000786,order_0034000786,32763,upi,none,captured,0,0,2026-07-14T04:09:37,0
pay_0034000787,order_0034000787,68459,wallet,none,failed,0,0,2026-07-20T09:19:53,0
pay_0034000788,order_0034000788,70158,upi,none,captured,0,0,2026-07-25T16:51:27,0
pay_0034000789,order_0034000789,44607,card,mastercard,captured,892,161,2026-07-13T07:31:17,0
pay_0034000790,order_0034000790,153426,upi,none,captured,0,0,2026-07-12T02:36:21,0
pay_0034000791,order_0034000791,27166,upi,none,captured,0,0,2026-07-25T16:32:30,0
pay_0034000792,order_0034000792,15258,card,rupay,captured,153,28,2026-07-23T00:09:47,0
pay_0034000793,order_0034000793,77497,upi,none,captured,0,0,2026-07-26T14:58:48,0
pay_0034000794,order_0034000794,36304,upi,none,captured,0,0,2026-07-10T02:25:30,0
pay_0034000795,order_0034000795,9045,upi,none,captured,0,0,2026-07-26T04:06:56,0
pay_0034000796,order_0034000796,78997,card,visa,captured,1580,284,2026-07-25T22:44:31,0
pay_0034000797,order_0034000797,6527,card,visa,captured,160,29,2026-07-20T23:24:19,0
pay_0034000798,order_0034000798,29964,netbanking,none,captured,569,102,2026-07-19T00:17:57,0
pay_0034000799,order_0034000799,143016,netbanking,none,captured,2717,489,2026-07-11T12:02:03,0
pay_0034000800,order_0034000800,217357,upi,none,captured,0,0,2026-07-27T20:39:50,0
pay_0034000801,order_0034000801,134855,netbanking,none,captured,2562,461,2026-07-18T22:42:44,0
pay_0034000802,order_0034000802,8343,upi,none,captured,0,0,2026-07-27T12:56:14,0
pay_0034000803,order_0034000803,53077,netbanking,none,captured,1008,181,2026-07-01T06:22:33,0
pay_0034000804,order_0034000804,23918,upi,none,captured,0,0,2026-07-04T00:52:24,0
pay_0034000805,order_0034000805,32904,upi,none,captured,0,0,2026-07-13T19:55:43,0
pay_0034000806,order_0034000806,110227,upi,none,captured,0,0,2026-07-21T20:43:24,0
pay_0034000807,order_0034000807,194754,upi,none,captured,0,0,2026-07-24T09:07:59,0
pay_0034000808,order_0034000808,29149,upi,none,captured,0,0,2026-07-01T15:11:07,0
pay_0034000809,order_0034000809,47173,wallet,none,captured,943,170,2026-07-19T04:17:15,0
pay_0034000810,order_0034000810,49657,upi,none,captured,0,0,2026-07-29T19:23:21,0
pay_0034000811,order_0034000811,175590,upi,none,captured,0,0,2026-07-27T19:58:15,0
pay_0034000812,order_0034000812,39123,upi,none,failed,0,0,2026-07-12T08:35:30,0
pay_0034000813,order_0034000813,16902,upi,none,captured,0,0,2026-07-22T10:07:57,0
pay_0034000814,order_0034000814,42616,upi,none,captured,0,0,2026-07-04T12:48:54,0
pay_0034000815,order_0034000815,182331,card,rupay,captured,1823,328,2026-07-17T01:06:07,0
pay_0034000816,order_0034000816,39158,upi,none,captured,0,0,2026-07-30T22:15:47,0
pay_0034000817,order_0034000817,283707,upi,none,captured,0,0,2026-07-05T09:56:03,0
pay_0034000818,order_0034000818,70249,upi,none,captured,0,0,2026-07-22T01:02:48,0
pay_0034000819,order_0034000819,51594,wallet,none,failed,0,0,2026-07-05T16:41:01,0
pay_0034000820,order_0034000820,570611,netbanking,none,captured,10842,1952,2026-07-07T14:46:00,0
pay_0034000821,order_0034000821,130956,upi,none,captured,0,0,2026-07-13T08:50:56,0
pay_0034000822,order_0034000822,57790,upi,none,captured,0,0,2026-07-12T09:57:10,0
pay_0034000823,order_0034000823,32348,card,mastercard,captured,1067,192,2026-07-15T14:01:32,1
pay_0034000824,order_0034000824,95571,card,visa,captured,3154,568,2026-07-04T05:04:20,1
pay_0034000825,order_0034000825,245573,card,mastercard,captured,4911,884,2026-07-28T05:27:23,0
pay_0034000826,order_0034000826,91527,upi,none,captured,0,0,2026-07-02T15:12:45,0
pay_0034000827,order_0034000827,164847,upi,none,captured,0,0,2026-07-08T14:47:31,0
pay_0034000828,order_0034000828,55842,card,rupay,captured,558,100,2026-07-17T09:37:58,0
pay_0034000829,order_0034000829,35042,upi,none,captured,0,0,2026-07-01T07:35:02,0
pay_0034000830,order_0034000830,24429,wallet,none,captured,489,88,2026-07-28T23:39:36,0
pay_0034000831,order_0034000831,375126,upi,none,captured,0,0,2026-07-08T22:56:31,0
pay_0034000832,order_0034000832,42309,upi,none,captured,0,0,2026-07-04T06:08:37,0
pay_0034000833,order_0034000833,18700,upi,none,captured,0,0,2026-07-03T18:19:24,0
pay_0034000834,order_0034000834,92414,netbanking,none,captured,1756,316,2026-07-06T12:08:53,0
pay_0034000835,order_0034000835,27968,upi,none,captured,0,0,2026-07-14T22:22:21,0
pay_0034000836,order_0034000836,185914,card,rupay,captured,1859,335,2026-07-31T18:50:32,0
pay_0034000837,order_0034000837,27702,upi,none,captured,0,0,2026-07-16T15:49:10,0
pay_0034000838,order_0034000838,54885,upi,none,captured,0,0,2026-07-09T01:36:20,0
pay_0034000839,order_0034000839,16121,upi,none,captured,0,0,2026-07-03T05:01:59,0
pay_0034000840,order_0034000840,63050,upi,none,captured,0,0,2026-07-23T05:31:38,0
pay_0034000841,order_0034000841,20598,card,mastercard,captured,412,74,2026-07-05T09:27:23,0
pay_0034000842,order_0034000842,206904,upi,none,captured,0,0,2026-07-14T03:12:56,0
pay_0034000843,order_0034000843,51353,upi,none,captured,0,0,2026-07-09T06:54:59,0
pay_0034000844,order_0034000844,244115,upi,none,captured,0,0,2026-07-06T04:07:08,0
pay_0034000845,order_0034000845,150192,wallet,none,captured,3004,541,2026-07-04T03:20:15,0
pay_0034000846,order_0034000846,395573,card,mastercard,captured,7911,1424,2026-07-30T17:53:39,0
pay_0034000847,order_0034000847,206121,netbanking,none,captured,3916,705,2026-07-24T14:12:20,0
pay_0034000848,order_0034000848,49707,upi,none,captured,0,0,2026-07-19T13:23:05,0
pay_0034000849,order_0034000849,10513,wallet,none,captured,210,38,2026-07-20T05:36:14,0
pay_0034000850,order_0034000850,76822,upi,none,captured,0,0,2026-07-29T14:32:27,0
pay_0034000851,order_0034000851,62003,card,visa,captured,1240,223,2026-07-10T20:27:17,0
pay_0034000852,order_0034000852,173091,upi,none,captured,0,0,2026-07-01T16:26:16,0
pay_0034000853,order_0034000853,526263,upi,none,captured,0,0,2026-07-13T16:08:18,0
pay_0034000854,order_0034000854,147171,upi,none,captured,0,0,2026-07-10T03:16:48,0
pay_0034000855,order_0034000855,45499,upi,none,captured,0,0,2026-07-14T08:55:56,0
pay_0034000856,order_0034000856,110827,upi,none,captured,0,0,2026-07-18T21:26:10,0
pay_0034000857,order_0034000857,25194,upi,none,captured,0,0,2026-07-01T03:46:35,0
pay_0034000858,order_0034000858,88447,upi,none,captured,0,0,2026-07-19T02:50:01,0
pay_0034000859,order_0034000859,54065,upi,none,captured,0,0,2026-07-23T16:42:27,0
pay_0034000860,order_0034000860,29883,upi,none,captured,0,0,2026-07-19T18:46:40,0
pay_0034000861,order_0034000861,61166,card,amex,captured,1835,330,2026-07-27T10:11:42,0
pay_0034000862,order_0034000862,49981,upi,none,failed,0,0,2026-07-08T18:49:45,0
pay_0034000863,order_0034000863,15681,card,mastercard,captured,314,57,2026-07-07T12:49:32,0
pay_0034000864,order_0034000864,98366,upi,none,failed,0,0,2026-07-02T05:22:21,0
pay_0034000865,order_0034000865,27591,upi,none,captured,0,0,2026-07-14T06:50:36,0
pay_0034000866,order_0034000866,77599,upi,none,captured,0,0,2026-07-03T15:07:09,0
pay_0034000867,order_0034000867,97174,upi,none,captured,0,0,2026-07-11T13:58:43,0
pay_0034000868,order_0034000868,120888,card,visa,captured,2418,435,2026-07-07T16:41:04,0
pay_0034000869,order_0034000869,91095,card,mastercard,captured,1822,328,2026-07-18T00:57:50,0
pay_0034000870,order_0034000870,432913,upi,none,captured,0,0,2026-07-04T21:13:14,0
pay_0034000871,order_0034000871,19745,upi,none,captured,0,0,2026-07-27T20:15:29,0
pay_0034000872,order_0034000872,289758,upi,none,captured,0,0,2026-07-04T19:54:30,0
pay_0034000873,order_0034000873,20595,upi,none,failed,0,0,2026-07-06T08:14:30,0
pay_0034000874,order_0034000874,26496,upi,none,captured,0,0,2026-07-28T23:59:52,0
pay_0034000875,order_0034000875,1312939,upi,none,captured,0,0,2026-07-25T04:19:42,0
pay_0034000876,order_0034000876,27760,card,rupay,captured,278,50,2026-07-11T21:34:17,0
pay_0034000877,order_0034000877,163052,upi,none,captured,0,0,2026-07-03T20:22:30,0
pay_0034000878,order_0034000878,13719,netbanking,none,captured,261,47,2026-07-05T05:35:02,0
pay_0034000879,order_0034000879,95496,netbanking,none,captured,1814,327,2026-07-09T22:26:19,0
pay_0034000880,order_0034000880,53828,upi,none,captured,0,0,2026-07-05T13:21:44,0
pay_0034000881,order_0034000881,56770,card,mastercard,failed,0,0,2026-07-07T01:00:31,0
pay_0034000882,order_0034000882,67686,upi,none,captured,0,0,2026-07-05T18:56:31,0
pay_0034000883,order_0034000883,45908,upi,none,captured,0,0,2026-07-17T19:02:37,0
pay_0034000884,order_0034000884,200673,upi,none,failed,0,0,2026-07-02T15:45:16,0
pay_0034000885,order_0034000885,18330,upi,none,captured,0,0,2026-07-10T18:53:41,0
pay_0034000886,order_0034000886,144265,card,mastercard,captured,2885,519,2026-07-29T02:22:49,0
pay_0034000887,order_0034000887,51396,upi,none,captured,0,0,2026-07-31T06:46:40,0
pay_0034000888,order_0034000888,138725,upi,none,captured,0,0,2026-07-24T14:06:48,0
pay_0034000889,order_0034000889,178022,upi,none,captured,0,0,2026-07-24T14:19:07,0
pay_0034000890,order_0034000890,28239,upi,none,captured,0,0,2026-07-19T11:58:11,0
pay_0034000891,order_0034000891,7536,netbanking,none,failed,0,0,2026-07-16T15:07:32,0
pay_0034000892,order_0034000892,14008,upi,none,captured,0,0,2026-07-22T11:11:42,0
pay_0034000893,order_0034000893,52644,netbanking,none,captured,1000,180,2026-07-14T18:43:27,0
pay_0034000894,order_0034000894,91294,upi,none,captured,0,0,2026-07-29T06:18:41,0
pay_0034000895,order_0034000895,40071,upi,none,captured,0,0,2026-07-30T18:21:09,0
pay_0034000896,order_0034000896,323127,upi,none,captured,0,0,2026-07-21T21:37:14,0
pay_0034000897,order_0034000897,10503,card,rupay,captured,105,19,2026-07-26T18:34:35,0
pay_0034000898,order_0034000898,30583,card,visa,captured,612,110,2026-07-12T00:16:58,0
pay_0034000899,order_0034000899,36789,upi,none,captured,0,0,2026-07-19T02:15:12,0
pay_0034000900,order_0034000900,68449,card,rupay,captured,684,123,2026-07-04T16:33:05,0
pay_0034000901,order_0034000901,71840,card,visa,captured,1437,259,2026-07-22T05:10:32,0
pay_0034000902,order_0034000902,20181,wallet,none,captured,404,73,2026-07-01T04:15:07,0
pay_0034000903,order_0034000903,56276,upi,none,captured,0,0,2026-07-20T23:52:49,0
pay_0034000904,order_0034000904,57322,card,rupay,failed,0,0,2026-07-06T02:45:37,0
pay_0034000905,order_0034000905,18201,upi,none,captured,0,0,2026-07-15T04:49:22,0
pay_0034000906,order_0034000906,19863,card,visa,captured,397,71,2026-07-23T16:58:21,0
pay_0034000907,order_0034000907,28089,card,mastercard,captured,562,101,2026-07-13T21:27:20,0
pay_0034000908,order_0034000908,53303,upi,none,captured,0,0,2026-07-28T13:43:27,0
pay_0034000909,order_0034000909,118032,card,mastercard,captured,2361,425,2026-07-09T06:54:08,0
pay_0034000910,order_0034000910,99774,upi,none,captured,0,0,2026-07-16T11:19:23,0
pay_0034000911,order_0034000911,73319,upi,none,captured,0,0,2026-07-17T15:31:14,0
pay_0034000912,order_0034000912,37635,wallet,none,captured,753,136,2026-07-24T14:45:46,0
pay_0034000913,order_0034000913,241323,upi,none,captured,0,0,2026-07-13T01:55:15,0
pay_0034000914,order_0034000914,53753,upi,none,captured,0,0,2026-07-26T02:27:20,0
pay_0034000915,order_0034000915,67875,card,mastercard,captured,1358,244,2026-07-18T05:02:14,0
pay_0034000916,order_0034000916,99759,upi,none,captured,0,0,2026-07-22T15:22:57,0
pay_0034000917,order_0034000917,39456,card,rupay,captured,395,71,2026-07-16T20:40:37,0
pay_0034000918,order_0034000918,127078,netbanking,none,captured,2414,435,2026-07-02T21:50:02,0
pay_0034000919,order_0034000919,84243,upi,none,failed,0,0,2026-07-15T08:42:53,0
pay_0034000920,order_0034000920,10976,upi,none,captured,0,0,2026-07-25T13:46:10,0
pay_0034000921,order_0034000921,29984,upi,none,captured,0,0,2026-07-10T01:35:32,0
pay_0034000922,order_0034000922,77096,upi,none,captured,0,0,2026-07-25T17:53:20,0
pay_0034000923,order_0034000923,56971,card,mastercard,captured,1139,205,2026-07-26T14:45:52,0
pay_0034000924,order_0034000924,55059,upi,none,captured,0,0,2026-07-01T09:22:37,0
pay_0034000925,order_0034000925,64682,netbanking,none,captured,1229,11643,2026-07-19T20:48:03,0
pay_0034000926,order_0034000926,147488,card,visa,failed,0,0,2026-07-12T21:36:15,1
pay_0034000927,order_0034000927,136862,card,mastercard,captured,2737,493,2026-07-06T15:55:17,0
pay_0034000928,order_0034000928,56803,card,rupay,captured,568,102,2026-07-20T02:56:53,0
pay_0034000929,order_0034000929,29759,card,rupay,captured,298,54,2026-07-07T10:47:43,0
pay_0034000930,order_0034000930,47883,upi,none,captured,0,0,2026-07-24T08:23:25,0
pay_0034000931,order_0034000931,8012,wallet,none,captured,160,29,2026-07-02T21:53:12,0
pay_0034000932,order_0034000932,106591,upi,none,captured,0,0,2026-07-30T03:23:25,0
pay_0034000933,order_0034000933,44654,card,visa,captured,893,161,2026-07-04T12:22:08,0
pay_0034000934,order_0034000934,123768,card,visa,captured,2475,446,2026-07-11T07:57:33,0
pay_0034000935,order_0034000935,19399,upi,none,captured,0,0,2026-07-30T09:44:21,0
pay_0034000936,order_0034000936,199363,card,mastercard,captured,3987,718,2026-07-14T00:35:37,0
pay_0034000937,order_0034000937,257503,upi,none,captured,0,0,2026-07-14T23:35:00,0
pay_0034000938,order_0034000938,79108,upi,none,captured,0,0,2026-07-04T23:51:23,0
pay_0034000939,order_0034000939,232249,upi,none,captured,0,0,2026-07-18T18:39:49,0
pay_0034000940,order_0034000940,111039,upi,none,captured,0,0,2026-07-07T16:30:10,0
pay_0034000941,order_0034000941,349348,upi,none,captured,0,0,2026-07-14T19:11:47,0
pay_0034000942,order_0034000942,121321,upi,none,captured,0,0,2026-07-18T07:00:33,0
pay_0034000943,order_0034000943,46623,upi,none,captured,0,0,2026-07-29T09:48:01,0
pay_0034000944,order_0034000944,18408,card,mastercard,captured,368,66,2026-07-06T18:38:46,0
pay_0034000945,order_0034000945,20847,upi,none,captured,0,0,2026-07-31T01:29:41,0
pay_0034000946,order_0034000946,15850,upi,none,captured,71,13,2026-07-18T22:26:36,0
pay_0034000947,order_0034000947,383571,netbanking,none,captured,7288,1312,2026-07-14T20:54:45,0
pay_0034000948,order_0034000948,101563,card,mastercard,failed,0,0,2026-07-13T06:57:30,0
pay_0034000949,order_0034000949,11473,card,visa,captured,229,41,2026-07-23T05:15:10,0
pay_0034000950,order_0034000950,25510,card,rupay,captured,255,46,2026-07-04T19:07:28,0
pay_0034000951,order_0034000951,14113,netbanking,none,failed,0,0,2026-07-19T12:02:15,0
pay_0034000952,order_0034000952,29320,card,rupay,captured,293,53,2026-07-10T13:10:50,0
pay_0034000953,order_0034000953,67956,card,visa,captured,1359,245,2026-07-15T21:50:58,0
pay_0034000954,order_0034000954,26127,wallet,none,captured,523,94,2026-07-21T18:58:24,0
pay_0034000955,order_0034000955,32762,upi,none,captured,0,0,2026-07-14T14:52:37,0
pay_0034000956,order_0034000956,55092,card,rupay,captured,551,99,2026-07-13T13:21:56,0
pay_0034000957,order_0034000957,47026,upi,none,failed,0,0,2026-07-17T03:37:55,0
pay_0034000958,order_0034000958,110313,netbanking,none,captured,2096,377,2026-07-21T14:10:38,0
pay_0034000959,order_0034000959,52623,upi,none,captured,0,0,2026-07-03T09:24:25,0
pay_0034000960,order_0034000960,72443,card,visa,captured,1449,261,2026-07-02T14:49:02,0
pay_0034000961,order_0034000961,112026,upi,none,captured,0,0,2026-07-21T19:22:53,0
pay_0034000962,order_0034000962,44216,upi,none,captured,0,0,2026-07-26T10:36:48,0
pay_0034000963,order_0034000963,362062,upi,none,captured,0,0,2026-07-15T01:06:23,0
pay_0034000964,order_0034000964,25545,upi,none,captured,0,0,2026-07-03T02:47:22,0
pay_0034000965,order_0034000965,100924,upi,none,captured,0,0,2026-07-14T01:22:33,0
pay_0034000966,order_0034000966,64045,card,visa,failed,0,0,2026-07-30T12:30:42,0
pay_0034000967,order_0034000967,23206,card,rupay,captured,232,42,2026-07-04T23:11:05,0
pay_0034000968,order_0034000968,43309,card,mastercard,captured,866,156,2026-07-25T23:59:28,0
pay_0034000969,order_0034000969,4900,card,mastercard,captured,98,18,2026-07-12T01:53:50,0
pay_0034000970,order_0034000970,36702,card,rupay,captured,367,66,2026-07-16T00:42:38,0
pay_0034000971,order_0034000971,97090,upi,none,captured,0,0,2026-07-30T14:44:07,0
pay_0034000972,order_0034000972,743980,upi,none,captured,0,0,2026-07-17T10:14:45,0
pay_0034000973,order_0034000973,37838,wallet,none,captured,757,136,2026-07-28T00:52:55,0
pay_0034000974,order_0034000974,26117,upi,none,captured,0,0,2026-07-14T19:50:20,0
pay_0034000975,order_0034000975,145279,card,visa,captured,2906,523,2026-07-02T01:41:52,0
pay_0034000976,order_0034000976,119805,upi,none,captured,0,0,2026-07-16T17:15:10,0
pay_0034000977,order_0034000977,51003,upi,none,captured,0,0,2026-07-11T11:40:37,0
pay_0034000978,order_0034000978,122125,upi,none,captured,0,0,2026-07-25T01:56:22,0
pay_0034000979,order_0034000979,532774,card,visa,captured,10655,1918,2026-07-30T02:37:54,0
pay_0034000980,order_0034000980,57947,card,mastercard,failed,0,0,2026-07-29T13:31:09,0
pay_0034000981,order_0034000981,27359,card,visa,captured,547,98,2026-07-12T09:38:59,0
pay_0034000982,order_0034000982,58608,card,mastercard,failed,0,0,2026-07-31T22:34:45,0
pay_0034000983,order_0034000983,47645,card,visa,captured,953,172,2026-07-28T21:14:37,0
pay_0034000984,order_0034000984,114610,upi,none,captured,0,0,2026-07-07T06:38:22,0
pay_0034000985,order_0034000985,61979,card,visa,captured,1240,223,2026-07-11T10:57:09,0
pay_0034000986,order_0034000986,69453,upi,none,captured,0,0,2026-07-28T04:01:07,0
pay_0034000987,order_0034000987,27364,card,visa,captured,547,98,2026-07-13T17:16:25,0
pay_0034000988,order_0034000988,327144,netbanking,none,captured,6216,1119,2026-07-14T14:14:27,0
pay_0034000989,order_0034000989,46950,card,rupay,captured,1080,194,2026-07-07T00:21:15,1
pay_0034000990,order_0034000990,100606,upi,none,captured,0,0,2026-07-20T11:40:56,0
pay_0034000991,order_0034000991,112565,upi,none,captured,0,0,2026-07-17T22:37:43,0
pay_0034000992,order_0034000992,104967,card,visa,captured,2099,378,2026-07-14T12:19:06,0
pay_0034000993,order_0034000993,15418,netbanking,none,captured,293,53,2026-07-18T16:40:33,0
pay_0034000994,order_0034000994,165239,upi,none,captured,0,0,2026-07-08T13:27:32,0
pay_0034000995,order_0034000995,45568,upi,none,captured,0,0,2026-07-02T05:29:20,0
pay_0034000996,order_0034000996,37159,netbanking,none,captured,706,127,2026-07-03T14:25:05,0
pay_0034000997,order_0034000997,250105,card,visa,captured,5002,900,2026-07-10T00:45:47,0
pay_0034000998,order_0034000998,186221,card,rupay,captured,1862,335,2026-07-02T13:47:26,0
pay_0034000999,order_0034000999,39817,card,visa,captured,796,143,2026-07-12T11:37:05,0
pay_0034001000,order_0034001000,397347,upi,none,captured,0,0,2026-07-13T04:52:37,0
pay_0034001001,order_0034001001,149716,upi,none,captured,0,0,2026-07-21T08:46:02,0
pay_0034001002,order_0034001002,57229,upi,none,captured,0,0,2026-07-19T12:56:33,0
pay_0034001003,order_0034001003,74548,wallet,none,captured,1491,268,2026-07-23T06:24:35,0
pay_0034001004,order_0034001004,98925,upi,none,captured,0,0,2026-07-12T02:25:10,0
pay_0034001005,order_0034001005,91033,upi,none,captured,0,0,2026-07-18T21:36:04,0
pay_0034001006,order_0034001006,48402,card,mastercard,captured,968,174,2026-07-03T20:53:28,0
pay_0034001007,order_0034001007,24705,card,rupay,captured,247,44,2026-07-13T01:58:32,0
pay_0034001008,order_0034001008,18837,netbanking,none,failed,0,0,2026-07-05T07:14:02,0
pay_0034001009,order_0034001009,64196,upi,none,captured,0,0,2026-07-29T10:52:11,0
pay_0034001010,order_0034001010,345412,upi,none,captured,0,0,2026-07-05T09:05:39,0
pay_0034001011,order_0034001011,33320,upi,none,captured,0,0,2026-07-08T11:00:33,0
pay_0034001012,order_0034001012,24670,card,visa,captured,493,89,2026-07-31T11:03:46,0
pay_0034001013,order_0034001013,29870,card,mastercard,captured,597,107,2026-07-18T15:34:21,0
pay_0034001014,order_0034001014,298170,card,amex,failed,0,0,2026-07-05T06:00:39,0
pay_0034001015,order_0034001015,20255,upi,none,captured,0,0,2026-07-09T03:16:39,0
pay_0034001016,order_0034001016,33570,upi,none,captured,0,0,2026-07-06T17:38:22,0
pay_0034001017,order_0034001017,142891,upi,none,captured,0,0,2026-07-01T12:11:50,0
pay_0034001018,order_0034001018,89849,upi,none,captured,0,0,2026-07-02T21:48:00,0
pay_0034001019,order_0034001019,224919,upi,none,captured,0,0,2026-07-05T15:07:17,0
pay_0034001020,order_0034001020,172289,upi,none,captured,0,0,2026-07-18T12:19:02,0
pay_0034001021,order_0034001021,18790,card,rupay,captured,188,34,2026-07-23T13:59:49,0
pay_0034001022,order_0034001022,38839,card,visa,captured,777,140,2026-07-09T19:20:16,0
pay_0034001023,order_0034001023,111285,upi,none,captured,0,0,2026-07-07T20:15:28,0
pay_0034001024,order_0034001024,225646,upi,none,captured,0,0,2026-07-07T07:36:57,0
pay_0034001025,order_0034001025,62176,upi,none,captured,0,0,2026-07-16T18:47:26,0
pay_0034001026,order_0034001026,35807,card,rupay,captured,824,148,2026-07-09T14:40:33,1
pay_0034001027,order_0034001027,32132,card,rupay,captured,321,58,2026-07-16T06:57:49,0
pay_0034001028,order_0034001028,146738,upi,none,captured,0,0,2026-07-19T06:08:03,0
pay_0034001029,order_0034001029,19148,upi,none,captured,0,0,2026-07-06T07:37:19,0
pay_0034001030,order_0034001030,182192,upi,none,captured,0,0,2026-07-27T12:57:50,0
pay_0034001031,order_0034001031,42244,card,visa,captured,845,152,2026-07-28T14:32:27,0
pay_0034001032,order_0034001032,77109,upi,none,failed,0,0,2026-07-09T09:20:01,0
pay_0034001033,order_0034001033,68296,upi,none,captured,0,0,2026-07-11T20:08:30,0
pay_0034001034,order_0034001034,215993,card,mastercard,captured,4320,778,2026-07-23T23:12:02,0
pay_0034001035,order_0034001035,23778,upi,none,failed,0,0,2026-07-20T19:53:26,0
pay_0034001036,order_0034001036,79268,netbanking,none,captured,1506,271,2026-07-22T16:04:08,0
pay_0034001037,order_0034001037,189181,card,rupay,captured,1892,341,2026-07-01T20:55:48,0
pay_0034001038,order_0034001038,149831,upi,none,captured,0,0,2026-07-09T02:58:52,0
pay_0034001039,order_0034001039,455963,card,mastercard,captured,9119,1641,2026-07-01T07:27:04,0
pay_0034001040,order_0034001040,86184,upi,none,captured,0,0,2026-07-16T13:56:41,0
pay_0034001041,order_0034001041,59533,upi,none,captured,0,0,2026-07-17T00:54:58,0
pay_0034001042,order_0034001042,30469,upi,none,captured,0,0,2026-07-07T20:01:32,0
pay_0034001043,order_0034001043,27206,upi,none,captured,0,0,2026-07-03T17:10:42,0
pay_0034001044,order_0034001044,180398,upi,none,captured,0,0,2026-07-02T03:55:22,0
pay_0034001045,order_0034001045,30825,card,visa,captured,617,111,2026-07-12T06:33:18,0
pay_0034001046,order_0034001046,151871,upi,none,captured,0,0,2026-07-04T13:44:08,0
pay_0034001047,order_0034001047,130773,netbanking,none,failed,0,0,2026-07-18T01:23:52,0
pay_0034001048,order_0034001048,36542,upi,none,captured,0,0,2026-07-17T06:54:56,0
pay_0034001049,order_0034001049,61015,wallet,none,captured,1220,220,2026-07-27T07:07:40,0
pay_0034001050,order_0034001050,35490,card,visa,captured,710,128,2026-07-09T17:34:58,0
pay_0034001051,order_0034001051,381672,upi,none,captured,0,0,2026-07-01T23:13:30,0
pay_0034001052,order_0034001052,53994,upi,none,captured,0,0,2026-07-31T13:37:34,0
pay_0034001053,order_0034001053,279188,wallet,none,captured,5584,1005,2026-07-26T16:31:26,0
pay_0034001054,order_0034001054,29857,upi,none,captured,0,0,2026-07-30T17:01:35,0
pay_0034001055,order_0034001055,6549,upi,none,captured,0,0,2026-07-14T10:57:50,0
pay_0034001056,order_0034001056,449284,upi,none,captured,0,0,2026-07-03T12:57:14,0
pay_0034001057,order_0034001057,19672,upi,none,captured,0,0,2026-07-10T06:41:06,0
pay_0034001058,order_0034001058,84707,card,visa,captured,1694,305,2026-07-26T15:14:57,0
pay_0034001059,order_0034001059,77760,upi,none,captured,0,0,2026-07-28T06:52:32,0
pay_0034001060,order_0034001060,602970,upi,none,captured,0,0,2026-07-14T20:27:12,0
pay_0034001061,order_0034001061,270589,upi,none,captured,0,0,2026-07-19T12:30:08,0
pay_0034001062,order_0034001062,103734,card,rupay,captured,1037,187,2026-07-11T03:43:22,0
pay_0034001063,order_0034001063,18017,wallet,none,captured,360,65,2026-07-22T10:45:21,0
pay_0034001064,order_0034001064,36733,upi,none,captured,0,0,2026-07-20T06:20:23,0
pay_0034001065,order_0034001065,21303,upi,none,captured,0,0,2026-07-11T17:32:48,0
pay_0034001066,order_0034001066,42559,upi,none,failed,0,0,2026-07-08T23:07:18,0
pay_0034001067,order_0034001067,153231,upi,none,captured,0,0,2026-07-31T02:45:07,0
pay_0034001068,order_0034001068,84915,upi,none,captured,0,0,2026-07-16T05:26:36,0
pay_0034001069,order_0034001069,84104,netbanking,none,captured,1598,288,2026-07-22T13:49:43,0
pay_0034001070,order_0034001070,122156,upi,none,captured,0,0,2026-07-18T03:59:12,0
pay_0034001071,order_0034001071,49805,upi,none,failed,0,0,2026-07-24T06:15:54,0
pay_0034001072,order_0034001072,251933,upi,none,captured,0,0,2026-07-07T05:50:49,0
pay_0034001073,order_0034001073,54883,card,mastercard,captured,1098,198,2026-07-13T00:07:24,0
pay_0034001074,order_0034001074,11330,netbanking,none,captured,215,39,2026-07-12T01:05:47,0
pay_0034001075,order_0034001075,172985,card,visa,captured,3460,623,2026-07-04T18:45:22,0
pay_0034001076,order_0034001076,78548,upi,none,captured,0,0,2026-07-08T20:17:33,0
pay_0034001077,order_0034001077,119859,upi,none,captured,0,0,2026-07-05T12:07:35,0
pay_0034001078,order_0034001078,197118,upi,none,failed,0,0,2026-07-12T22:33:25,0
pay_0034001079,order_0034001079,101516,card,visa,captured,2030,365,2026-07-27T06:28:21,0
pay_0034001080,order_0034001080,125963,upi,none,captured,0,0,2026-07-09T20:53:20,0
pay_0034001081,order_0034001081,56753,card,visa,captured,1135,204,2026-07-27T03:34:30,0
pay_0034001082,order_0034001082,26457,upi,none,captured,0,0,2026-07-31T22:20:39,0
pay_0034001083,order_0034001083,345730,upi,none,captured,0,0,2026-07-13T19:46:24,0
pay_0034001084,order_0034001084,92075,upi,none,captured,0,0,2026-07-16T13:25:18,0
pay_0034001085,order_0034001085,5638,upi,none,failed,0,0,2026-07-15T04:35:06,0
pay_0034001086,order_0034001086,72901,netbanking,none,captured,1385,249,2026-07-02T12:44:33,0
pay_0034001087,order_0034001087,94814,upi,none,captured,0,0,2026-07-18T15:21:47,0
pay_0034001088,order_0034001088,80202,upi,none,captured,0,0,2026-07-18T07:30:28,0
pay_0034001089,order_0034001089,183183,upi,none,captured,0,0,2026-07-09T08:30:09,0
pay_0034001090,order_0034001090,47075,card,visa,captured,942,170,2026-07-16T03:56:57,0
pay_0034001091,order_0034001091,51850,card,mastercard,captured,1037,187,2026-07-26T11:55:41,0
pay_0034001092,order_0034001092,88495,upi,none,captured,0,0,2026-07-05T22:38:28,0
pay_0034001093,order_0034001093,71589,upi,none,captured,0,0,2026-07-28T13:56:35,0
pay_0034001094,order_0034001094,107601,upi,none,captured,0,0,2026-07-03T17:07:25,0
pay_0034001095,order_0034001095,109096,card,rupay,captured,1091,196,2026-07-26T19:57:02,0
pay_0034001096,order_0034001096,20307,upi,none,captured,0,0,2026-07-03T02:36:24,0
pay_0034001097,order_0034001097,35505,upi,none,captured,0,0,2026-07-23T11:22:20,0
pay_0034001098,order_0034001098,150477,wallet,none,captured,3010,542,2026-07-20T17:42:47,0
pay_0034001099,order_0034001099,53664,wallet,none,captured,1073,193,2026-07-04T13:53:32,0
pay_0034001100,order_0034001100,419953,card,visa,captured,8399,1512,2026-07-20T15:17:32,0
pay_0034001101,order_0034001101,58890,upi,none,failed,0,0,2026-07-18T07:35:07,0
pay_0034001102,order_0034001102,21438,upi,none,captured,0,0,2026-07-14T05:39:14,0
pay_0034001103,order_0034001103,211988,card,mastercard,captured,4240,763,2026-07-27T17:38:27,0
pay_0034001104,order_0034001104,50061,upi,none,captured,0,0,2026-07-14T05:16:40,0
pay_0034001105,order_0034001105,127065,upi,none,failed,0,0,2026-07-31T15:47:46,0
pay_0034001106,order_0034001106,91104,upi,none,captured,0,0,2026-07-25T23:24:11,0
pay_0034001107,order_0034001107,85177,netbanking,none,captured,1618,291,2026-07-30T02:05:19,0
pay_0034001108,order_0034001108,42790,upi,none,captured,0,0,2026-07-02T11:20:25,0
pay_0034001109,order_0034001109,57274,upi,none,captured,0,0,2026-07-10T03:53:56,0
pay_0034001110,order_0034001110,57733,card,mastercard,captured,1414,255,2026-07-26T23:38:15,0
pay_0034001111,order_0034001111,44631,upi,none,captured,0,0,2026-07-05T06:09:15,0
pay_0034001112,order_0034001112,225919,upi,none,captured,0,0,2026-07-13T23:02:54,0
pay_0034001113,order_0034001113,93928,upi,none,captured,0,0,2026-07-24T03:44:36,0
pay_0034001114,order_0034001114,238238,upi,none,captured,0,0,2026-07-23T18:50:47,0
pay_0034001115,order_0034001115,58515,upi,none,captured,0,0,2026-07-10T23:17:05,0
pay_0034001116,order_0034001116,130825,upi,none,captured,0,0,2026-07-28T14:21:32,0
pay_0034001117,order_0034001117,49461,card,mastercard,failed,0,0,2026-07-12T21:18:12,0
pay_0034001118,order_0034001118,37256,upi,none,captured,0,0,2026-07-26T21:43:43,0
pay_0034001119,order_0034001119,418661,upi,none,captured,0,0,2026-07-15T16:05:07,0
pay_0034001120,order_0034001120,295030,card,rupay,captured,2950,531,2026-07-10T23:36:18,0
pay_0034001121,order_0034001121,82313,wallet,none,captured,1646,296,2026-07-22T15:22:27,0
pay_0034001122,order_0034001122,91927,upi,none,captured,0,0,2026-07-04T07:43:04,0
pay_0034001123,order_0034001123,30646,upi,none,captured,0,0,2026-07-18T20:10:44,0
pay_0034001124,order_0034001124,50844,upi,none,captured,0,0,2026-07-29T10:49:07,0
pay_0034001125,order_0034001125,58464,wallet,none,captured,1169,210,2026-07-14T01:59:47,0
pay_0034001126,order_0034001126,79671,netbanking,none,captured,1514,273,2026-07-21T11:49:51,0
pay_0034001127,order_0034001127,172970,card,mastercard,captured,3459,623,2026-07-09T16:58:13,0
pay_0034001128,order_0034001128,32570,upi,none,captured,0,0,2026-07-02T10:48:41,0
pay_0034001129,order_0034001129,79869,upi,none,captured,0,0,2026-07-03T22:08:33,0
pay_0034001130,order_0034001130,75902,card,mastercard,captured,1518,273,2026-07-15T09:41:35,0
pay_0034001131,order_0034001131,33679,upi,none,captured,0,0,2026-07-06T02:27:38,0
pay_0034001132,order_0034001132,301156,upi,none,captured,0,0,2026-07-27T05:52:45,0
pay_0034001133,order_0034001133,69066,card,visa,captured,1381,249,2026-07-25T03:27:45,0
pay_0034001134,order_0034001134,87459,upi,none,captured,0,0,2026-07-31T03:13:28,0
pay_0034001135,order_0034001135,99814,upi,none,captured,0,0,2026-07-21T15:31:56,0
pay_0034001136,order_0034001136,108743,wallet,none,captured,2175,392,2026-07-27T19:15:40,0
pay_0034001137,order_0034001137,22726,card,mastercard,captured,455,82,2026-07-14T13:36:13,0
pay_0034001138,order_0034001138,44345,upi,none,captured,0,0,2026-07-09T07:14:24,0
pay_0034001139,order_0034001139,50578,upi,none,captured,0,0,2026-07-01T21:12:55,0
pay_0034001140,order_0034001140,299512,wallet,none,captured,5990,1078,2026-07-13T00:01:17,0
pay_0034001141,order_0034001141,44830,upi,none,failed,0,0,2026-07-29T11:10:29,0
pay_0034001142,order_0034001142,63976,upi,none,captured,0,0,2026-07-15T07:17:44,0
pay_0034001143,order_0034001143,260744,upi,none,captured,0,0,2026-07-21T07:50:40,0
pay_0034001144,order_0034001144,31439,upi,none,captured,0,0,2026-07-13T05:24:41,0
pay_0034001145,order_0034001145,35183,wallet,none,captured,704,127,2026-07-13T07:43:26,0
pay_0034001146,order_0034001146,38235,wallet,none,captured,765,6882,2026-07-27T12:59:28,0
pay_0034001147,order_0034001147,34762,upi,none,captured,0,0,2026-07-05T18:54:32,0
pay_0034001148,order_0034001148,146235,upi,none,captured,0,0,2026-07-05T14:42:01,0
pay_0034001149,order_0034001149,146543,upi,none,failed,0,0,2026-07-27T19:23:08,0
pay_0034001150,order_0034001150,36956,upi,none,captured,0,0,2026-07-17T16:06:43,0
pay_0034001151,order_0034001151,1030795,netbanking,none,captured,19585,3525,2026-07-12T05:54:21,0
pay_0034001152,order_0034001152,47908,upi,none,captured,0,0,2026-07-10T11:23:06,0
pay_0034001153,order_0034001153,59453,card,mastercard,captured,1189,214,2026-07-18T10:00:40,0
pay_0034001154,order_0034001154,119694,upi,none,captured,0,0,2026-07-10T10:47:29,0
pay_0034001155,order_0034001155,159386,card,visa,captured,3188,574,2026-07-23T21:43:33,0
pay_0034001156,order_0034001156,84502,upi,none,captured,0,0,2026-07-28T16:20:25,0
pay_0034001157,order_0034001157,408884,upi,none,captured,0,0,2026-07-25T13:12:43,0
pay_0034001158,order_0034001158,582987,upi,none,captured,0,0,2026-07-31T11:47:17,0
pay_0034001159,order_0034001159,288597,upi,none,captured,0,0,2026-07-27T06:54:45,0
pay_0034001160,order_0034001160,271241,upi,none,captured,0,0,2026-07-25T21:15:04,0
pay_0034001161,order_0034001161,52351,upi,none,captured,0,0,2026-07-01T08:00:24,0
pay_0034001162,order_0034001162,75296,upi,none,captured,0,0,2026-07-24T22:36:50,0
pay_0034001163,order_0034001163,11821,upi,none,captured,0,0,2026-07-09T03:26:53,0
pay_0034001164,order_0034001164,55165,upi,none,captured,0,0,2026-07-15T19:39:18,0
pay_0034001165,order_0034001165,68503,upi,none,captured,0,0,2026-07-08T18:28:30,0
pay_0034001166,order_0034001166,135211,netbanking,none,captured,2569,462,2026-07-18T19:55:13,0
pay_0034001167,order_0034001167,394781,upi,none,captured,0,0,2026-07-14T22:55:10,0
pay_0034001168,order_0034001168,153510,upi,none,captured,0,0,2026-07-18T09:04:40,0
pay_0034001169,order_0034001169,140587,upi,none,captured,0,0,2026-07-11T00:47:28,0
pay_0034001170,order_0034001170,68686,upi,none,captured,0,0,2026-07-15T10:51:56,0
pay_0034001171,order_0034001171,206944,upi,none,failed,0,0,2026-07-15T12:00:59,0
pay_0034001172,order_0034001172,251523,upi,none,captured,0,0,2026-07-03T15:57:29,0
pay_0034001173,order_0034001173,29555,upi,none,captured,0,0,2026-07-09T00:20:18,0
pay_0034001174,order_0034001174,167462,upi,none,captured,0,0,2026-07-01T18:24:57,0
pay_0034001175,order_0034001175,157494,card,mastercard,captured,3150,567,2026-07-15T18:53:20,0
pay_0034001176,order_0034001176,25657,upi,none,captured,0,0,2026-07-30T10:14:00,0
pay_0034001177,order_0034001177,70857,wallet,none,captured,1417,255,2026-07-28T02:59:42,0
pay_0034001178,order_0034001178,187121,card,visa,captured,3742,674,2026-07-13T13:03:56,0
pay_0034001179,order_0034001179,41235,upi,none,captured,0,0,2026-07-06T09:03:10,0
pay_0034001180,order_0034001180,149628,netbanking,none,captured,2843,512,2026-07-22T22:37:54,0
pay_0034001181,order_0034001181,94304,upi,none,captured,0,0,2026-07-04T10:41:19,0
pay_0034001182,order_0034001182,90770,card,rupay,captured,908,163,2026-07-05T11:20:36,0
pay_0034001183,order_0034001183,58024,card,visa,captured,1160,209,2026-07-21T02:34:49,0
pay_0034001184,order_0034001184,118783,upi,none,captured,0,0,2026-07-31T03:18:38,0
pay_0034001185,order_0034001185,84298,upi,none,captured,0,0,2026-07-21T05:09:20,0
pay_0034001186,order_0034001186,64977,wallet,none,failed,0,0,2026-07-12T01:40:38,0
pay_0034001187,order_0034001187,249690,card,rupay,captured,2497,449,2026-07-08T19:42:06,0
pay_0034001188,order_0034001188,151888,upi,none,captured,0,0,2026-07-03T22:46:50,0
pay_0034001189,order_0034001189,11251,card,visa,captured,225,41,2026-07-19T20:32:37,0
pay_0034001190,order_0034001190,100752,card,mastercard,captured,2015,363,2026-07-05T09:57:36,0
pay_0034001191,order_0034001191,55304,upi,none,captured,0,0,2026-07-31T13:36:28,0
pay_0034001192,order_0034001192,115521,upi,none,captured,0,0,2026-07-04T03:52:04,0
pay_0034001193,order_0034001193,35520,netbanking,none,captured,675,122,2026-07-22T17:37:13,0
pay_0034001194,order_0034001194,74087,card,visa,captured,1482,267,2026-07-28T20:32:31,0
pay_0034001195,order_0034001195,81974,upi,none,captured,0,0,2026-07-08T13:46:34,0
pay_0034001196,order_0034001196,26267,upi,none,captured,0,0,2026-07-20T18:03:50,0
pay_0034001197,order_0034001197,162874,netbanking,none,captured,3095,557,2026-07-29T03:43:41,0
pay_0034001198,order_0034001198,301014,card,rupay,captured,3010,542,2026-07-27T07:43:48,0
pay_0034001199,order_0034001199,52390,upi,none,captured,0,0,2026-07-06T01:59:01,0
pay_0034001200,order_0034001200,75176,upi,none,failed,0,0,2026-07-22T06:17:31,0
pay_0034001201,order_0034001201,57976,upi,none,captured,0,0,2026-07-28T03:31:10,0
pay_0034001202,order_0034001202,38520,card,mastercard,captured,770,139,2026-07-23T00:51:35,0
pay_0034001203,order_0034001203,722425,card,rupay,captured,16616,2991,2026-07-10T23:27:48,1
pay_0034001204,order_0034001204,30211,upi,none,captured,0,0,2026-07-29T11:19:02,0
pay_0034001205,order_0034001205,209290,upi,none,captured,0,0,2026-07-23T06:03:17,0
pay_0034001206,order_0034001206,35764,wallet,none,captured,715,129,2026-07-21T09:13:31,0
pay_0034001207,order_0034001207,70898,card,visa,captured,2340,421,2026-07-25T13:51:16,1
pay_0034001208,order_0034001208,62197,card,visa,captured,1244,224,2026-07-12T01:00:26,0
pay_0034001209,order_0034001209,333073,upi,none,captured,0,0,2026-07-29T15:51:19,0
pay_0034001210,order_0034001210,30576,upi,none,captured,0,0,2026-07-20T10:20:15,0
pay_0034001211,order_0034001211,27790,card,visa,captured,556,100,2026-07-03T04:33:36,0
pay_0034001212,order_0034001212,87488,upi,none,captured,0,0,2026-07-11T14:30:22,0
pay_0034001213,order_0034001213,213659,upi,none,failed,0,0,2026-07-29T09:20:51,0
pay_0034001214,order_0034001214,9467,netbanking,none,captured,180,32,2026-07-03T10:20:39,0
pay_0034001215,order_0034001215,206035,netbanking,none,captured,3915,705,2026-07-08T13:39:17,0
pay_0034001216,order_0034001216,57866,card,mastercard,captured,1157,208,2026-07-25T13:46:41,0
pay_0034001217,order_0034001217,34108,upi,none,captured,0,0,2026-07-02T18:16:41,0
pay_0034001218,order_0034001218,187276,card,visa,failed,0,0,2026-07-13T16:12:16,0
pay_0034001219,order_0034001219,19338,upi,none,captured,0,0,2026-07-03T05:28:16,0
pay_0034001220,order_0034001220,35235,card,rupay,captured,352,63,2026-07-11T01:25:09,0
pay_0034001221,order_0034001221,20197,upi,none,captured,0,0,2026-07-18T09:10:38,0
pay_0034001222,order_0034001222,85643,upi,none,captured,0,0,2026-07-10T21:49:06,0
pay_0034001223,order_0034001223,75855,upi,none,captured,0,0,2026-07-11T09:12:15,0
pay_0034001224,order_0034001224,85785,upi,none,captured,0,0,2026-07-02T14:51:01,0
pay_0034001225,order_0034001225,102838,upi,none,captured,463,83,2026-07-30T11:11:38,0
pay_0034001226,order_0034001226,19457,upi,none,captured,0,0,2026-07-18T19:00:28,0
pay_0034001227,order_0034001227,67562,upi,none,failed,0,0,2026-07-23T13:07:55,0
pay_0034001228,order_0034001228,44262,card,rupay,captured,443,80,2026-07-16T00:52:42,0
pay_0034001229,order_0034001229,63397,wallet,none,captured,1268,228,2026-07-05T23:31:03,0
pay_0034001230,order_0034001230,80131,card,visa,failed,0,0,2026-07-26T02:39:43,0
pay_0034001231,order_0034001231,127007,card,mastercard,captured,2540,457,2026-07-31T10:23:58,0
pay_0034001232,order_0034001232,96166,card,rupay,captured,962,173,2026-07-10T03:45:00,0
pay_0034001233,order_0034001233,212580,upi,none,captured,0,0,2026-07-25T23:19:04,0
pay_0034001234,order_0034001234,109259,upi,none,captured,0,0,2026-07-16T21:21:17,0
pay_0034001235,order_0034001235,49873,upi,none,captured,0,0,2026-07-19T17:26:46,0
pay_0034001236,order_0034001236,96855,upi,none,captured,0,0,2026-07-10T08:55:15,0
pay_0034001237,order_0034001237,302063,card,mastercard,captured,6041,1087,2026-07-14T00:44:07,0
pay_0034001238,order_0034001238,33643,upi,none,captured,0,0,2026-07-06T23:54:49,0
pay_0034001239,order_0034001239,85557,card,visa,captured,1711,308,2026-07-04T18:25:04,0
pay_0034001240,order_0034001240,64316,netbanking,none,failed,0,0,2026-07-11T19:17:50,0
pay_0034001241,order_0034001241,147791,upi,none,captured,0,0,2026-07-07T03:26:58,0
pay_0034001242,order_0034001242,423682,upi,none,captured,0,0,2026-07-30T16:44:47,0
pay_0034001243,order_0034001243,26154,card,mastercard,captured,523,94,2026-07-29T03:57:06,0
pay_0034001244,order_0034001244,50917,card,visa,failed,0,0,2026-07-19T11:41:02,0
pay_0034001245,order_0034001245,50956,upi,none,captured,0,0,2026-07-12T08:18:45,0
pay_0034001246,order_0034001246,184831,card,rupay,captured,1848,333,2026-07-05T07:37:16,0
pay_0034001247,order_0034001247,124714,upi,none,captured,0,0,2026-07-10T00:55:25,0
pay_0034001248,order_0034001248,155862,upi,none,captured,0,0,2026-07-14T09:02:51,0
pay_0034001249,order_0034001249,120729,card,mastercard,captured,2415,435,2026-07-10T17:56:46,0
pay_0034001250,order_0034001250,38712,upi,none,captured,0,0,2026-07-18T17:25:19,0
pay_0034001251,order_0034001251,36652,upi,none,captured,0,0,2026-07-23T07:00:51,0
pay_0034001252,order_0034001252,102822,upi,none,captured,0,0,2026-07-05T18:54:15,0
pay_0034001253,order_0034001253,170192,upi,none,captured,0,0,2026-07-11T19:49:42,0
pay_0034001254,order_0034001254,145195,netbanking,none,captured,2759,497,2026-07-07T19:58:01,0
pay_0034001255,order_0034001255,230271,upi,none,captured,0,0,2026-07-26T19:43:44,0
pay_0034001256,order_0034001256,29324,upi,none,captured,0,0,2026-07-26T22:29:14,0
pay_0034001257,order_0034001257,72637,upi,none,captured,0,0,2026-07-25T23:04:43,0
pay_0034001258,order_0034001258,172513,upi,none,captured,0,0,2026-07-23T06:16:25,0
pay_0034001259,order_0034001259,131915,upi,none,failed,0,0,2026-07-22T07:43:05,0
pay_0034001260,order_0034001260,154298,upi,none,failed,0,0,2026-07-02T00:26:54,0
pay_0034001261,order_0034001261,628925,card,amex,captured,18868,3396,2026-07-10T02:41:16,0
pay_0034001262,order_0034001262,181052,card,mastercard,captured,3621,652,2026-07-12T16:31:41,0
pay_0034001263,order_0034001263,173896,upi,none,captured,0,0,2026-07-19T14:23:56,0
pay_0034001264,order_0034001264,73466,netbanking,none,captured,1396,251,2026-07-27T07:00:59,0
pay_0034001265,order_0034001265,137264,upi,none,captured,0,0,2026-07-24T18:38:27,0
pay_0034001266,order_0034001266,69029,card,amex,captured,2071,373,2026-07-28T04:40:23,0
pay_0034001267,order_0034001267,230293,card,rupay,captured,2303,415,2026-07-24T10:44:30,0
pay_0034001268,order_0034001268,56907,card,rupay,captured,569,102,2026-07-24T07:20:30,0
pay_0034001269,order_0034001269,20354,card,rupay,captured,204,37,2026-07-04T13:29:13,0
pay_0034001270,order_0034001270,88448,upi,none,captured,0,0,2026-07-14T22:17:58,0
pay_0034001271,order_0034001271,100730,upi,none,captured,0,0,2026-07-25T10:35:57,0
pay_0034001272,order_0034001272,64676,card,rupay,captured,647,116,2026-07-04T15:01:14,0
pay_0034001273,order_0034001273,23692,upi,none,captured,0,0,2026-07-13T16:04:12,0
pay_0034001274,order_0034001274,67891,netbanking,none,captured,1290,232,2026-07-24T07:07:21,0
pay_0034001275,order_0034001275,57079,upi,none,captured,0,0,2026-07-28T02:09:43,0
pay_0034001276,order_0034001276,75505,upi,none,captured,0,0,2026-07-18T00:10:53,0
pay_0034001277,order_0034001277,26645,upi,none,captured,0,0,2026-07-18T17:09:39,0
pay_0034001278,order_0034001278,33341,netbanking,none,captured,633,114,2026-07-27T00:47:18,0
pay_0034001279,order_0034001279,20650,card,visa,captured,413,74,2026-07-02T09:54:21,0
pay_0034001280,order_0034001280,32091,upi,none,captured,0,0,2026-07-17T01:50:11,0
pay_0034001281,order_0034001281,41460,upi,none,captured,0,0,2026-07-14T04:08:36,0
pay_0034001282,order_0034001282,65811,upi,none,captured,0,0,2026-07-22T00:17:10,0
pay_0034001283,order_0034001283,51854,wallet,none,captured,1037,187,2026-07-23T10:37:20,0
pay_0034001284,order_0034001284,733156,card,visa,captured,14663,2639,2026-07-30T06:03:07,0
pay_0034001285,order_0034001285,37322,upi,none,failed,0,0,2026-07-22T17:45:15,0
pay_0034001286,order_0034001286,110981,upi,none,captured,0,0,2026-07-20T23:09:26,0
pay_0034001287,order_0034001287,30768,card,visa,captured,615,111,2026-07-08T19:22:11,0
pay_0034001288,order_0034001288,28805,upi,none,captured,0,0,2026-07-27T00:28:16,0
pay_0034001289,order_0034001289,15882,card,visa,captured,318,57,2026-07-07T10:17:26,0
pay_0034001290,order_0034001290,45681,card,mastercard,captured,914,165,2026-07-10T07:52:07,0
pay_0034001291,order_0034001291,317030,upi,none,captured,0,0,2026-07-23T11:35:53,0
pay_0034001292,order_0034001292,51016,upi,none,captured,0,0,2026-07-11T23:52:53,0
pay_0034001293,order_0034001293,260629,upi,none,captured,0,0,2026-07-11T12:38:32,0
pay_0034001294,order_0034001294,99927,card,rupay,failed,0,0,2026-07-03T10:32:36,0
pay_0034001295,order_0034001295,43472,card,visa,captured,869,156,2026-07-21T03:13:34,0
pay_0034001296,order_0034001296,45889,card,mastercard,captured,918,165,2026-07-05T01:20:18,0
pay_0034001297,order_0034001297,13947,upi,none,captured,0,0,2026-07-21T12:38:28,0
pay_0034001298,order_0034001298,13612,upi,none,captured,0,0,2026-07-13T08:52:48,0
pay_0034001299,order_0034001299,135442,upi,none,captured,0,0,2026-07-04T23:05:11,0
pay_0034001300,order_0034001300,175158,upi,none,failed,0,0,2026-07-23T12:40:02,0
pay_0034001301,order_0034001301,7202,upi,none,captured,0,0,2026-07-23T18:29:51,0
pay_0034001302,order_0034001302,65634,card,mastercard,captured,1313,236,2026-07-22T09:08:04,0
pay_0034001303,order_0034001303,72719,upi,none,captured,0,0,2026-07-05T16:14:31,0
pay_0034001304,order_0034001304,70086,upi,none,captured,0,0,2026-07-03T05:03:41,0
pay_0034001305,order_0034001305,16602,netbanking,none,captured,315,57,2026-07-06T04:18:09,0
pay_0034001306,order_0034001306,300534,upi,none,captured,0,0,2026-07-08T19:56:10,0
pay_0034001307,order_0034001307,27629,wallet,none,failed,0,0,2026-07-20T20:11:59,0
pay_0034001308,order_0034001308,36286,card,mastercard,captured,726,131,2026-07-15T19:04:03,0
pay_0034001309,order_0034001309,181076,card,rupay,captured,1811,326,2026-07-30T19:58:15,0
pay_0034001310,order_0034001310,95576,upi,none,captured,0,0,2026-07-21T20:06:01,0
pay_0034001311,order_0034001311,338747,upi,none,captured,0,0,2026-07-11T05:52:02,0
pay_0034001312,order_0034001312,85856,upi,none,captured,0,0,2026-07-16T00:19:45,0
pay_0034001313,order_0034001313,159361,upi,none,captured,0,0,2026-07-09T09:03:22,0
pay_0034001314,order_0034001314,294473,card,rupay,captured,2945,530,2026-07-20T19:15:42,0
pay_0034001315,order_0034001315,305788,upi,none,captured,0,0,2026-07-31T08:00:04,0
pay_0034001316,order_0034001316,67914,upi,none,failed,0,0,2026-07-09T22:02:44,0
pay_0034001317,order_0034001317,325570,netbanking,none,captured,6186,1113,2026-07-20T08:10:47,0
pay_0034001318,order_0034001318,1278838,upi,none,failed,0,0,2026-07-22T00:13:29,0
pay_0034001319,order_0034001319,190934,upi,none,captured,0,0,2026-07-03T12:53:27,0
pay_0034001320,order_0034001320,149278,upi,none,captured,0,0,2026-07-31T01:12:46,0
pay_0034001321,order_0034001321,137750,upi,none,captured,0,0,2026-07-01T00:12:31,0
pay_0034001322,order_0034001322,44646,card,rupay,captured,446,80,2026-07-04T02:07:19,0
pay_0034001323,order_0034001323,150188,upi,none,captured,0,0,2026-07-20T23:48:04,0
pay_0034001324,order_0034001324,103528,wallet,none,captured,2071,373,2026-07-20T15:00:31,0
pay_0034001325,order_0034001325,134046,card,visa,captured,2681,483,2026-07-02T19:09:20,0
pay_0034001326,order_0034001326,63432,upi,none,captured,0,0,2026-07-05T08:15:54,0
pay_0034001327,order_0034001327,40407,upi,none,captured,0,0,2026-07-30T06:16:19,0
pay_0034001328,order_0034001328,85605,upi,none,captured,0,0,2026-07-25T00:20:01,0
pay_0034001329,order_0034001329,385646,upi,none,captured,0,0,2026-07-20T13:53:35,0
pay_0034001330,order_0034001330,68818,card,rupay,captured,688,124,2026-07-09T02:38:18,0
pay_0034001331,order_0034001331,136366,card,mastercard,captured,2727,491,2026-07-03T20:01:50,0
pay_0034001332,order_0034001332,293915,netbanking,none,captured,5584,1005,2026-07-25T15:05:02,0
pay_0034001333,order_0034001333,49819,card,rupay,captured,498,90,2026-07-26T14:57:43,0
pay_0034001334,order_0034001334,125575,upi,none,captured,0,0,2026-07-21T02:19:44,0
pay_0034001335,order_0034001335,192221,card,mastercard,captured,3844,692,2026-07-15T08:21:15,0
pay_0034001336,order_0034001336,626965,upi,none,failed,0,0,2026-07-22T22:49:19,0
pay_0034001337,order_0034001337,32297,upi,none,captured,0,0,2026-07-27T20:59:31,0
pay_0034001338,order_0034001338,46515,netbanking,none,captured,884,159,2026-07-18T01:30:24,0
pay_0034001339,order_0034001339,70120,upi,none,captured,0,0,2026-07-09T09:14:28,0
pay_0034001340,order_0034001340,275412,card,rupay,captured,6334,1140,2026-07-11T18:26:15,1
pay_0034001341,order_0034001341,28318,upi,none,failed,0,0,2026-07-03T11:40:41,0
pay_0034001342,order_0034001342,50572,netbanking,none,captured,961,173,2026-07-27T03:19:12,0
pay_0034001343,order_0034001343,325754,upi,none,captured,0,0,2026-07-29T18:39:35,0
pay_0034001344,order_0034001344,108119,card,rupay,captured,1081,195,2026-07-30T00:04:31,0
pay_0034001345,order_0034001345,160608,upi,none,failed,0,0,2026-07-08T04:17:34,0
pay_0034001346,order_0034001346,124134,card,visa,captured,2483,447,2026-07-09T04:19:40,0
pay_0034001347,order_0034001347,35289,upi,none,failed,0,0,2026-07-07T12:08:39,0
pay_0034001348,order_0034001348,99251,upi,none,captured,0,0,2026-07-23T08:47:12,0
pay_0034001349,order_0034001349,54201,card,mastercard,captured,1084,195,2026-07-14T12:48:05,0
pay_0034001350,order_0034001350,210317,upi,none,captured,0,0,2026-07-07T02:33:02,0
pay_0034001351,order_0034001351,129545,upi,none,captured,0,0,2026-07-07T10:20:30,0
pay_0034001352,order_0034001352,160380,card,rupay,captured,1604,289,2026-07-12T21:14:31,0
pay_0034001353,order_0034001353,66112,upi,none,captured,298,54,2026-07-10T07:13:02,0
pay_0034001354,order_0034001354,41220,upi,none,captured,0,0,2026-07-03T15:23:53,0
pay_0034001355,order_0034001355,115034,upi,none,captured,0,0,2026-07-27T03:30:14,0
pay_0034001356,order_0034001356,193871,upi,none,captured,0,0,2026-07-15T15:27:39,0
pay_0034001357,order_0034001357,275911,card,rupay,failed,0,0,2026-07-21T06:08:44,0
pay_0034001358,order_0034001358,74660,wallet,none,captured,1493,269,2026-07-11T16:46:42,0
pay_0034001359,order_0034001359,102782,upi,none,captured,0,0,2026-07-01T07:42:04,0
pay_0034001360,order_0034001360,49090,upi,none,captured,0,0,2026-07-29T04:44:44,0
pay_0034001361,order_0034001361,54367,upi,none,captured,0,0,2026-07-23T06:28:41,0
pay_0034001362,order_0034001362,79133,upi,none,failed,0,0,2026-07-27T07:19:38,0
pay_0034001363,order_0034001363,126774,wallet,none,captured,2535,456,2026-07-30T15:34:50,0
pay_0034001364,order_0034001364,25168,upi,none,captured,0,0,2026-07-22T04:33:01,0
pay_0034001365,order_0034001365,141232,upi,none,captured,0,0,2026-07-18T06:02:22,0
pay_0034001366,order_0034001366,143609,upi,none,captured,0,0,2026-07-27T12:43:13,0
pay_0034001367,order_0034001367,55003,card,visa,captured,1815,327,2026-07-06T02:20:31,1
pay_0034001368,order_0034001368,23214,card,mastercard,captured,464,84,2026-07-08T06:44:20,0
pay_0034001369,order_0034001369,676968,upi,none,failed,0,0,2026-07-11T11:53:04,0
pay_0034001370,order_0034001370,6814,upi,none,failed,0,0,2026-07-06T00:58:36,0
pay_0034001371,order_0034001371,74395,card,mastercard,captured,1488,268,2026-07-14T10:57:06,0
pay_0034001372,order_0034001372,85004,card,visa,captured,1700,306,2026-07-02T13:03:08,0
pay_0034001373,order_0034001373,81892,upi,none,captured,0,0,2026-07-29T13:44:23,0
pay_0034001374,order_0034001374,112108,upi,none,captured,0,0,2026-07-29T04:42:55,0
pay_0034001375,order_0034001375,63672,upi,none,captured,0,0,2026-07-28T08:23:30,0
pay_0034001376,order_0034001376,140355,upi,none,captured,0,0,2026-07-29T21:38:10,0
pay_0034001377,order_0034001377,33209,upi,none,captured,0,0,2026-07-18T17:55:46,0
pay_0034001378,order_0034001378,107895,card,rupay,captured,1079,194,2026-07-30T02:49:05,0
pay_0034001379,order_0034001379,73684,upi,none,captured,0,0,2026-07-20T06:07:35,0
pay_0034001380,order_0034001380,51678,upi,none,captured,0,0,2026-07-21T03:41:51,0
pay_0034001381,order_0034001381,37823,upi,none,captured,0,0,2026-07-11T03:51:07,0
pay_0034001382,order_0034001382,229280,upi,none,captured,0,0,2026-07-13T11:14:50,0
pay_0034001383,order_0034001383,1226874,upi,none,captured,0,0,2026-07-26T06:30:37,0
pay_0034001384,order_0034001384,374966,upi,none,captured,0,0,2026-07-26T04:59:48,0
pay_0034001385,order_0034001385,79328,upi,none,captured,0,0,2026-07-18T12:32:54,0
pay_0034001386,order_0034001386,184752,upi,none,failed,0,0,2026-07-13T07:37:36,0
pay_0034001387,order_0034001387,86519,upi,none,captured,0,0,2026-07-09T08:49:49,0
pay_0034001388,order_0034001388,207903,upi,none,captured,0,0,2026-07-08T02:08:12,0
pay_0034001389,order_0034001389,44097,upi,none,captured,0,0,2026-07-29T08:00:30,0
pay_0034001390,order_0034001390,41297,upi,none,failed,0,0,2026-07-15T10:42:04,0
pay_0034001391,order_0034001391,35730,wallet,none,captured,715,129,2026-07-24T21:31:20,0
pay_0034001392,order_0034001392,18049,upi,none,captured,0,0,2026-07-09T13:20:43,0
pay_0034001393,order_0034001393,128769,card,mastercard,captured,2575,464,2026-07-24T21:50:25,0
pay_0034001394,order_0034001394,60056,upi,none,captured,0,0,2026-07-28T19:04:37,0
pay_0034001395,order_0034001395,191325,upi,none,captured,0,0,2026-07-10T09:13:26,0
pay_0034001396,order_0034001396,78078,card,mastercard,captured,1562,281,2026-07-08T14:13:19,0
pay_0034001397,order_0034001397,173419,card,rupay,captured,1734,312,2026-07-13T23:37:51,0
pay_0034001398,order_0034001398,36532,netbanking,none,captured,694,125,2026-07-07T00:01:42,0
pay_0034001399,order_0034001399,110925,upi,none,captured,0,0,2026-07-17T16:26:12,0
pay_0034001400,order_0034001400,71203,upi,none,captured,0,0,2026-07-30T21:18:57,0
pay_0034001401,order_0034001401,141036,upi,none,captured,0,0,2026-07-31T20:41:22,0
pay_0034001402,order_0034001402,185188,card,rupay,captured,1852,333,2026-07-31T18:47:01,0
pay_0034001403,order_0034001403,41627,card,mastercard,captured,833,150,2026-07-23T07:53:59,0
pay_0034001404,order_0034001404,59101,card,rupay,failed,0,0,2026-07-06T08:07:39,0
pay_0034001405,order_0034001405,45399,netbanking,none,captured,863,155,2026-07-31T00:51:55,0
pay_0034001406,order_0034001406,24519,card,rupay,captured,245,44,2026-07-06T16:25:04,0
pay_0034001407,order_0034001407,332988,card,visa,captured,6660,1199,2026-07-24T16:36:18,0
pay_0034001408,order_0034001408,258082,upi,none,failed,0,0,2026-07-10T20:30:08,0
pay_0034001409,order_0034001409,24101,upi,none,captured,0,0,2026-07-23T14:54:08,0
pay_0034001410,order_0034001410,27435,upi,none,captured,0,0,2026-07-24T10:41:13,0
pay_0034001411,order_0034001411,34080,upi,none,captured,0,0,2026-07-22T23:00:54,0
pay_0034001412,order_0034001412,498390,upi,none,captured,0,0,2026-07-12T15:18:19,0
pay_0034001413,order_0034001413,129585,card,visa,captured,2592,467,2026-07-09T13:25:07,0
pay_0034001414,order_0034001414,115092,netbanking,none,captured,2187,394,2026-07-19T13:34:48,0
pay_0034001415,order_0034001415,20639,upi,none,captured,0,0,2026-07-08T19:38:48,0
pay_0034001416,order_0034001416,118035,wallet,none,captured,2361,425,2026-07-05T11:57:55,0
pay_0034001417,order_0034001417,23584,upi,none,captured,0,0,2026-07-07T20:01:59,0
pay_0034001418,order_0034001418,163985,upi,none,captured,0,0,2026-07-23T08:05:41,0
pay_0034001419,order_0034001419,24773,upi,none,captured,0,0,2026-07-19T04:13:41,0
pay_0034001420,order_0034001420,119730,netbanking,none,captured,2275,410,2026-07-13T05:10:44,0
pay_0034001421,order_0034001421,137376,upi,none,captured,0,0,2026-07-21T18:17:01,0
pay_0034001422,order_0034001422,60690,upi,none,captured,0,0,2026-07-04T18:06:23,0
pay_0034001423,order_0034001423,19142,upi,none,captured,0,0,2026-07-28T08:44:10,0
pay_0034001424,order_0034001424,492718,upi,none,captured,0,0,2026-07-19T00:43:37,0
pay_0034001425,order_0034001425,13291,card,mastercard,captured,266,48,2026-07-11T15:21:51,0
pay_0034001426,order_0034001426,16239,upi,none,captured,0,0,2026-07-18T01:51:09,0
pay_0034001427,order_0034001427,39732,upi,none,captured,0,0,2026-07-18T13:21:01,0
pay_0034001428,order_0034001428,146378,upi,none,captured,0,0,2026-07-30T09:43:22,0
pay_0034001429,order_0034001429,65821,card,mastercard,captured,1316,237,2026-07-30T17:25:10,0
pay_0034001430,order_0034001430,28506,upi,none,captured,0,0,2026-07-21T11:15:18,0
pay_0034001431,order_0034001431,96798,upi,none,captured,0,0,2026-07-29T17:34:27,0
pay_0034001432,order_0034001432,131485,card,visa,captured,2630,473,2026-07-15T07:43:55,0
pay_0034001433,order_0034001433,120288,wallet,none,captured,2406,433,2026-07-13T06:31:56,0
pay_0034001434,order_0034001434,34559,netbanking,none,captured,657,118,2026-07-01T03:10:03,0
pay_0034001435,order_0034001435,13819,upi,none,captured,0,0,2026-07-28T21:50:15,0
pay_0034001436,order_0034001436,38463,card,visa,captured,769,138,2026-07-19T23:32:33,0
pay_0034001437,order_0034001437,125642,card,visa,captured,2513,452,2026-07-14T16:16:31,0
pay_0034001438,order_0034001438,34097,card,mastercard,captured,682,123,2026-07-03T20:34:54,0
pay_0034001439,order_0034001439,87579,card,mastercard,captured,1752,315,2026-07-05T07:23:28,0
pay_0034001440,order_0034001440,109604,upi,none,captured,0,0,2026-07-02T08:47:40,0
pay_0034001441,order_0034001441,76209,card,mastercard,captured,1524,274,2026-07-12T17:28:28,0
pay_0034001442,order_0034001442,37041,card,mastercard,captured,741,133,2026-07-19T18:07:06,0
pay_0034001443,order_0034001443,26574,upi,none,captured,0,0,2026-07-21T01:43:28,0
pay_0034001444,order_0034001444,73342,card,visa,captured,1467,264,2026-07-04T16:24:53,0
pay_0034001445,order_0034001445,96398,upi,none,captured,0,0,2026-07-23T09:35:01,0
pay_0034001446,order_0034001446,143507,upi,none,captured,0,0,2026-07-04T09:28:38,0
pay_0034001447,order_0034001447,34123,wallet,none,captured,682,123,2026-07-25T05:15:56,0
pay_0034001448,order_0034001448,20819,card,mastercard,failed,0,0,2026-07-22T16:14:12,0
pay_0034001449,order_0034001449,57051,card,rupay,failed,0,0,2026-07-02T13:45:00,0
pay_0034001450,order_0034001450,15946,upi,none,captured,0,0,2026-07-07T02:49:31,0
pay_0034001451,order_0034001451,89347,card,mastercard,captured,1787,322,2026-07-27T00:50:37,0
pay_0034001452,order_0034001452,503999,upi,none,failed,0,0,2026-07-15T11:53:55,0
pay_0034001453,order_0034001453,209561,upi,none,captured,0,0,2026-07-12T20:11:07,0
pay_0034001454,order_0034001454,270322,upi,none,failed,0,0,2026-07-25T02:48:53,0
pay_0034001455,order_0034001455,82890,card,mastercard,captured,1658,298,2026-07-02T07:54:30,0
pay_0034001456,order_0034001456,70909,upi,none,captured,0,0,2026-07-18T00:42:13,0
pay_0034001457,order_0034001457,18356,card,visa,captured,367,66,2026-07-02T04:38:32,0
pay_0034001458,order_0034001458,101918,upi,none,captured,0,0,2026-07-25T16:54:12,0
pay_0034001459,order_0034001459,55719,upi,none,captured,0,0,2026-07-10T13:00:37,0
pay_0034001460,order_0034001460,237387,card,amex,captured,7122,1282,2026-07-10T09:16:25,0
pay_0034001461,order_0034001461,18964,card,rupay,captured,190,34,2026-07-08T17:51:54,0
pay_0034001462,order_0034001462,44097,upi,none,captured,0,0,2026-07-08T10:07:34,0
pay_0034001463,order_0034001463,29557,upi,none,captured,0,0,2026-07-28T14:10:50,0
pay_0034001464,order_0034001464,65540,upi,none,captured,0,0,2026-07-05T07:51:17,0
pay_0034001465,order_0034001465,279684,upi,none,captured,0,0,2026-07-09T18:09:56,0
pay_0034001466,order_0034001466,81937,upi,none,captured,0,0,2026-07-15T07:05:29,0
pay_0034001467,order_0034001467,43295,upi,none,captured,0,0,2026-07-19T08:09:33,0
pay_0034001468,order_0034001468,97958,upi,none,captured,0,0,2026-07-05T05:56:58,0
pay_0034001469,order_0034001469,120811,card,mastercard,captured,3987,718,2026-07-26T22:47:30,1
pay_0034001470,order_0034001470,270704,card,rupay,failed,0,0,2026-07-02T01:37:13,0
pay_0034001471,order_0034001471,58699,upi,none,captured,0,0,2026-07-26T12:18:01,0
pay_0034001472,order_0034001472,295651,upi,none,captured,0,0,2026-07-07T06:32:44,0
pay_0034001473,order_0034001473,145267,upi,none,captured,0,0,2026-07-31T06:42:07,0
pay_0034001474,order_0034001474,22548,wallet,none,captured,451,81,2026-07-19T06:55:38,0
pay_0034001475,order_0034001475,70340,upi,none,captured,0,0,2026-07-27T03:36:07,0
pay_0034001476,order_0034001476,117483,upi,none,failed,0,0,2026-07-14T03:57:06,0
pay_0034001477,order_0034001477,126373,netbanking,none,captured,2401,432,2026-07-02T13:03:46,0
pay_0034001478,order_0034001478,76580,card,mastercard,failed,0,0,2026-07-08T17:26:22,0
pay_0034001479,order_0034001479,111433,upi,none,captured,0,0,2026-07-23T10:43:12,0
pay_0034001480,order_0034001480,157647,upi,none,captured,0,0,2026-07-01T07:18:19,0
pay_0034001481,order_0034001481,23549,upi,none,captured,0,0,2026-07-10T22:04:39,0
pay_0034001482,order_0034001482,69599,card,rupay,failed,0,0,2026-07-22T05:39:03,0
pay_0034001483,order_0034001483,130524,upi,none,captured,0,0,2026-07-10T05:27:38,0
pay_0034001484,order_0034001484,16210,upi,none,captured,0,0,2026-07-13T00:49:23,0
pay_0034001485,order_0034001485,98704,upi,none,captured,0,0,2026-07-24T02:39:41,0
pay_0034001486,order_0034001486,783006,upi,none,captured,0,0,2026-07-13T18:13:50,0
pay_0034001487,order_0034001487,33368,upi,none,captured,0,0,2026-07-15T23:55:30,0
pay_0034001488,order_0034001488,143203,upi,none,captured,0,0,2026-07-12T01:41:24,0
pay_0034001489,order_0034001489,43617,upi,none,captured,0,0,2026-07-15T07:23:56,0
pay_0034001490,order_0034001490,365300,card,visa,captured,7306,1315,2026-07-22T07:12:34,0
pay_0034001491,order_0034001491,60379,wallet,none,captured,1208,217,2026-07-09T21:31:59,0
pay_0034001492,order_0034001492,167769,upi,none,captured,0,0,2026-07-14T16:23:47,0
pay_0034001493,order_0034001493,31463,upi,none,captured,0,0,2026-07-17T07:26:43,0
pay_0034001494,order_0034001494,28359,upi,none,captured,0,0,2026-07-16T10:04:52,0
pay_0034001495,order_0034001495,59939,card,amex,captured,1798,324,2026-07-03T00:34:41,0
pay_0034001496,order_0034001496,51990,card,rupay,captured,520,94,2026-07-22T05:44:49,0
pay_0034001497,order_0034001497,26970,upi,none,captured,0,0,2026-07-12T17:55:48,0
pay_0034001498,order_0034001498,295005,wallet,none,captured,5900,1062,2026-07-08T15:44:49,0
pay_0034001499,order_0034001499,402949,upi,none,captured,0,0,2026-07-02T08:30:09,0
pay_0034001500,order_0034001500,152628,wallet,none,captured,3053,550,2026-07-27T19:38:25,0
pay_0034001501,order_0034001501,283559,netbanking,none,captured,5388,970,2026-07-25T11:00:49,0
pay_0034001502,order_0034001502,56421,netbanking,none,captured,1072,193,2026-07-07T00:14:19,0
pay_0034001503,order_0034001503,56514,card,rupay,failed,0,0,2026-07-25T11:36:35,0
pay_0034001504,order_0034001504,24396,upi,none,failed,0,0,2026-07-25T09:28:10,0
pay_0034001505,order_0034001505,72408,netbanking,none,captured,1376,248,2026-07-06T08:44:51,0
pay_0034001506,order_0034001506,50306,netbanking,none,captured,956,172,2026-07-23T02:30:00,0
pay_0034001507,order_0034001507,251668,netbanking,none,failed,0,0,2026-07-11T21:49:32,0
pay_0034001508,order_0034001508,47415,upi,none,captured,0,0,2026-07-07T02:16:06,0
pay_0034001509,order_0034001509,83089,upi,none,captured,0,0,2026-07-14T22:00:21,0
pay_0034001510,order_0034001510,43713,upi,none,captured,0,0,2026-07-28T16:13:33,0
pay_0034001511,order_0034001511,96152,upi,none,captured,0,0,2026-07-25T20:28:32,0
pay_0034001512,order_0034001512,294449,upi,none,captured,0,0,2026-07-15T19:06:22,0
pay_0034001513,order_0034001513,4900,upi,none,captured,0,0,2026-07-18T01:16:32,0
pay_0034001514,order_0034001514,108690,upi,none,captured,0,0,2026-07-29T03:53:26,0
pay_0034001515,order_0034001515,88224,card,visa,captured,1764,318,2026-07-23T15:33:43,0
pay_0034001516,order_0034001516,18555,upi,none,captured,0,0,2026-07-19T04:28:46,0
pay_0034001517,order_0034001517,106597,upi,none,captured,0,0,2026-07-10T16:05:35,0
pay_0034001518,order_0034001518,163179,card,mastercard,captured,3264,588,2026-07-21T09:07:07,0
pay_0034001519,order_0034001519,215796,upi,none,captured,0,0,2026-07-29T06:59:02,0
pay_0034001520,order_0034001520,51529,netbanking,none,captured,979,176,2026-07-18T07:05:50,0
pay_0034001521,order_0034001521,30829,wallet,none,captured,617,111,2026-07-28T11:12:16,0
pay_0034001522,order_0034001522,233285,wallet,none,captured,4666,840,2026-07-07T05:54:57,0
pay_0034001523,order_0034001523,47394,upi,none,captured,0,0,2026-07-08T01:15:28,0
pay_0034001524,order_0034001524,73618,card,visa,captured,1472,265,2026-07-06T04:35:59,0
pay_0034001525,order_0034001525,70150,card,visa,captured,1403,253,2026-07-20T20:46:45,0
pay_0034001526,order_0034001526,27120,upi,none,captured,0,0,2026-07-30T04:12:42,0
pay_0034001527,order_0034001527,332023,upi,none,captured,0,0,2026-07-14T08:20:52,0
pay_0034001528,order_0034001528,54728,netbanking,none,captured,1040,9851,2026-07-28T20:32:22,0
pay_0034001529,order_0034001529,186232,upi,none,captured,0,0,2026-07-15T08:17:39,0
pay_0034001530,order_0034001530,56982,card,visa,captured,1140,205,2026-07-26T07:32:48,0
pay_0034001531,order_0034001531,38788,card,visa,captured,776,140,2026-07-06T10:41:54,0
pay_0034001532,order_0034001532,10150,upi,none,captured,0,0,2026-07-04T04:04:15,0
pay_0034001533,order_0034001533,62261,upi,none,captured,0,0,2026-07-18T09:34:42,0
pay_0034001534,order_0034001534,86703,upi,none,captured,0,0,2026-07-12T19:19:13,0
pay_0034001535,order_0034001535,10327,upi,none,captured,0,0,2026-07-22T06:00:13,0
pay_0034001536,order_0034001536,24341,upi,none,failed,0,0,2026-07-13T05:10:16,0
pay_0034001537,order_0034001537,37141,upi,none,captured,0,0,2026-07-06T01:01:09,0
pay_0034001538,order_0034001538,267302,upi,none,captured,0,0,2026-07-03T02:41:51,0
pay_0034001539,order_0034001539,51750,card,visa,captured,1035,186,2026-07-29T07:46:15,0
pay_0034001540,order_0034001540,25654,card,mastercard,captured,513,92,2026-07-14T09:42:50,0
pay_0034001541,order_0034001541,68741,upi,none,captured,0,0,2026-07-22T01:45:31,0
pay_0034001542,order_0034001542,1468942,card,mastercard,captured,29379,5288,2026-07-08T19:58:44,0
pay_0034001543,order_0034001543,77333,upi,none,captured,0,0,2026-07-08T01:13:48,0
pay_0034001544,order_0034001544,169138,upi,none,captured,0,0,2026-07-24T03:38:21,0
pay_0034001545,order_0034001545,121657,upi,none,captured,0,0,2026-07-19T11:29:23,0
pay_0034001546,order_0034001546,121117,wallet,none,captured,2422,436,2026-07-20T07:20:43,0
pay_0034001547,order_0034001547,59172,upi,none,captured,0,0,2026-07-13T08:32:02,0
pay_0034001548,order_0034001548,168299,upi,none,captured,0,0,2026-07-27T13:17:21,0
pay_0034001549,order_0034001549,57064,upi,none,captured,0,0,2026-07-26T14:49:44,0
pay_0034001550,order_0034001550,556075,card,visa,captured,11122,2002,2026-07-06T16:21:10,0
pay_0034001551,order_0034001551,62735,upi,none,captured,0,0,2026-07-13T21:51:52,0
pay_0034001552,order_0034001552,180102,upi,none,captured,0,0,2026-07-31T15:51:16,0
pay_0034001553,order_0034001553,415206,card,visa,captured,8304,1495,2026-07-28T03:15:43,0
pay_0034001554,order_0034001554,4900,upi,none,captured,0,0,2026-07-15T21:54:38,0
pay_0034001555,order_0034001555,109007,card,mastercard,failed,0,0,2026-07-07T11:19:01,0
pay_0034001556,order_0034001556,63421,upi,none,captured,0,0,2026-07-30T00:20:36,0
pay_0034001557,order_0034001557,45438,upi,none,captured,0,0,2026-07-11T21:28:05,0
pay_0034001558,order_0034001558,85117,upi,none,captured,0,0,2026-07-19T08:57:38,0
pay_0034001559,order_0034001559,29075,card,visa,captured,582,105,2026-07-25T08:49:59,0
pay_0034001560,order_0034001560,418992,card,rupay,failed,0,0,2026-07-08T19:08:25,0
pay_0034001561,order_0034001561,138708,upi,none,captured,0,0,2026-07-23T13:26:20,0
pay_0034001562,order_0034001562,398510,upi,none,captured,0,0,2026-07-27T08:01:39,0
pay_0034001563,order_0034001563,101150,card,rupay,captured,1012,182,2026-07-22T14:37:39,0
pay_0034001564,order_0034001564,166199,upi,none,captured,0,0,2026-07-16T08:32:49,0
pay_0034001565,order_0034001565,73464,card,rupay,captured,735,132,2026-07-22T22:27:19,0
pay_0034001566,order_0034001566,29690,wallet,none,captured,594,107,2026-07-19T07:22:12,0
pay_0034001567,order_0034001567,19522,card,visa,captured,390,70,2026-07-10T00:51:03,0
pay_0034001568,order_0034001568,254349,upi,none,captured,0,0,2026-07-10T00:52:26,0
pay_0034001569,order_0034001569,17721,netbanking,none,captured,337,61,2026-07-13T18:11:05,0
pay_0034001570,order_0034001570,54452,upi,none,captured,0,0,2026-07-16T07:31:41,0
pay_0034001571,order_0034001571,117658,card,visa,failed,0,0,2026-07-17T12:56:40,0
pay_0034001572,order_0034001572,17523,upi,none,captured,0,0,2026-07-13T18:46:09,0
pay_0034001573,order_0034001573,430200,upi,none,captured,0,0,2026-07-07T04:05:14,0
pay_0034001574,order_0034001574,18069,upi,none,captured,0,0,2026-07-20T04:51:04,0
pay_0034001575,order_0034001575,264002,netbanking,none,captured,5016,903,2026-07-24T01:32:38,0
pay_0034001576,order_0034001576,217293,upi,none,captured,0,0,2026-07-19T08:58:00,0
pay_0034001577,order_0034001577,34505,card,visa,captured,690,124,2026-07-25T09:46:44,0
pay_0034001578,order_0034001578,97009,card,mastercard,captured,1940,349,2026-07-09T16:33:45,0
pay_0034001579,order_0034001579,165838,netbanking,none,captured,3151,567,2026-07-05T11:50:52,0
pay_0034001580,order_0034001580,10548,netbanking,none,captured,200,36,2026-07-16T00:31:42,0
pay_0034001581,order_0034001581,212862,upi,none,captured,0,0,2026-07-01T18:55:39,0
pay_0034001582,order_0034001582,336777,netbanking,none,captured,6399,1152,2026-07-21T00:46:11,0
pay_0034001583,order_0034001583,27463,upi,none,captured,0,0,2026-07-06T03:23:06,0
pay_0034001584,order_0034001584,36845,card,rupay,captured,368,66,2026-07-21T00:57:33,0
pay_0034001585,order_0034001585,16727,card,visa,captured,335,60,2026-07-19T00:29:53,0
pay_0034001586,order_0034001586,417333,upi,none,captured,0,0,2026-07-03T13:08:31,0
pay_0034001587,order_0034001587,173337,upi,none,captured,0,0,2026-07-14T10:47:27,0
pay_0034001588,order_0034001588,168060,upi,none,captured,0,0,2026-07-10T15:38:35,0
pay_0034001589,order_0034001589,682221,upi,none,failed,0,0,2026-07-19T12:02:37,0
pay_0034001590,order_0034001590,39832,upi,none,captured,0,0,2026-07-01T09:15:19,0
pay_0034001591,order_0034001591,248950,upi,none,captured,0,0,2026-07-29T09:38:56,0
pay_0034001592,order_0034001592,54156,upi,none,captured,0,0,2026-07-27T06:23:44,0
pay_0034001593,order_0034001593,21805,upi,none,captured,0,0,2026-07-16T04:56:06,0
pay_0034001594,order_0034001594,59558,upi,none,captured,0,0,2026-07-28T23:16:08,0
pay_0034001595,order_0034001595,70621,upi,none,captured,0,0,2026-07-24T16:12:10,0
pay_0034001596,order_0034001596,436185,upi,none,captured,0,0,2026-07-31T07:02:50,0
pay_0034001597,order_0034001597,92210,upi,none,captured,0,0,2026-07-04T01:22:25,0
pay_0034001598,order_0034001598,41995,card,visa,captured,840,151,2026-07-04T15:43:13,0
pay_0034001599,order_0034001599,9393,upi,none,captured,0,0,2026-07-28T06:22:22,0
pay_0034001600,order_0034001600,70910,wallet,none,captured,1418,255,2026-07-29T01:31:06,0
pay_0034001601,order_0034001601,9808,upi,none,captured,0,0,2026-07-30T04:35:38,0
pay_0034001602,order_0034001602,53187,wallet,none,captured,1064,192,2026-07-11T14:52:34,0
pay_0034001603,order_0034001603,31969,upi,none,captured,0,0,2026-07-03T12:52:24,0
pay_0034001604,order_0034001604,85557,upi,none,captured,0,0,2026-07-06T16:24:58,0
pay_0034001605,order_0034001605,124648,upi,none,captured,0,0,2026-07-16T23:08:59,0
pay_0034001606,order_0034001606,110632,upi,none,captured,0,0,2026-07-08T08:08:08,0
pay_0034001607,order_0034001607,29366,upi,none,captured,0,0,2026-07-18T12:37:57,0
pay_0034001608,order_0034001608,84819,upi,none,failed,0,0,2026-07-30T09:51:42,0
pay_0034001609,order_0034001609,50808,upi,none,captured,0,0,2026-07-22T02:13:14,0
pay_0034001610,order_0034001610,26924,upi,none,captured,0,0,2026-07-07T15:57:19,0
pay_0034001611,order_0034001611,111030,upi,none,captured,0,0,2026-07-18T16:37:13,0
pay_0034001612,order_0034001612,117979,upi,none,failed,0,0,2026-07-25T13:53:10,0
pay_0034001613,order_0034001613,115944,netbanking,none,captured,2203,397,2026-07-08T20:51:43,0
pay_0034001614,order_0034001614,325425,netbanking,none,captured,6183,1113,2026-07-14T23:54:28,0
pay_0034001615,order_0034001615,9345,card,mastercard,captured,187,34,2026-07-26T00:28:11,0
pay_0034001616,order_0034001616,50262,card,mastercard,captured,1005,181,2026-07-06T19:38:27,0
pay_0034001617,order_0034001617,116639,netbanking,none,captured,2216,399,2026-07-04T12:54:36,0
pay_0034001618,order_0034001618,10287,card,rupay,captured,103,19,2026-07-04T11:51:00,0
pay_0034001619,order_0034001619,189399,netbanking,none,captured,3599,648,2026-07-24T09:08:17,0
pay_0034001620,order_0034001620,62838,card,rupay,captured,628,113,2026-07-10T09:44:00,0
pay_0034001621,order_0034001621,127005,upi,none,captured,0,0,2026-07-29T11:30:48,0
pay_0034001622,order_0034001622,79224,netbanking,none,captured,1505,271,2026-07-12T10:26:44,0
pay_0034001623,order_0034001623,519002,upi,none,captured,0,0,2026-07-13T09:07:09,0
pay_0034001624,order_0034001624,20458,upi,none,captured,0,0,2026-07-15T13:32:31,0
pay_0034001625,order_0034001625,1091867,upi,none,captured,0,0,2026-07-30T09:11:30,0
pay_0034001626,order_0034001626,41629,upi,none,captured,0,0,2026-07-01T15:04:06,0
pay_0034001627,order_0034001627,9364,card,mastercard,captured,187,34,2026-07-19T00:43:22,0
pay_0034001628,order_0034001628,267172,netbanking,none,captured,5076,914,2026-07-27T13:33:09,0
pay_0034001629,order_0034001629,7877,card,visa,captured,158,28,2026-07-02T04:49:42,0
pay_0034001630,order_0034001630,122404,card,mastercard,captured,2448,441,2026-07-22T07:43:59,0
pay_0034001631,order_0034001631,74051,card,visa,captured,1481,267,2026-07-28T16:13:55,0
pay_0034001632,order_0034001632,42513,upi,none,failed,0,0,2026-07-05T02:08:33,0
pay_0034001633,order_0034001633,59794,upi,none,captured,0,0,2026-07-06T03:54:20,0
pay_0034001634,order_0034001634,84554,upi,none,captured,0,0,2026-07-21T23:25:31,0
pay_0034001635,order_0034001635,126377,upi,none,captured,0,0,2026-07-10T16:39:07,0
pay_0034001636,order_0034001636,90094,upi,none,captured,0,0,2026-07-24T17:34:51,0
pay_0034001637,order_0034001637,88650,card,visa,captured,1773,319,2026-07-30T13:42:14,0
pay_0034001638,order_0034001638,15415,upi,none,captured,0,0,2026-07-16T23:30:48,0
pay_0034001639,order_0034001639,367206,netbanking,none,captured,6977,1256,2026-07-02T18:13:27,0
pay_0034001640,order_0034001640,23562,card,mastercard,captured,471,85,2026-07-29T04:37:23,0
pay_0034001641,order_0034001641,25905,card,mastercard,captured,518,93,2026-07-30T22:59:35,0
pay_0034001642,order_0034001642,80440,upi,none,captured,0,0,2026-07-12T08:04:26,0
pay_0034001643,order_0034001643,109743,upi,none,captured,0,0,2026-07-18T11:42:40,0
pay_0034001644,order_0034001644,193764,netbanking,none,captured,3682,663,2026-07-08T12:36:30,0
pay_0034001645,order_0034001645,47458,upi,none,captured,0,0,2026-07-22T05:38:07,0
pay_0034001646,order_0034001646,787560,card,visa,captured,15751,2835,2026-07-21T00:05:23,0
pay_0034001647,order_0034001647,106276,upi,none,captured,0,0,2026-07-11T20:31:21,0
pay_0034001648,order_0034001648,313468,upi,none,captured,0,0,2026-07-14T05:16:26,0
pay_0034001649,order_0034001649,181477,card,mastercard,captured,3630,653,2026-07-05T13:45:18,0
pay_0034001650,order_0034001650,28332,upi,none,captured,0,0,2026-07-06T16:17:52,0
pay_0034001651,order_0034001651,550414,upi,none,captured,0,0,2026-07-14T02:23:44,0
pay_0034001652,order_0034001652,76023,upi,none,captured,0,0,2026-07-21T13:57:51,0
pay_0034001653,order_0034001653,64145,netbanking,none,captured,1219,219,2026-07-01T13:52:06,0
pay_0034001654,order_0034001654,27743,card,mastercard,captured,555,100,2026-07-19T23:33:26,0
pay_0034001655,order_0034001655,18560,upi,none,captured,0,0,2026-07-15T01:25:13,0
pay_0034001656,order_0034001656,74306,netbanking,none,captured,1412,254,2026-07-12T10:59:18,0
pay_0034001657,order_0034001657,146785,card,visa,captured,2936,528,2026-07-11T00:37:59,0
pay_0034001658,order_0034001658,95282,card,visa,captured,1906,343,2026-07-07T00:46:41,0
pay_0034001659,order_0034001659,446496,upi,none,captured,0,0,2026-07-17T13:17:32,0
pay_0034001660,order_0034001660,24834,upi,none,failed,0,0,2026-07-24T14:36:09,0
pay_0034001661,order_0034001661,761666,card,mastercard,captured,15233,2742,2026-07-13T15:57:31,0
pay_0034001662,order_0034001662,36951,upi,none,captured,0,0,2026-07-29T17:26:53,0
pay_0034001663,order_0034001663,308850,upi,none,captured,0,0,2026-07-04T15:05:30,0
pay_0034001664,order_0034001664,4900,upi,none,captured,0,0,2026-07-19T06:11:17,0
pay_0034001665,order_0034001665,12971,upi,none,captured,0,0,2026-07-25T22:38:50,0
pay_0034001666,order_0034001666,100620,upi,none,captured,0,0,2026-07-30T09:25:21,0
pay_0034001667,order_0034001667,61066,upi,none,captured,0,0,2026-07-03T18:10:34,0
pay_0034001668,order_0034001668,35973,card,visa,captured,719,129,2026-07-23T19:22:02,0
pay_0034001669,order_0034001669,52267,upi,none,captured,0,0,2026-07-06T14:03:00,0
pay_0034001670,order_0034001670,36885,card,mastercard,captured,738,133,2026-07-31T07:26:48,0
pay_0034001671,order_0034001671,70241,upi,none,captured,0,0,2026-07-21T08:32:17,0
pay_0034001672,order_0034001672,62628,upi,none,captured,0,0,2026-07-11T15:26:04,0
pay_0034001673,order_0034001673,142137,upi,none,captured,0,0,2026-07-13T14:36:08,0
pay_0034001674,order_0034001674,73199,upi,none,captured,0,0,2026-07-22T01:44:56,0
pay_0034001675,order_0034001675,148435,upi,none,captured,0,0,2026-07-25T03:51:37,0
pay_0034001676,order_0034001676,148289,upi,none,captured,0,0,2026-07-09T13:26:45,0
pay_0034001677,order_0034001677,49942,upi,none,captured,0,0,2026-07-02T05:49:54,0
pay_0034001678,order_0034001678,135433,upi,none,captured,0,0,2026-07-30T08:30:46,0
pay_0034001679,order_0034001679,14115,upi,none,captured,0,0,2026-07-14T06:08:27,0
pay_0034001680,order_0034001680,66137,card,rupay,captured,661,119,2026-07-18T04:35:48,0
pay_0034001681,order_0034001681,114652,upi,none,captured,0,0,2026-07-08T00:14:42,0
pay_0034001682,order_0034001682,15882,upi,none,captured,0,0,2026-07-03T07:25:18,0
pay_0034001683,order_0034001683,63644,upi,none,captured,0,0,2026-07-06T00:55:23,0
pay_0034001684,order_0034001684,221160,card,visa,captured,4423,796,2026-07-28T04:45:45,0
pay_0034001685,order_0034001685,57866,upi,none,failed,0,0,2026-07-14T12:23:41,0
pay_0034001686,order_0034001686,625353,card,rupay,failed,0,0,2026-07-25T23:32:06,0
pay_0034001687,order_0034001687,132330,card,mastercard,captured,2647,476,2026-07-27T03:24:15,0
pay_0034001688,order_0034001688,86383,netbanking,none,captured,1641,295,2026-07-12T02:30:22,0
pay_0034001689,order_0034001689,20224,netbanking,none,captured,384,69,2026-07-11T21:39:42,0
pay_0034001690,order_0034001690,142073,wallet,none,captured,2841,511,2026-07-23T06:01:48,0
pay_0034001691,order_0034001691,110459,upi,none,failed,0,0,2026-07-09T17:18:29,0
pay_0034001692,order_0034001692,111543,upi,none,captured,0,0,2026-07-27T14:13:13,0
pay_0034001693,order_0034001693,16603,upi,none,captured,0,0,2026-07-20T06:39:06,0
pay_0034001694,order_0034001694,152765,card,rupay,captured,1528,275,2026-07-02T08:55:30,0
pay_0034001695,order_0034001695,72659,upi,none,captured,0,0,2026-07-25T18:42:11,0
pay_0034001696,order_0034001696,275544,upi,none,captured,0,0,2026-07-14T07:17:08,0
pay_0034001697,order_0034001697,102748,upi,none,captured,0,0,2026-07-04T16:11:52,0
pay_0034001698,order_0034001698,370577,upi,none,failed,0,0,2026-07-20T06:29:12,0
pay_0034001699,order_0034001699,25655,upi,none,captured,0,0,2026-07-18T00:20:50,0
pay_0034001700,order_0034001700,31957,card,mastercard,captured,639,115,2026-07-26T06:51:34,0
pay_0034001701,order_0034001701,179261,upi,none,captured,0,0,2026-07-30T07:22:59,0
pay_0034001702,order_0034001702,419590,card,visa,captured,8392,1511,2026-07-05T18:08:40,0
pay_0034001703,order_0034001703,37156,upi,none,captured,0,0,2026-07-28T16:57:42,0
pay_0034001704,order_0034001704,64932,card,visa,captured,1299,234,2026-07-28T13:13:16,0
pay_0034001705,order_0034001705,6242,upi,none,captured,0,0,2026-07-13T15:38:30,0
pay_0034001706,order_0034001706,53515,upi,none,captured,0,0,2026-07-07T18:07:25,0
pay_0034001707,order_0034001707,117620,upi,none,captured,0,0,2026-07-13T15:10:06,0
pay_0034001708,order_0034001708,45422,upi,none,captured,0,0,2026-07-06T07:28:26,0
pay_0034001709,order_0034001709,147029,upi,none,captured,0,0,2026-07-13T11:28:02,0
pay_0034001710,order_0034001710,662376,upi,none,captured,0,0,2026-07-01T05:05:36,0
pay_0034001711,order_0034001711,243373,upi,none,captured,0,0,2026-07-30T01:58:56,0
pay_0034001712,order_0034001712,125216,upi,none,captured,0,0,2026-07-12T10:27:05,0
pay_0034001713,order_0034001713,66194,upi,none,captured,0,0,2026-07-03T09:47:29,0
pay_0034001714,order_0034001714,44964,card,mastercard,captured,899,162,2026-07-20T14:58:10,0
pay_0034001715,order_0034001715,43094,upi,none,captured,0,0,2026-07-05T12:01:07,0
pay_0034001716,order_0034001716,88844,card,visa,captured,1777,320,2026-07-13T21:28:56,0
pay_0034001717,order_0034001717,18123,card,rupay,captured,181,33,2026-07-21T07:41:54,0
pay_0034001718,order_0034001718,40589,card,visa,failed,0,0,2026-07-31T16:54:49,0
pay_0034001719,order_0034001719,32296,card,visa,captured,646,116,2026-07-14T20:51:14,0
pay_0034001720,order_0034001720,45398,upi,none,failed,0,0,2026-07-18T01:07:06,0
pay_0034001721,order_0034001721,39050,card,visa,captured,781,141,2026-07-15T15:23:57,0
pay_0034001722,order_0034001722,56404,upi,none,captured,0,0,2026-07-28T22:55:42,0
pay_0034001723,order_0034001723,52131,upi,none,captured,0,0,2026-07-10T13:59:55,0
pay_0034001724,order_0034001724,128619,upi,none,captured,0,0,2026-07-18T03:43:24,0
pay_0034001725,order_0034001725,170483,upi,none,captured,0,0,2026-07-07T06:52:20,0
pay_0034001726,order_0034001726,22473,upi,none,captured,0,0,2026-07-27T16:51:01,0
pay_0034001727,order_0034001727,64176,upi,none,captured,0,0,2026-07-12T05:05:17,0
pay_0034001728,order_0034001728,21602,upi,none,captured,0,0,2026-07-17T14:06:01,0
pay_0034001729,order_0034001729,58622,upi,none,captured,0,0,2026-07-10T21:05:36,0
pay_0034001730,order_0034001730,197749,upi,none,captured,0,0,2026-07-07T10:05:23,0
pay_0034001731,order_0034001731,36207,card,rupay,captured,362,65,2026-07-31T22:40:00,0
pay_0034001732,order_0034001732,104258,upi,none,captured,0,0,2026-07-18T10:40:26,0
pay_0034001733,order_0034001733,85833,wallet,none,captured,1717,309,2026-07-04T01:39:04,0
pay_0034001734,order_0034001734,215172,card,amex,captured,6455,1162,2026-07-27T07:57:42,0
pay_0034001735,order_0034001735,27973,upi,none,captured,0,0,2026-07-28T07:34:10,0
pay_0034001736,order_0034001736,81197,upi,none,captured,0,0,2026-07-12T22:36:33,0
pay_0034001737,order_0034001737,32248,card,mastercard,captured,645,116,2026-07-16T19:04:44,0
pay_0034001738,order_0034001738,25404,card,visa,failed,0,0,2026-07-17T07:56:19,0
pay_0034001739,order_0034001739,73195,upi,none,captured,0,0,2026-07-22T21:25:54,0
pay_0034001740,order_0034001740,352286,upi,none,captured,0,0,2026-07-10T11:18:27,0
pay_0034001741,order_0034001741,45035,upi,none,captured,0,0,2026-07-27T13:20:47,0
pay_0034001742,order_0034001742,55628,card,visa,captured,1113,200,2026-07-26T14:35:47,0
pay_0034001743,order_0034001743,767071,card,mastercard,captured,15341,2761,2026-07-09T00:59:17,0
pay_0034001744,order_0034001744,51853,upi,none,captured,0,0,2026-07-24T02:19:52,0
pay_0034001745,order_0034001745,213840,netbanking,none,failed,0,0,2026-07-03T02:29:47,0
pay_0034001746,order_0034001746,58011,card,mastercard,captured,1160,209,2026-07-08T05:00:26,0
pay_0034001747,order_0034001747,243851,upi,none,captured,0,0,2026-07-17T13:28:29,0
pay_0034001748,order_0034001748,75489,upi,none,captured,0,0,2026-07-12T06:25:41,0
pay_0034001749,order_0034001749,51405,upi,none,captured,0,0,2026-07-20T23:35:24,0
pay_0034001750,order_0034001750,55930,card,visa,captured,1119,201,2026-07-12T01:29:46,0
pay_0034001751,order_0034001751,114314,wallet,none,captured,2286,411,2026-07-14T02:37:49,0
pay_0034001752,order_0034001752,239132,upi,none,failed,0,0,2026-07-07T00:41:00,0
pay_0034001753,order_0034001753,62047,upi,none,captured,0,0,2026-07-01T10:25:15,0
pay_0034001754,order_0034001754,122184,upi,none,captured,0,0,2026-07-14T20:46:57,0
pay_0034001755,order_0034001755,21030,upi,none,captured,0,0,2026-07-25T07:00:01,0
pay_0034001756,order_0034001756,81729,card,mastercard,captured,1635,294,2026-07-05T00:24:06,0
pay_0034001757,order_0034001757,18539,card,mastercard,captured,371,67,2026-07-21T04:42:26,0
pay_0034001758,order_0034001758,18849,upi,none,captured,0,0,2026-07-08T21:39:09,0
pay_0034001759,order_0034001759,31859,upi,none,captured,0,0,2026-07-27T23:05:26,0
pay_0034001760,order_0034001760,28981,upi,none,failed,0,0,2026-07-30T17:22:27,0
pay_0034001761,order_0034001761,397193,wallet,none,captured,7944,1430,2026-07-20T18:18:53,0
pay_0034001762,order_0034001762,19952,netbanking,none,captured,379,68,2026-07-19T13:28:49,0
pay_0034001763,order_0034001763,30904,upi,none,captured,0,0,2026-07-20T02:08:29,0
pay_0034001764,order_0034001764,154111,upi,none,captured,0,0,2026-07-14T10:44:15,0
pay_0034001765,order_0034001765,13416,upi,none,captured,0,0,2026-07-13T15:53:41,0
pay_0034001766,order_0034001766,96336,upi,none,captured,0,0,2026-07-26T05:33:15,0
pay_0034001767,order_0034001767,51831,upi,none,captured,0,0,2026-07-01T06:38:37,0
pay_0034001768,order_0034001768,86369,upi,none,captured,0,0,2026-07-07T04:06:13,0
pay_0034001769,order_0034001769,78225,upi,none,captured,0,0,2026-07-27T20:44:15,0
pay_0034001770,order_0034001770,301235,upi,none,captured,0,0,2026-07-08T12:50:01,0
pay_0034001771,order_0034001771,127357,upi,none,captured,0,0,2026-07-29T05:16:35,0
pay_0034001772,order_0034001772,57891,netbanking,none,captured,1100,198,2026-07-15T21:55:20,0
pay_0034001773,order_0034001773,236748,upi,none,captured,0,0,2026-07-21T07:10:37,0
pay_0034001774,order_0034001774,48549,upi,none,captured,0,0,2026-07-26T02:52:32,0
pay_0034001775,order_0034001775,99710,netbanking,none,captured,1894,341,2026-07-17T03:38:14,0
pay_0034001776,order_0034001776,56190,card,rupay,captured,562,101,2026-07-14T02:25:15,0
pay_0034001777,order_0034001777,35808,upi,none,captured,0,0,2026-07-12T06:10:17,0
pay_0034001778,order_0034001778,47812,card,amex,captured,1434,258,2026-07-10T10:06:35,0
pay_0034001779,order_0034001779,71639,upi,none,failed,0,0,2026-07-24T14:14:51,0
pay_0034001780,order_0034001780,47531,card,mastercard,captured,951,171,2026-07-12T00:40:29,0
pay_0034001781,order_0034001781,215734,card,visa,failed,0,0,2026-07-06T11:43:55,0
pay_0034001782,order_0034001782,53369,upi,none,captured,0,0,2026-07-17T03:08:57,0
pay_0034001783,order_0034001783,43444,upi,none,captured,0,0,2026-07-10T14:25:25,0
pay_0034001784,order_0034001784,27853,card,visa,captured,557,100,2026-07-06T07:04:23,0
pay_0034001785,order_0034001785,122234,upi,none,captured,0,0,2026-07-15T19:42:28,0
pay_0034001786,order_0034001786,34842,upi,none,failed,0,0,2026-07-13T17:22:48,0
pay_0034001787,order_0034001787,33522,upi,none,captured,0,0,2026-07-23T19:24:51,0
pay_0034001788,order_0034001788,188437,card,visa,failed,0,0,2026-07-21T17:53:51,0
pay_0034001789,order_0034001789,33352,netbanking,none,captured,634,114,2026-07-07T00:32:58,0
pay_0034001790,order_0034001790,133394,card,visa,failed,0,0,2026-07-23T00:24:00,0
pay_0034001791,order_0034001791,67164,card,visa,captured,1343,242,2026-07-20T04:04:26,0
pay_0034001792,order_0034001792,30914,upi,none,captured,0,0,2026-07-19T23:33:17,0
pay_0034001793,order_0034001793,295311,netbanking,none,captured,5611,1010,2026-07-19T05:25:08,0
pay_0034001794,order_0034001794,55467,netbanking,none,captured,1054,190,2026-07-05T08:06:00,0
pay_0034001795,order_0034001795,18420,upi,none,captured,0,0,2026-07-03T18:25:23,0
pay_0034001796,order_0034001796,225045,card,visa,captured,4501,810,2026-07-15T10:56:53,0
pay_0034001797,order_0034001797,31888,upi,none,failed,0,0,2026-07-11T12:35:19,0
pay_0034001798,order_0034001798,125706,upi,none,captured,0,0,2026-07-07T06:42:32,0
pay_0034001799,order_0034001799,22504,upi,none,captured,0,0,2026-07-31T08:37:38,0
pay_0034001800,order_0034001800,80363,upi,none,captured,0,0,2026-07-07T12:10:26,0
pay_0034001801,order_0034001801,97012,card,mastercard,captured,1940,349,2026-07-21T08:21:19,0
pay_0034001802,order_0034001802,36551,card,visa,captured,731,132,2026-07-15T21:16:25,0
pay_0034001803,order_0034001803,795125,upi,none,failed,0,0,2026-07-28T23:25:38,0
pay_0034001804,order_0034001804,42660,upi,none,captured,0,0,2026-07-25T16:18:01,0
pay_0034001805,order_0034001805,63346,card,visa,captured,1267,228,2026-07-03T08:21:37,0
pay_0034001806,order_0034001806,63330,wallet,none,captured,1267,228,2026-07-24T13:09:18,0
pay_0034001807,order_0034001807,36649,upi,none,captured,0,0,2026-07-16T10:46:39,0
pay_0034001808,order_0034001808,171293,upi,none,captured,0,0,2026-07-04T16:57:34,0
pay_0034001809,order_0034001809,77553,upi,none,captured,0,0,2026-07-21T17:07:27,0
pay_0034001810,order_0034001810,55677,upi,none,captured,0,0,2026-07-28T19:06:59,0
pay_0034001811,order_0034001811,35864,netbanking,none,captured,681,6456,2026-07-02T00:17:51,0
pay_0034001812,order_0034001812,65565,upi,none,failed,0,0,2026-07-08T18:58:07,0
pay_0034001813,order_0034001813,6488,card,rupay,captured,65,12,2026-07-16T12:10:36,0
pay_0034001814,order_0034001814,150139,upi,none,captured,0,0,2026-07-13T10:48:48,0
pay_0034001815,order_0034001815,31056,wallet,none,captured,621,112,2026-07-04T13:42:44,0
pay_0034001816,order_0034001816,82206,card,visa,captured,1644,296,2026-07-05T15:34:08,0
pay_0034001817,order_0034001817,93401,netbanking,none,captured,1775,320,2026-07-28T17:17:57,0
pay_0034001818,order_0034001818,274333,wallet,none,captured,5487,988,2026-07-27T08:27:44,0
pay_0034001819,order_0034001819,86267,upi,none,captured,0,0,2026-07-22T03:04:51,0
pay_0034001820,order_0034001820,124409,upi,none,captured,0,0,2026-07-02T19:59:47,0
pay_0034001821,order_0034001821,29989,card,visa,captured,600,108,2026-07-13T10:17:02,0
pay_0034001822,order_0034001822,110451,upi,none,captured,0,0,2026-07-30T00:30:53,0
pay_0034001823,order_0034001823,116683,upi,none,captured,0,0,2026-07-19T13:22:47,0
pay_0034001824,order_0034001824,88463,card,mastercard,captured,1769,318,2026-07-12T10:29:35,0
pay_0034001825,order_0034001825,163047,netbanking,none,captured,3098,558,2026-07-04T00:41:05,0
pay_0034001826,order_0034001826,125466,upi,none,captured,0,0,2026-07-18T12:32:21,0
pay_0034001827,order_0034001827,129699,card,visa,captured,2594,467,2026-07-20T12:18:20,0
pay_0034001828,order_0034001828,131490,netbanking,none,captured,2498,450,2026-07-01T18:19:48,0
pay_0034001829,order_0034001829,196492,upi,none,captured,0,0,2026-07-15T16:22:22,0
pay_0034001830,order_0034001830,9355,card,visa,captured,187,34,2026-07-15T05:06:13,0
pay_0034001831,order_0034001831,102824,upi,none,captured,0,0,2026-07-17T00:18:56,0
pay_0034001832,order_0034001832,44723,upi,none,captured,0,0,2026-07-26T19:21:37,0
pay_0034001833,order_0034001833,150922,upi,none,captured,0,0,2026-07-01T03:09:43,0
pay_0034001834,order_0034001834,51171,upi,none,captured,0,0,2026-07-17T14:32:21,0
pay_0034001835,order_0034001835,19456,card,mastercard,captured,389,3502,2026-07-12T20:28:21,0
pay_0034001836,order_0034001836,99196,upi,none,captured,0,0,2026-07-09T05:17:29,0
pay_0034001837,order_0034001837,114046,card,rupay,failed,0,0,2026-07-10T14:47:51,0
pay_0034001838,order_0034001838,78374,upi,none,captured,0,0,2026-07-07T20:46:37,0
pay_0034001839,order_0034001839,73241,upi,none,captured,0,0,2026-07-24T11:16:00,0
pay_0034001840,order_0034001840,447264,upi,none,captured,0,0,2026-07-07T20:29:27,0
pay_0034001841,order_0034001841,138821,wallet,none,captured,2776,500,2026-07-29T06:50:29,0
pay_0034001842,order_0034001842,27272,upi,none,captured,0,0,2026-07-08T14:10:47,0
pay_0034001843,order_0034001843,49726,upi,none,failed,0,0,2026-07-15T18:16:55,0
pay_0034001844,order_0034001844,221240,card,mastercard,captured,5420,976,2026-07-17T19:24:24,0
pay_0034001845,order_0034001845,116994,netbanking,none,captured,2223,400,2026-07-11T22:45:09,0
pay_0034001846,order_0034001846,26375,upi,none,captured,0,0,2026-07-10T17:39:44,0
pay_0034001847,order_0034001847,37936,wallet,none,captured,759,137,2026-07-09T07:54:28,0
pay_0034001848,order_0034001848,123269,upi,none,captured,0,0,2026-07-28T05:15:31,0
pay_0034001849,order_0034001849,100118,upi,none,captured,0,0,2026-07-23T21:54:48,0
pay_0034001850,order_0034001850,10198,upi,none,captured,0,0,2026-07-09T13:22:27,0
pay_0034001851,order_0034001851,80865,netbanking,none,failed,0,0,2026-07-03T03:02:04,0
pay_0034001852,order_0034001852,215918,upi,none,captured,0,0,2026-07-19T15:36:47,0
pay_0034001853,order_0034001853,332312,upi,none,captured,0,0,2026-07-30T11:10:45,0
pay_0034001854,order_0034001854,17677,netbanking,none,captured,336,60,2026-07-20T13:36:26,0
pay_0034001855,order_0034001855,174423,upi,none,captured,0,0,2026-07-14T07:41:07,0
pay_0034001856,order_0034001856,54823,card,rupay,captured,548,99,2026-07-07T17:11:18,0
pay_0034001857,order_0034001857,4900,upi,none,captured,0,0,2026-07-11T16:45:58,0
pay_0034001858,order_0034001858,287334,upi,none,captured,0,0,2026-07-07T14:31:10,0
pay_0034001859,order_0034001859,123617,upi,none,captured,0,0,2026-07-11T21:50:22,0
pay_0034001860,order_0034001860,12988,netbanking,none,captured,247,44,2026-07-15T09:55:27,0
pay_0034001861,order_0034001861,33456,upi,none,captured,0,0,2026-07-02T10:13:45,0
pay_0034001862,order_0034001862,185862,netbanking,none,failed,0,0,2026-07-06T05:29:27,0
pay_0034001863,order_0034001863,56595,upi,none,captured,0,0,2026-07-18T15:02:42,0
pay_0034001864,order_0034001864,50726,upi,none,captured,0,0,2026-07-23T11:47:37,0
pay_0034001865,order_0034001865,21145,upi,none,captured,0,0,2026-07-10T23:16:28,0
pay_0034001866,order_0034001866,38705,netbanking,none,captured,735,132,2026-07-09T17:13:16,0
pay_0034001867,order_0034001867,27436,wallet,none,captured,549,99,2026-07-27T02:25:03,0
pay_0034001868,order_0034001868,205411,wallet,none,captured,4108,739,2026-07-01T15:37:51,0
pay_0034001869,order_0034001869,103749,wallet,none,captured,2075,374,2026-07-07T15:30:17,0
pay_0034001870,order_0034001870,22181,wallet,none,failed,0,0,2026-07-16T09:12:31,0
pay_0034001871,order_0034001871,157826,upi,none,captured,0,0,2026-07-03T15:03:31,0
pay_0034001872,order_0034001872,87200,upi,none,captured,0,0,2026-07-16T17:41:30,0
pay_0034001873,order_0034001873,142873,upi,none,captured,643,116,2026-07-09T22:42:57,0
pay_0034001874,order_0034001874,188368,upi,none,captured,0,0,2026-07-19T18:08:30,0
pay_0034001875,order_0034001875,110543,upi,none,captured,0,0,2026-07-26T13:25:52,0
pay_0034001876,order_0034001876,87018,upi,none,captured,0,0,2026-07-31T01:29:24,0
pay_0034001877,order_0034001877,279163,card,rupay,captured,2792,503,2026-07-06T13:50:42,0
pay_0034001878,order_0034001878,48419,upi,none,captured,0,0,2026-07-31T08:31:14,0
pay_0034001879,order_0034001879,26911,card,visa,captured,538,97,2026-07-19T00:20:48,0
pay_0034001880,order_0034001880,130383,upi,none,captured,0,0,2026-07-12T12:54:20,0
pay_0034001881,order_0034001881,168607,wallet,none,failed,0,0,2026-07-16T04:40:05,0
pay_0034001882,order_0034001882,88099,upi,none,captured,0,0,2026-07-19T01:24:33,0
pay_0034001883,order_0034001883,134623,card,mastercard,captured,2692,485,2026-07-14T15:18:49,0
pay_0034001884,order_0034001884,65305,upi,none,failed,0,0,2026-07-08T17:06:28,0
pay_0034001885,order_0034001885,81938,card,mastercard,captured,2704,487,2026-07-13T20:30:06,1
pay_0034001886,order_0034001886,27048,upi,none,captured,0,0,2026-07-18T20:47:51,0
pay_0034001887,order_0034001887,66368,card,mastercard,captured,1327,239,2026-07-17T00:13:04,0
pay_0034001888,order_0034001888,44249,card,mastercard,captured,885,159,2026-07-07T07:48:57,0
pay_0034001889,order_0034001889,122989,card,visa,captured,2460,443,2026-07-02T14:24:10,0
pay_0034001890,order_0034001890,4900,upi,none,captured,0,0,2026-07-31T00:18:05,0
pay_0034001891,order_0034001891,42574,upi,none,captured,0,0,2026-07-04T23:05:08,0
pay_0034001892,order_0034001892,96081,wallet,none,captured,1922,346,2026-07-10T18:10:13,0
pay_0034001893,order_0034001893,60897,netbanking,none,captured,1157,208,2026-07-09T01:24:05,0
pay_0034001894,order_0034001894,70737,upi,none,captured,0,0,2026-07-16T16:26:33,0
pay_0034001895,order_0034001895,252652,upi,none,captured,1137,205,2026-07-19T20:23:27,0
pay_0034001896,order_0034001896,86209,upi,none,failed,0,0,2026-07-20T05:45:15,0
pay_0034001897,order_0034001897,153618,upi,none,captured,0,0,2026-07-20T19:05:56,0
pay_0034001898,order_0034001898,19193,card,visa,failed,0,0,2026-07-01T18:39:57,0
pay_0034001899,order_0034001899,225670,card,mastercard,captured,4513,812,2026-07-18T22:42:50,0
pay_0034001900,order_0034001900,178244,card,mastercard,captured,3565,642,2026-07-06T22:56:32,0
pay_0034001901,order_0034001901,138297,upi,none,captured,0,0,2026-07-26T06:15:11,0
pay_0034001902,order_0034001902,62284,card,mastercard,captured,1246,224,2026-07-25T10:09:19,0
pay_0034001903,order_0034001903,121336,card,mastercard,captured,2427,437,2026-07-19T22:19:56,0
pay_0034001904,order_0034001904,30246,upi,none,captured,0,0,2026-07-02T04:52:49,0
pay_0034001905,order_0034001905,60728,upi,none,captured,0,0,2026-07-29T02:48:36,0
pay_0034001906,order_0034001906,127593,netbanking,none,captured,2424,436,2026-07-21T07:17:16,0
pay_0034001907,order_0034001907,458949,upi,none,captured,0,0,2026-07-13T13:46:03,0
pay_0034001908,order_0034001908,30958,upi,none,captured,0,0,2026-07-13T11:25:46,0
pay_0034001909,order_0034001909,17766,wallet,none,captured,355,64,2026-07-01T15:24:23,0
pay_0034001910,order_0034001910,84709,upi,none,captured,0,0,2026-07-09T19:50:43,0
pay_0034001911,order_0034001911,26855,upi,none,captured,0,0,2026-07-10T15:13:02,0
pay_0034001912,order_0034001912,33524,card,rupay,captured,335,60,2026-07-25T09:01:24,0
pay_0034001913,order_0034001913,310539,netbanking,none,captured,5900,1062,2026-07-02T11:09:21,0
pay_0034001914,order_0034001914,10870,upi,none,captured,0,0,2026-07-10T16:58:02,0
pay_0034001915,order_0034001915,201562,netbanking,none,captured,3830,689,2026-07-02T15:32:03,0
pay_0034001916,order_0034001916,28902,card,visa,captured,578,104,2026-07-27T18:08:40,0
pay_0034001917,order_0034001917,94577,upi,none,captured,426,77,2026-07-24T18:23:46,0
pay_0034001918,order_0034001918,20974,netbanking,none,captured,399,72,2026-07-11T18:58:25,0
pay_0034001919,order_0034001919,57920,upi,none,captured,0,0,2026-07-29T21:18:23,0
pay_0034001920,order_0034001920,19307,upi,none,captured,0,0,2026-07-10T12:46:13,0
pay_0034001921,order_0034001921,178295,card,visa,captured,3566,642,2026-07-03T14:54:21,0
pay_0034001922,order_0034001922,61794,upi,none,captured,0,0,2026-07-31T03:04:44,0
pay_0034001923,order_0034001923,131428,wallet,none,captured,2629,473,2026-07-01T03:50:16,0
pay_0034001924,order_0034001924,245103,upi,none,captured,0,0,2026-07-20T08:45:29,0
pay_0034001925,order_0034001925,57088,card,visa,captured,1142,206,2026-07-25T20:21:34,0
pay_0034001926,order_0034001926,52579,upi,none,captured,0,0,2026-07-10T17:15:41,0
pay_0034001927,order_0034001927,117017,upi,none,captured,0,0,2026-07-20T18:48:40,0
pay_0034001928,order_0034001928,154828,upi,none,captured,0,0,2026-07-25T05:30:58,0
pay_0034001929,order_0034001929,66541,card,visa,captured,1331,240,2026-07-25T11:34:16,0
pay_0034001930,order_0034001930,55211,upi,none,captured,0,0,2026-07-13T21:08:47,0
pay_0034001931,order_0034001931,8286,upi,none,captured,0,0,2026-07-29T02:50:34,0
pay_0034001932,order_0034001932,78137,upi,none,captured,0,0,2026-07-28T19:55:21,0
pay_0034001933,order_0034001933,81420,upi,none,captured,0,0,2026-07-13T12:20:31,0
pay_0034001934,order_0034001934,29724,card,rupay,captured,297,53,2026-07-16T23:14:54,0
pay_0034001935,order_0034001935,34877,upi,none,captured,157,28,2026-07-26T16:27:08,0
pay_0034001936,order_0034001936,44673,netbanking,none,failed,0,0,2026-07-29T03:59:52,0
pay_0034001937,order_0034001937,41470,upi,none,captured,0,0,2026-07-04T17:50:11,0
pay_0034001938,order_0034001938,124093,card,visa,captured,2482,447,2026-07-29T21:37:39,0
pay_0034001939,order_0034001939,165645,upi,none,captured,0,0,2026-07-05T04:13:53,0
pay_0034001940,order_0034001940,104740,wallet,none,captured,2095,377,2026-07-07T22:48:12,0
pay_0034001941,order_0034001941,28273,upi,none,failed,0,0,2026-07-09T14:44:10,0
pay_0034001942,order_0034001942,68690,upi,none,captured,0,0,2026-07-09T07:59:31,0
pay_0034001943,order_0034001943,25929,upi,none,failed,0,0,2026-07-11T04:05:08,0
pay_0034001944,order_0034001944,38097,card,visa,captured,762,137,2026-07-28T16:24:13,0
pay_0034001945,order_0034001945,29581,upi,none,captured,0,0,2026-07-15T22:00:09,0
pay_0034001946,order_0034001946,47266,wallet,none,failed,0,0,2026-07-29T00:21:49,0
pay_0034001947,order_0034001947,19328,upi,none,captured,0,0,2026-07-04T06:17:36,0
pay_0034001948,order_0034001948,138808,card,visa,captured,4581,825,2026-07-27T13:00:14,1
pay_0034001949,order_0034001949,46016,upi,none,captured,0,0,2026-07-13T20:34:03,0
pay_0034001950,order_0034001950,631595,upi,none,captured,0,0,2026-07-17T13:23:41,0
pay_0034001951,order_0034001951,8398,upi,none,captured,0,0,2026-07-04T05:32:19,0
pay_0034001952,order_0034001952,148082,card,mastercard,captured,2962,533,2026-07-22T02:13:02,0
pay_0034001953,order_0034001953,162456,upi,none,captured,0,0,2026-07-16T18:16:16,0
pay_0034001954,order_0034001954,27790,upi,none,captured,0,0,2026-07-31T05:48:19,0
pay_0034001955,order_0034001955,258844,netbanking,none,captured,4918,885,2026-07-26T23:35:24,0
pay_0034001956,order_0034001956,496952,netbanking,none,captured,9442,1700,2026-07-14T11:22:59,0
pay_0034001957,order_0034001957,75400,upi,none,captured,0,0,2026-07-19T01:40:07,0
pay_0034001958,order_0034001958,60294,upi,none,captured,0,0,2026-07-15T21:09:06,0
pay_0034001959,order_0034001959,20645,wallet,none,captured,413,74,2026-07-11T04:19:38,0
pay_0034001960,order_0034001960,143827,upi,none,failed,0,0,2026-07-09T07:37:55,0
pay_0034001961,order_0034001961,33519,card,visa,captured,670,121,2026-07-26T21:32:25,0
pay_0034001962,order_0034001962,86248,upi,none,captured,0,0,2026-07-30T18:47:46,0
pay_0034001963,order_0034001963,25182,upi,none,captured,0,0,2026-07-10T19:17:08,0
pay_0034001964,order_0034001964,86216,card,mastercard,captured,1724,310,2026-07-23T23:10:27,0
pay_0034001965,order_0034001965,101237,upi,none,captured,0,0,2026-07-12T03:17:56,0
pay_0034001966,order_0034001966,70261,upi,none,captured,0,0,2026-07-11T07:13:25,0
pay_0034001967,order_0034001967,143377,upi,none,captured,0,0,2026-07-20T07:13:05,0
pay_0034001968,order_0034001968,136330,card,visa,failed,0,0,2026-07-14T19:10:13,0
pay_0034001969,order_0034001969,21820,card,visa,captured,436,78,2026-07-30T12:09:27,0
pay_0034001970,order_0034001970,36703,upi,none,captured,0,0,2026-07-29T00:55:16,0
pay_0034001971,order_0034001971,90218,upi,none,captured,0,0,2026-07-19T23:29:07,0
pay_0034001972,order_0034001972,87240,netbanking,none,captured,1658,298,2026-07-15T01:07:52,0
pay_0034001973,order_0034001973,121431,upi,none,failed,0,0,2026-07-03T02:12:23,0
pay_0034001974,order_0034001974,49198,upi,none,captured,0,0,2026-07-25T18:20:41,0
pay_0034001975,order_0034001975,443126,upi,none,captured,0,0,2026-07-09T03:51:33,0
pay_0034001976,order_0034001976,84961,upi,none,captured,0,0,2026-07-15T01:04:14,0
pay_0034001977,order_0034001977,149464,upi,none,captured,0,0,2026-07-11T01:31:56,0
pay_0034001978,order_0034001978,21815,netbanking,none,captured,414,75,2026-07-11T02:00:06,0
pay_0034001979,order_0034001979,131866,card,visa,failed,0,0,2026-07-22T05:39:45,0
pay_0034001980,order_0034001980,148977,card,visa,captured,2980,536,2026-07-24T03:56:38,0
pay_0034001981,order_0034001981,53860,upi,none,captured,0,0,2026-07-25T22:49:02,0
pay_0034001982,order_0034001982,210473,netbanking,none,failed,0,0,2026-07-21T03:17:21,0
pay_0034001983,order_0034001983,500615,upi,none,captured,0,0,2026-07-18T21:35:41,0
pay_0034001984,order_0034001984,480676,upi,none,captured,0,0,2026-07-21T20:36:34,0
pay_0034001985,order_0034001985,105340,upi,none,captured,474,85,2026-07-17T15:59:24,0
pay_0034001986,order_0034001986,24242,upi,none,captured,0,0,2026-07-14T07:30:25,0
pay_0034001987,order_0034001987,126530,upi,none,failed,0,0,2026-07-29T23:53:11,0
pay_0034001988,order_0034001988,44830,card,rupay,captured,448,81,2026-07-14T12:23:43,0
pay_0034001989,order_0034001989,95397,upi,none,captured,0,0,2026-07-18T12:32:37,0
pay_0034001990,order_0034001990,111819,upi,none,captured,0,0,2026-07-03T23:17:56,0
pay_0034001991,order_0034001991,1020182,card,rupay,captured,10202,1836,2026-07-01T07:00:09,0
pay_0034001992,order_0034001992,80457,card,rupay,captured,805,145,2026-07-14T07:14:26,0
pay_0034001993,order_0034001993,15881,upi,none,captured,0,0,2026-07-17T08:51:45,0
pay_0034001994,order_0034001994,87216,card,rupay,captured,872,157,2026-07-12T01:33:33,0
pay_0034001995,order_0034001995,30619,upi,none,captured,0,0,2026-07-05T10:50:00,0
pay_0034001996,order_0034001996,34407,upi,none,captured,0,0,2026-07-24T00:17:01,0
pay_0034001997,order_0034001997,14598,netbanking,none,captured,277,50,2026-07-02T07:18:00,0
pay_0034001998,order_0034001998,34613,card,mastercard,captured,692,125,2026-07-19T23:16:47,0
pay_0034001999,order_0034001999,98073,upi,none,captured,0,0,2026-07-07T10:12:08,0
pay_0034002000,order_0034002000,110230,upi,none,captured,0,0,2026-07-02T02:44:01,0
pay_0034002001,order_0034002001,117258,netbanking,none,failed,0,0,2026-07-24T21:45:40,0
pay_0034002002,order_0034002002,105985,upi,none,captured,0,0,2026-07-28T17:16:02,0
pay_0034002003,order_0034002003,142235,upi,none,captured,0,0,2026-07-21T02:10:06,0
pay_0034002004,order_0034002004,53698,upi,none,captured,0,0,2026-07-24T14:20:01,0
pay_0034002005,order_0034002005,124806,upi,none,failed,0,0,2026-07-14T07:55:42,0
pay_0034002006,order_0034002006,155892,card,rupay,failed,0,0,2026-07-03T18:40:29,0
pay_0034002007,order_0034002007,47418,upi,none,captured,0,0,2026-07-09T12:41:38,0
pay_0034002008,order_0034002008,49800,card,rupay,captured,498,90,2026-07-30T23:13:03,0
pay_0034002009,order_0034002009,42670,upi,none,captured,0,0,2026-07-18T10:44:10,0
pay_0034002010,order_0034002010,527193,card,amex,captured,15816,2847,2026-07-29T23:22:09,0
pay_0034002011,order_0034002011,40788,upi,none,captured,0,0,2026-07-26T03:08:50,0
pay_0034002012,order_0034002012,76117,card,mastercard,captured,1522,274,2026-07-28T21:11:52,0
pay_0034002013,order_0034002013,134533,upi,none,captured,0,0,2026-07-06T17:37:20,0
pay_0034002014,order_0034002014,374397,upi,none,captured,0,0,2026-07-22T19:43:28,0
pay_0034002015,order_0034002015,124728,upi,none,captured,0,0,2026-07-05T15:19:50,0
pay_0034002016,order_0034002016,171658,netbanking,none,captured,3262,587,2026-07-12T03:03:41,0
pay_0034002017,order_0034002017,226000,upi,none,captured,0,0,2026-07-08T18:54:15,0
pay_0034002018,order_0034002018,32746,upi,none,captured,0,0,2026-07-11T11:00:44,0
pay_0034002019,order_0034002019,92834,card,visa,captured,1857,334,2026-07-16T18:23:59,0
pay_0034002020,order_0034002020,101573,upi,none,captured,0,0,2026-07-27T01:11:06,0
pay_0034002021,order_0034002021,46097,upi,none,captured,0,0,2026-07-03T11:12:25,0
pay_0034002022,order_0034002022,142804,upi,none,captured,0,0,2026-07-03T05:48:32,0
pay_0034002023,order_0034002023,72160,card,mastercard,captured,1443,260,2026-07-05T19:47:49,0
pay_0034002024,order_0034002024,44842,upi,none,captured,0,0,2026-07-26T19:07:17,0
pay_0034002025,order_0034002025,18700,upi,none,captured,0,0,2026-07-22T15:33:52,0
pay_0034002026,order_0034002026,795486,upi,none,captured,0,0,2026-07-16T13:13:34,0
pay_0034002027,order_0034002027,64522,upi,none,captured,0,0,2026-07-15T02:33:50,0
pay_0034002028,order_0034002028,106952,upi,none,captured,0,0,2026-07-15T02:11:01,0
pay_0034002029,order_0034002029,52156,upi,none,captured,0,0,2026-07-02T20:24:38,0
pay_0034002030,order_0034002030,22971,upi,none,captured,0,0,2026-07-26T18:27:02,0
pay_0034002031,order_0034002031,10433,upi,none,failed,0,0,2026-07-02T18:26:26,0
pay_0034002032,order_0034002032,88023,card,mastercard,captured,1760,317,2026-07-20T23:22:23,0
pay_0034002033,order_0034002033,55160,upi,none,failed,0,0,2026-07-31T08:16:43,0
pay_0034002034,order_0034002034,161758,upi,none,captured,0,0,2026-07-13T21:39:01,0
pay_0034002035,order_0034002035,22005,upi,none,captured,0,0,2026-07-17T08:14:11,0
pay_0034002036,order_0034002036,67996,upi,none,failed,0,0,2026-07-15T04:08:32,0
pay_0034002037,order_0034002037,22043,wallet,none,captured,441,79,2026-07-05T08:55:49,0
pay_0034002038,order_0034002038,7010,wallet,none,captured,140,25,2026-07-21T12:53:35,0
pay_0034002039,order_0034002039,95310,card,visa,captured,1906,343,2026-07-26T23:33:00,0
pay_0034002040,order_0034002040,81486,netbanking,none,captured,1548,279,2026-07-29T11:57:25,0
pay_0034002041,order_0034002041,185240,upi,none,failed,0,0,2026-07-03T03:01:10,0
pay_0034002042,order_0034002042,86980,netbanking,none,captured,1653,298,2026-07-24T14:20:47,0
pay_0034002043,order_0034002043,82480,upi,none,captured,0,0,2026-07-03T07:19:57,0
pay_0034002044,order_0034002044,32211,upi,none,captured,145,26,2026-07-15T16:34:20,0
pay_0034002045,order_0034002045,108343,netbanking,none,failed,0,0,2026-07-12T22:08:57,0
pay_0034002046,order_0034002046,87846,card,mastercard,captured,1757,316,2026-07-06T15:47:41,0
pay_0034002047,order_0034002047,165329,netbanking,none,captured,3141,565,2026-07-24T04:36:18,0
pay_0034002048,order_0034002048,39241,card,rupay,captured,392,71,2026-07-06T21:09:37,0
pay_0034002049,order_0034002049,47818,upi,none,captured,0,0,2026-07-10T00:52:33,0
pay_0034002050,order_0034002050,43952,netbanking,none,captured,835,150,2026-07-13T23:40:24,0
pay_0034002051,order_0034002051,409769,netbanking,none,captured,7786,73758,2026-07-23T09:41:00,0
pay_0034002052,order_0034002052,35162,upi,none,captured,0,0,2026-07-22T12:53:00,0
pay_0034002053,order_0034002053,28819,card,mastercard,captured,576,104,2026-07-01T21:31:56,0
pay_0034002054,order_0034002054,31072,upi,none,captured,0,0,2026-07-11T23:30:19,0
pay_0034002055,order_0034002055,219441,card,visa,captured,4389,790,2026-07-15T02:00:36,0
pay_0034002056,order_0034002056,248358,upi,none,captured,0,0,2026-07-13T00:43:01,0
pay_0034002057,order_0034002057,48145,upi,none,captured,0,0,2026-07-16T16:52:22,0
pay_0034002058,order_0034002058,26105,upi,none,captured,0,0,2026-07-09T17:18:54,0
pay_0034002059,order_0034002059,38940,upi,none,captured,0,0,2026-07-24T20:11:48,0
pay_0034002060,order_0034002060,83321,upi,none,captured,0,0,2026-07-12T21:17:51,0
pay_0034002061,order_0034002061,230355,card,mastercard,captured,4607,829,2026-07-04T01:00:48,0
pay_0034002062,order_0034002062,170109,upi,none,failed,0,0,2026-07-31T09:56:53,0
pay_0034002063,order_0034002063,33277,card,visa,captured,666,120,2026-07-01T14:18:29,0
pay_0034002064,order_0034002064,27564,upi,none,captured,0,0,2026-07-20T22:55:54,0
pay_0034002065,order_0034002065,169246,upi,none,captured,0,0,2026-07-10T05:08:00,0
pay_0034002066,order_0034002066,41666,upi,none,captured,0,0,2026-07-14T20:57:47,0
pay_0034002067,order_0034002067,41973,upi,none,captured,0,0,2026-07-03T02:50:39,0
pay_0034002068,order_0034002068,103011,upi,none,captured,0,0,2026-07-16T17:58:28,0
pay_0034002069,order_0034002069,48586,upi,none,captured,0,0,2026-07-22T08:35:33,0
pay_0034002070,order_0034002070,153661,card,rupay,failed,0,0,2026-07-28T17:08:54,0
pay_0034002071,order_0034002071,61172,upi,none,failed,0,0,2026-07-05T15:58:19,0
pay_0034002072,order_0034002072,83213,upi,none,captured,0,0,2026-07-14T05:29:51,0
pay_0034002073,order_0034002073,60237,upi,none,captured,0,0,2026-07-03T07:47:08,0
pay_0034002074,order_0034002074,53663,upi,none,captured,0,0,2026-07-24T17:19:38,0
pay_0034002075,order_0034002075,51558,upi,none,captured,0,0,2026-07-02T19:12:30,0
pay_0034002076,order_0034002076,101112,netbanking,none,captured,1921,346,2026-07-08T03:23:05,0
pay_0034002077,order_0034002077,240261,upi,none,captured,0,0,2026-07-16T08:22:42,0
pay_0034002078,order_0034002078,109814,upi,none,captured,0,0,2026-07-29T10:37:13,0
pay_0034002079,order_0034002079,253101,upi,none,captured,0,0,2026-07-31T05:37:48,0
pay_0034002080,order_0034002080,56830,upi,none,captured,0,0,2026-07-26T02:42:05,0
pay_0034002081,order_0034002081,108664,netbanking,none,failed,0,0,2026-07-13T04:22:56,0
pay_0034002082,order_0034002082,51190,upi,none,captured,0,0,2026-07-08T17:59:29,0
pay_0034002083,order_0034002083,93607,upi,none,captured,0,0,2026-07-03T22:29:19,0
pay_0034002084,order_0034002084,20455,upi,none,captured,0,0,2026-07-29T00:48:34,0
pay_0034002085,order_0034002085,71984,card,visa,captured,1440,259,2026-07-07T18:36:56,0
pay_0034002086,order_0034002086,54948,card,mastercard,captured,1813,326,2026-07-14T21:20:33,1
pay_0034002087,order_0034002087,55807,netbanking,none,captured,1060,191,2026-07-06T03:28:22,0
pay_0034002088,order_0034002088,55416,upi,none,failed,0,0,2026-07-28T06:05:54,0
pay_0034002089,order_0034002089,153948,upi,none,captured,0,0,2026-07-24T08:59:29,0
pay_0034002090,order_0034002090,39284,upi,none,captured,0,0,2026-07-08T16:16:40,0
pay_0034002091,order_0034002091,64510,netbanking,none,captured,1226,221,2026-07-30T15:07:39,0
pay_0034002092,order_0034002092,33869,netbanking,none,captured,644,116,2026-07-09T18:10:43,0
pay_0034002093,order_0034002093,79230,upi,none,captured,0,0,2026-07-31T16:00:21,0
pay_0034002094,order_0034002094,95946,upi,none,captured,0,0,2026-07-29T23:17:16,0
pay_0034002095,order_0034002095,34601,upi,none,captured,0,0,2026-07-09T01:15:31,0
pay_0034002096,order_0034002096,88057,wallet,none,captured,1761,317,2026-07-13T12:30:22,0
pay_0034002097,order_0034002097,44544,upi,none,captured,0,0,2026-07-25T06:34:43,0
pay_0034002098,order_0034002098,636755,card,amex,captured,19103,3439,2026-07-18T23:41:04,0
pay_0034002099,order_0034002099,48663,upi,none,captured,0,0,2026-07-29T10:55:21,0
pay_0034002100,order_0034002100,69210,card,mastercard,captured,1384,249,2026-07-25T17:56:21,0
pay_0034002101,order_0034002101,286578,upi,none,captured,0,0,2026-07-04T03:59:13,0
pay_0034002102,order_0034002102,163994,upi,none,captured,0,0,2026-07-10T20:09:55,0
pay_0034002103,order_0034002103,25121,upi,none,captured,0,0,2026-07-16T00:43:20,0
pay_0034002104,order_0034002104,144384,upi,none,captured,0,0,2026-07-01T23:15:47,0
pay_0034002105,order_0034002105,45138,netbanking,none,captured,858,154,2026-07-04T02:48:56,0
pay_0034002106,order_0034002106,43787,netbanking,none,captured,832,150,2026-07-04T10:10:29,0
pay_0034002107,order_0034002107,179924,upi,none,captured,0,0,2026-07-19T20:10:39,0
pay_0034002108,order_0034002108,33431,upi,none,captured,0,0,2026-07-19T17:24:35,0
pay_0034002109,order_0034002109,54386,upi,none,captured,0,0,2026-07-13T08:09:13,0
pay_0034002110,order_0034002110,32224,upi,none,failed,0,0,2026-07-01T21:05:18,0
pay_0034002111,order_0034002111,183560,upi,none,captured,0,0,2026-07-27T00:30:54,0
pay_0034002112,order_0034002112,90836,card,visa,captured,1817,327,2026-07-09T14:49:13,0
pay_0034002113,order_0034002113,180821,upi,none,captured,0,0,2026-07-24T00:19:32,0
pay_0034002114,order_0034002114,169444,upi,none,captured,0,0,2026-07-01T15:04:38,0
pay_0034002115,order_0034002115,75311,netbanking,none,failed,0,0,2026-07-06T02:34:29,0
pay_0034002116,order_0034002116,25823,upi,none,captured,0,0,2026-07-02T20:17:09,0
pay_0034002117,order_0034002117,10548,card,visa,captured,211,38,2026-07-27T16:39:29,0
pay_0034002118,order_0034002118,57009,upi,none,captured,0,0,2026-07-23T02:17:12,0
pay_0034002119,order_0034002119,39426,upi,none,captured,0,0,2026-07-29T10:53:02,0
pay_0034002120,order_0034002120,49431,card,mastercard,captured,989,178,2026-07-11T22:36:16,0
pay_0034002121,order_0034002121,108966,upi,none,captured,0,0,2026-07-16T12:27:06,0
pay_0034002122,order_0034002122,245569,upi,none,captured,0,0,2026-07-13T16:30:20,0
pay_0034002123,order_0034002123,25814,upi,none,captured,0,0,2026-07-09T03:27:18,0
pay_0034002124,order_0034002124,23215,card,visa,failed,0,0,2026-07-04T09:28:12,0
pay_0034002125,order_0034002125,9446,upi,none,captured,0,0,2026-07-05T08:54:39,0
pay_0034002126,order_0034002126,34827,upi,none,failed,0,0,2026-07-08T15:37:46,0
pay_0034002127,order_0034002127,122721,upi,none,captured,0,0,2026-07-30T23:20:03,0
pay_0034002128,order_0034002128,230907,wallet,none,captured,4618,831,2026-07-15T06:17:36,0
pay_0034002129,order_0034002129,122061,upi,none,captured,0,0,2026-07-15T15:06:21,0
pay_0034002130,order_0034002130,79134,upi,none,captured,0,0,2026-07-10T01:34:33,0
pay_0034002131,order_0034002131,124417,netbanking,none,captured,2364,426,2026-07-31T03:11:29,0
pay_0034002132,order_0034002132,117791,upi,none,captured,0,0,2026-07-18T13:19:15,0
pay_0034002133,order_0034002133,16662,card,rupay,captured,167,30,2026-07-09T19:01:30,0
pay_0034002134,order_0034002134,196281,netbanking,none,captured,3729,671,2026-07-30T21:28:41,0
pay_0034002135,order_0034002135,46393,upi,none,captured,0,0,2026-07-30T14:55:21,0
pay_0034002136,order_0034002136,27770,card,visa,captured,916,165,2026-07-03T14:55:33,1
pay_0034002137,order_0034002137,318806,upi,none,captured,0,0,2026-07-12T20:47:36,0
pay_0034002138,order_0034002138,880239,netbanking,none,captured,16725,3011,2026-07-09T16:49:10,0
pay_0034002139,order_0034002139,34851,upi,none,captured,0,0,2026-07-22T05:18:34,0
pay_0034002140,order_0034002140,49327,upi,none,captured,0,0,2026-07-13T14:51:22,0
pay_0034002141,order_0034002141,137880,card,mastercard,captured,2758,496,2026-07-31T12:01:08,0
pay_0034002142,order_0034002142,208566,card,mastercard,captured,4171,751,2026-07-26T04:48:44,0
pay_0034002143,order_0034002143,67527,upi,none,captured,0,0,2026-07-29T04:34:57,0
pay_0034002144,order_0034002144,367940,upi,none,captured,0,0,2026-07-23T19:07:38,0
pay_0034002145,order_0034002145,40494,upi,none,captured,0,0,2026-07-22T03:37:10,0
pay_0034002146,order_0034002146,30445,card,visa,captured,609,110,2026-07-04T20:44:16,0
pay_0034002147,order_0034002147,185441,card,mastercard,captured,3709,668,2026-07-08T09:13:28,0
pay_0034002148,order_0034002148,337336,upi,none,captured,0,0,2026-07-13T01:14:40,0
pay_0034002149,order_0034002149,80434,upi,none,captured,0,0,2026-07-26T16:50:26,0
pay_0034002150,order_0034002150,42103,card,visa,captured,842,152,2026-07-19T19:01:42,0
pay_0034002151,order_0034002151,216545,netbanking,none,captured,4114,741,2026-07-19T14:23:35,0
pay_0034002152,order_0034002152,31161,card,rupay,captured,312,56,2026-07-25T00:32:12,0
pay_0034002153,order_0034002153,107443,netbanking,none,captured,2041,367,2026-07-31T06:08:59,0
pay_0034002154,order_0034002154,254957,upi,none,captured,0,0,2026-07-29T12:15:54,0
pay_0034002155,order_0034002155,125295,netbanking,none,captured,2381,429,2026-07-02T21:07:07,0
pay_0034002156,order_0034002156,65433,upi,none,captured,0,0,2026-07-27T18:42:33,0
pay_0034002157,order_0034002157,171225,netbanking,none,captured,3253,586,2026-07-04T11:42:59,0
pay_0034002158,order_0034002158,398815,card,mastercard,captured,7976,1436,2026-07-15T22:28:16,0
pay_0034002159,order_0034002159,57691,card,rupay,captured,577,104,2026-07-02T09:09:38,0
pay_0034002160,order_0034002160,54034,card,mastercard,captured,1081,195,2026-07-27T04:23:54,0
pay_0034002161,order_0034002161,23803,upi,none,captured,0,0,2026-07-30T05:53:29,0
pay_0034002162,order_0034002162,154639,wallet,none,failed,0,0,2026-07-03T08:56:31,0
pay_0034002163,order_0034002163,86439,upi,none,captured,0,0,2026-07-09T00:08:31,0
pay_0034002164,order_0034002164,108071,upi,none,captured,0,0,2026-07-27T21:41:10,0
pay_0034002165,order_0034002165,78145,upi,none,captured,0,0,2026-07-08T14:45:27,0
pay_0034002166,order_0034002166,14851,upi,none,captured,0,0,2026-07-27T11:22:36,0
pay_0034002167,order_0034002167,18867,card,mastercard,captured,377,68,2026-07-28T01:31:29,0
pay_0034002168,order_0034002168,20167,upi,none,captured,0,0,2026-07-05T05:01:36,0
pay_0034002169,order_0034002169,57777,card,mastercard,captured,1156,208,2026-07-14T16:24:17,0
pay_0034002170,order_0034002170,36731,upi,none,captured,0,0,2026-07-21T18:27:50,0
pay_0034002171,order_0034002171,237727,upi,none,captured,0,0,2026-07-18T00:53:26,0
pay_0034002172,order_0034002172,18282,upi,none,failed,0,0,2026-07-30T01:42:16,0
pay_0034002173,order_0034002173,211719,upi,none,captured,0,0,2026-07-07T19:27:59,0
pay_0034002174,order_0034002174,47781,upi,none,captured,0,0,2026-07-08T12:44:10,0
pay_0034002175,order_0034002175,27082,upi,none,captured,0,0,2026-07-30T20:31:21,0
pay_0034002176,order_0034002176,107298,upi,none,captured,0,0,2026-07-27T19:16:30,0
pay_0034002177,order_0034002177,234511,upi,none,captured,0,0,2026-07-29T04:27:39,0
pay_0034002178,order_0034002178,34022,card,visa,failed,0,0,2026-07-14T19:22:35,0
pay_0034002179,order_0034002179,245398,upi,none,captured,0,0,2026-07-23T06:43:54,0
pay_0034002180,order_0034002180,156070,card,rupay,captured,1561,281,2026-07-25T06:20:22,0
pay_0034002181,order_0034002181,251225,upi,none,captured,0,0,2026-07-23T13:45:34,0
pay_0034002182,order_0034002182,40555,card,rupay,failed,0,0,2026-07-14T14:34:29,0
pay_0034002183,order_0034002183,154259,upi,none,captured,0,0,2026-07-22T07:33:22,0
pay_0034002184,order_0034002184,55857,card,visa,captured,1117,201,2026-07-29T20:24:16,0
pay_0034002185,order_0034002185,21278,upi,none,captured,0,0,2026-07-18T16:58:04,0
pay_0034002186,order_0034002186,60686,upi,none,captured,0,0,2026-07-04T06:25:58,0
pay_0034002187,order_0034002187,460908,upi,none,captured,0,0,2026-07-10T23:23:36,0
pay_0034002188,order_0034002188,268296,card,visa,failed,0,0,2026-07-28T02:40:56,0
pay_0034002189,order_0034002189,476083,upi,none,captured,0,0,2026-07-13T09:19:52,0
pay_0034002190,order_0034002190,15300,upi,none,captured,0,0,2026-07-31T22:24:12,0
pay_0034002191,order_0034002191,178763,upi,none,captured,0,0,2026-07-23T05:37:33,0
pay_0034002192,order_0034002192,62294,upi,none,captured,0,0,2026-07-08T15:21:00,0
pay_0034002193,order_0034002193,41694,card,mastercard,captured,834,150,2026-07-20T11:13:53,0
pay_0034002194,order_0034002194,17912,card,mastercard,captured,358,64,2026-07-11T02:47:16,0
pay_0034002195,order_0034002195,121790,upi,none,captured,0,0,2026-07-08T05:00:31,0
pay_0034002196,order_0034002196,28465,wallet,none,captured,569,102,2026-07-22T13:18:03,0
pay_0034002197,order_0034002197,13787,card,rupay,captured,138,25,2026-07-31T13:52:18,0
pay_0034002198,order_0034002198,52379,upi,none,captured,0,0,2026-07-06T16:20:29,0
pay_0034002199,order_0034002199,78449,upi,none,captured,0,0,2026-07-02T14:28:23,0
pay_0034002200,order_0034002200,8097,upi,none,captured,0,0,2026-07-08T06:37:25,0
pay_0034002201,order_0034002201,38685,upi,none,captured,174,31,2026-07-29T21:27:50,0
pay_0034002202,order_0034002202,46308,card,rupay,captured,463,83,2026-07-24T13:36:42,0
pay_0034002203,order_0034002203,30158,upi,none,captured,0,0,2026-07-08T17:30:30,0
pay_0034002204,order_0034002204,58176,wallet,none,captured,1164,210,2026-07-01T08:40:20,0
pay_0034002205,order_0034002205,144502,upi,none,captured,0,0,2026-07-01T17:32:36,0
pay_0034002206,order_0034002206,124387,upi,none,captured,0,0,2026-07-06T11:21:08,0
pay_0034002207,order_0034002207,12174,upi,none,captured,0,0,2026-07-30T07:48:35,0
pay_0034002208,order_0034002208,75826,card,visa,captured,1517,273,2026-07-19T00:01:55,0
pay_0034002209,order_0034002209,153474,upi,none,captured,0,0,2026-07-15T19:21:43,0
pay_0034002210,order_0034002210,25039,upi,none,failed,0,0,2026-07-17T20:24:35,0
pay_0034002211,order_0034002211,777678,card,visa,failed,0,0,2026-07-17T00:14:29,0
pay_0034002212,order_0034002212,115655,upi,none,captured,0,0,2026-07-04T03:25:28,0
pay_0034002213,order_0034002213,26068,wallet,none,captured,521,94,2026-07-29T05:15:01,0
pay_0034002214,order_0034002214,409484,netbanking,none,captured,7780,1400,2026-07-13T19:13:13,0
pay_0034002215,order_0034002215,9501,upi,none,captured,0,0,2026-07-02T04:52:49,0
pay_0034002216,order_0034002216,167578,netbanking,none,captured,3184,573,2026-07-31T14:12:41,0
pay_0034002217,order_0034002217,108096,upi,none,captured,0,0,2026-07-31T13:52:25,0
pay_0034002218,order_0034002218,104050,upi,none,captured,0,0,2026-07-14T02:43:09,0
pay_0034002219,order_0034002219,75847,upi,none,captured,0,0,2026-07-26T01:04:03,0
pay_0034002220,order_0034002220,47934,card,mastercard,captured,959,173,2026-07-22T04:28:28,0
pay_0034002221,order_0034002221,25271,upi,none,captured,0,0,2026-07-14T02:54:25,0
pay_0034002222,order_0034002222,56235,card,rupay,captured,562,101,2026-07-10T23:03:11,0
pay_0034002223,order_0034002223,59740,upi,none,captured,0,0,2026-07-10T07:46:24,0
pay_0034002224,order_0034002224,44400,netbanking,none,captured,844,152,2026-07-15T21:47:30,0
pay_0034002225,order_0034002225,185533,wallet,none,captured,3711,668,2026-07-03T04:17:09,0
pay_0034002226,order_0034002226,38121,upi,none,captured,0,0,2026-07-26T15:07:48,0
pay_0034002227,order_0034002227,957063,upi,none,captured,0,0,2026-07-03T16:01:50,0
pay_0034002228,order_0034002228,25466,upi,none,captured,0,0,2026-07-22T20:41:17,0
pay_0034002229,order_0034002229,55130,upi,none,failed,0,0,2026-07-12T07:35:05,0
pay_0034002230,order_0034002230,24755,upi,none,failed,0,0,2026-07-07T01:43:43,0
pay_0034002231,order_0034002231,218030,upi,none,captured,0,0,2026-07-10T02:11:42,0
pay_0034002232,order_0034002232,119749,upi,none,captured,0,0,2026-07-23T22:29:33,0
pay_0034002233,order_0034002233,92117,upi,none,captured,0,0,2026-07-23T03:58:14,0
pay_0034002234,order_0034002234,125085,card,visa,captured,2502,450,2026-07-20T21:46:36,0
pay_0034002235,order_0034002235,107723,upi,none,captured,485,87,2026-07-28T11:56:12,0
pay_0034002236,order_0034002236,139351,card,amex,captured,4181,753,2026-07-18T03:17:11,0
pay_0034002237,order_0034002237,236221,card,mastercard,captured,4724,850,2026-07-06T09:09:06,0
pay_0034002238,order_0034002238,92813,netbanking,none,captured,1763,317,2026-07-13T01:04:21,0
pay_0034002239,order_0034002239,14243,upi,none,captured,0,0,2026-07-14T14:20:29,0
pay_0034002240,order_0034002240,40799,upi,none,captured,0,0,2026-07-07T11:05:53,0
pay_0034002241,order_0034002241,32430,card,rupay,captured,324,58,2026-07-14T14:39:29,0
pay_0034002242,order_0034002242,25961,wallet,none,captured,519,93,2026-07-13T06:39:16,0
pay_0034002243,order_0034002243,687578,card,visa,captured,13752,2475,2026-07-20T03:58:17,0
pay_0034002244,order_0034002244,31034,upi,none,captured,140,25,2026-07-18T00:55:38,0
pay_0034002245,order_0034002245,73595,upi,none,captured,0,0,2026-07-19T21:44:22,0
pay_0034002246,order_0034002246,37646,upi,none,captured,0,0,2026-07-03T17:49:16,0
pay_0034002247,order_0034002247,144528,upi,none,captured,0,0,2026-07-05T16:42:47,0
pay_0034002248,order_0034002248,82804,upi,none,captured,0,0,2026-07-28T05:13:45,0
pay_0034002249,order_0034002249,78045,card,visa,captured,1561,281,2026-07-01T01:59:02,0
pay_0034002250,order_0034002250,32022,upi,none,captured,0,0,2026-07-21T22:30:33,0
pay_0034002251,order_0034002251,290514,card,visa,captured,5810,1046,2026-07-11T22:50:19,0
pay_0034002252,order_0034002252,221638,upi,none,captured,0,0,2026-07-31T18:35:50,0
pay_0034002253,order_0034002253,43340,card,rupay,captured,433,78,2026-07-05T19:47:37,0
pay_0034002254,order_0034002254,24925,netbanking,none,captured,474,85,2026-07-31T20:00:45,0
pay_0034002255,order_0034002255,55226,upi,none,failed,0,0,2026-07-03T03:30:37,0
pay_0034002256,order_0034002256,85299,upi,none,captured,0,0,2026-07-23T05:19:37,0
pay_0034002257,order_0034002257,92309,card,rupay,captured,923,166,2026-07-12T19:22:39,0
pay_0034002258,order_0034002258,44397,upi,none,captured,0,0,2026-07-10T18:59:03,0
pay_0034002259,order_0034002259,41624,upi,none,captured,0,0,2026-07-06T08:06:39,0
pay_0034002260,order_0034002260,63660,upi,none,captured,0,0,2026-07-11T07:23:56,0
pay_0034002261,order_0034002261,34050,card,visa,captured,681,123,2026-07-01T18:38:10,0
pay_0034002262,order_0034002262,52805,card,rupay,captured,528,95,2026-07-19T05:30:16,0
pay_0034002263,order_0034002263,22055,upi,none,captured,0,0,2026-07-15T16:55:23,0
pay_0034002264,order_0034002264,236412,upi,none,captured,0,0,2026-07-04T19:11:53,0
pay_0034002265,order_0034002265,105178,upi,none,captured,0,0,2026-07-02T08:20:47,0
pay_0034002266,order_0034002266,52648,upi,none,captured,0,0,2026-07-26T06:42:15,0
pay_0034002267,order_0034002267,33034,card,visa,captured,661,119,2026-07-07T15:01:24,0
pay_0034002268,order_0034002268,35386,netbanking,none,failed,0,0,2026-07-19T13:23:20,0
pay_0034002269,order_0034002269,12517,card,visa,captured,250,45,2026-07-12T09:34:53,0
pay_0034002270,order_0034002270,246430,card,rupay,captured,2464,44357,2026-07-16T12:51:37,0
pay_0034002271,order_0034002271,201622,upi,none,failed,0,0,2026-07-31T10:19:34,0
pay_0034002272,order_0034002272,100490,card,mastercard,captured,2010,362,2026-07-28T18:15:19,0
pay_0034002273,order_0034002273,70304,upi,none,captured,0,0,2026-07-06T05:36:45,0
pay_0034002274,order_0034002274,418396,upi,none,failed,0,0,2026-07-27T08:07:58,0
pay_0034002275,order_0034002275,155527,upi,none,captured,0,0,2026-07-10T17:32:14,0
pay_0034002276,order_0034002276,182987,upi,none,captured,0,0,2026-07-06T08:44:24,0
pay_0034002277,order_0034002277,108371,upi,none,captured,0,0,2026-07-17T12:08:36,0
pay_0034002278,order_0034002278,382745,card,rupay,captured,3827,689,2026-07-14T21:24:48,0
pay_0034002279,order_0034002279,24040,upi,none,captured,0,0,2026-07-04T16:03:36,0
pay_0034002280,order_0034002280,33487,upi,none,captured,0,0,2026-07-13T00:27:53,0
pay_0034002281,order_0034002281,80401,upi,none,captured,0,0,2026-07-14T10:13:33,0
pay_0034002282,order_0034002282,73999,wallet,none,captured,1480,266,2026-07-16T23:24:59,0
pay_0034002283,order_0034002283,67793,upi,none,captured,0,0,2026-07-04T18:21:22,0
pay_0034002284,order_0034002284,73139,upi,none,captured,0,0,2026-07-24T23:12:19,0
pay_0034002285,order_0034002285,62897,upi,none,captured,0,0,2026-07-30T09:15:43,0
pay_0034002286,order_0034002286,73664,upi,none,captured,0,0,2026-07-03T13:28:16,0
pay_0034002287,order_0034002287,214387,upi,none,captured,0,0,2026-07-10T03:03:32,0
pay_0034002288,order_0034002288,39271,upi,none,captured,0,0,2026-07-15T08:23:35,0
pay_0034002289,order_0034002289,28423,card,mastercard,captured,568,102,2026-07-29T17:48:52,0
pay_0034002290,order_0034002290,97527,upi,none,captured,0,0,2026-07-16T15:44:34,0
pay_0034002291,order_0034002291,81699,upi,none,captured,0,0,2026-07-16T10:12:27,0
pay_0034002292,order_0034002292,35057,card,visa,captured,701,126,2026-07-14T11:21:59,0
pay_0034002293,order_0034002293,17800,upi,none,captured,0,0,2026-07-28T17:03:18,0
pay_0034002294,order_0034002294,127110,upi,none,captured,0,0,2026-07-26T15:15:19,0
pay_0034002295,order_0034002295,30596,upi,none,captured,0,0,2026-07-29T02:05:21,0
pay_0034002296,order_0034002296,54751,upi,none,failed,0,0,2026-07-14T23:51:30,0
pay_0034002297,order_0034002297,37857,upi,none,captured,0,0,2026-07-13T13:49:36,0
pay_0034002298,order_0034002298,73565,card,rupay,captured,736,132,2026-07-12T15:10:30,0
pay_0034002299,order_0034002299,67027,upi,none,captured,0,0,2026-07-03T09:57:33,0
pay_0034002300,order_0034002300,181323,upi,none,captured,0,0,2026-07-15T11:47:29,0
pay_0034002301,order_0034002301,116188,card,mastercard,captured,2324,418,2026-07-27T23:33:02,0
pay_0034002302,order_0034002302,45423,upi,none,failed,0,0,2026-07-12T16:33:33,0
pay_0034002303,order_0034002303,178884,upi,none,captured,0,0,2026-07-24T09:06:37,0
pay_0034002304,order_0034002304,30464,card,rupay,captured,305,55,2026-07-30T23:20:53,0
pay_0034002305,order_0034002305,32546,upi,none,captured,0,0,2026-07-25T13:35:30,0
pay_0034002306,order_0034002306,70635,upi,none,captured,0,0,2026-07-30T16:11:05,0
pay_0034002307,order_0034002307,48403,upi,none,captured,0,0,2026-07-03T10:54:57,0
pay_0034002308,order_0034002308,82966,upi,none,captured,0,0,2026-07-09T02:10:59,0
pay_0034002309,order_0034002309,39853,upi,none,captured,0,0,2026-07-19T08:49:22,0
pay_0034002310,order_0034002310,14860,upi,none,captured,0,0,2026-07-18T13:57:29,0
pay_0034002311,order_0034002311,196345,upi,none,captured,0,0,2026-07-09T02:17:33,0
pay_0034002312,order_0034002312,37389,card,visa,captured,748,135,2026-07-27T13:56:18,0
pay_0034002313,order_0034002313,103945,card,visa,captured,2079,374,2026-07-09T17:41:50,0
pay_0034002314,order_0034002314,76632,upi,none,captured,0,0,2026-07-05T15:05:23,0
pay_0034002315,order_0034002315,82746,card,visa,captured,1655,298,2026-07-03T10:00:44,0
pay_0034002316,order_0034002316,70669,upi,none,captured,0,0,2026-07-02T22:42:36,0
pay_0034002317,order_0034002317,61389,upi,none,captured,0,0,2026-07-03T03:30:13,0
pay_0034002318,order_0034002318,11044,upi,none,failed,0,0,2026-07-02T15:34:04,0
pay_0034002319,order_0034002319,49541,card,visa,captured,991,178,2026-07-09T08:37:21,0
pay_0034002320,order_0034002320,90420,upi,none,captured,0,0,2026-07-16T22:52:06,0
pay_0034002321,order_0034002321,22648,card,visa,captured,453,82,2026-07-09T13:14:55,0
pay_0034002322,order_0034002322,219281,netbanking,none,captured,4166,750,2026-07-11T03:06:31,0
pay_0034002323,order_0034002323,65508,upi,none,captured,0,0,2026-07-24T21:08:50,0
pay_0034002324,order_0034002324,27682,upi,none,failed,0,0,2026-07-29T22:46:24,0
pay_0034002325,order_0034002325,179126,upi,none,captured,0,0,2026-07-02T09:42:44,0
pay_0034002326,order_0034002326,142206,upi,none,captured,0,0,2026-07-22T04:51:40,0
pay_0034002327,order_0034002327,105822,netbanking,none,captured,2011,362,2026-07-31T08:21:45,0
pay_0034002328,order_0034002328,56092,upi,none,captured,0,0,2026-07-01T18:22:34,0
pay_0034002329,order_0034002329,86086,upi,none,captured,0,0,2026-07-01T14:26:14,0
pay_0034002330,order_0034002330,204060,upi,none,captured,0,0,2026-07-27T23:00:43,0
pay_0034002331,order_0034002331,48291,card,visa,captured,966,174,2026-07-09T01:53:07,0
pay_0034002332,order_0034002332,189934,upi,none,captured,0,0,2026-07-06T23:58:32,0
pay_0034002333,order_0034002333,120398,upi,none,captured,0,0,2026-07-29T11:58:40,0
pay_0034002334,order_0034002334,74472,upi,none,captured,0,0,2026-07-02T01:04:56,0
pay_0034002335,order_0034002335,139260,wallet,none,captured,2785,501,2026-07-18T09:43:08,0
pay_0034002336,order_0034002336,18574,upi,none,captured,0,0,2026-07-02T22:07:30,0
pay_0034002337,order_0034002337,96206,card,visa,captured,1924,346,2026-07-18T13:47:23,0
pay_0034002338,order_0034002338,43072,upi,none,captured,0,0,2026-07-20T01:28:57,0
pay_0034002339,order_0034002339,59212,upi,none,captured,0,0,2026-07-07T08:50:10,0
pay_0034002340,order_0034002340,31550,card,mastercard,captured,631,114,2026-07-17T02:11:03,0
pay_0034002341,order_0034002341,106156,upi,none,captured,0,0,2026-07-14T03:07:57,0
pay_0034002342,order_0034002342,61262,upi,none,captured,0,0,2026-07-01T21:01:26,0
pay_0034002343,order_0034002343,452713,upi,none,failed,0,0,2026-07-22T18:18:48,0
pay_0034002344,order_0034002344,87064,wallet,none,captured,1741,313,2026-07-12T11:23:00,0
pay_0034002345,order_0034002345,132952,upi,none,captured,0,0,2026-07-19T16:02:48,0
pay_0034002346,order_0034002346,53424,upi,none,captured,0,0,2026-07-30T11:25:07,0
pay_0034002347,order_0034002347,98361,upi,none,captured,0,0,2026-07-08T11:42:31,0
pay_0034002348,order_0034002348,112542,netbanking,none,captured,2138,385,2026-07-25T20:33:58,0
pay_0034002349,order_0034002349,112491,card,visa,failed,0,0,2026-07-28T20:41:05,0
pay_0034002350,order_0034002350,59067,upi,none,failed,0,0,2026-07-15T03:46:16,0
pay_0034002351,order_0034002351,81157,upi,none,captured,0,0,2026-07-31T10:10:53,0
pay_0034002352,order_0034002352,39581,upi,none,failed,0,0,2026-07-17T13:04:26,0
pay_0034002353,order_0034002353,352339,card,visa,captured,7047,1268,2026-07-30T13:45:44,0
pay_0034002354,order_0034002354,117653,upi,none,captured,0,0,2026-07-10T00:34:19,0
pay_0034002355,order_0034002355,54193,upi,none,captured,0,0,2026-07-07T15:34:13,0
pay_0034002356,order_0034002356,37116,card,visa,captured,742,134,2026-07-29T00:07:23,0
pay_0034002357,order_0034002357,64468,upi,none,failed,0,0,2026-07-18T13:00:47,0
pay_0034002358,order_0034002358,177459,upi,none,captured,0,0,2026-07-10T22:12:14,0
pay_0034002359,order_0034002359,1001941,upi,none,captured,0,0,2026-07-06T06:42:46,0
pay_0034002360,order_0034002360,61996,upi,none,failed,0,0,2026-07-14T22:17:14,0
pay_0034002361,order_0034002361,55228,upi,none,captured,0,0,2026-07-10T13:20:11,0
pay_0034002362,order_0034002362,103960,upi,none,captured,0,0,2026-07-04T17:46:54,0
pay_0034002363,order_0034002363,122604,upi,none,failed,0,0,2026-07-14T19:22:03,0
pay_0034002364,order_0034002364,32105,upi,none,captured,0,0,2026-07-07T20:10:47,0
pay_0034002365,order_0034002365,86493,upi,none,captured,0,0,2026-07-03T04:56:15,0
pay_0034002366,order_0034002366,63026,upi,none,captured,0,0,2026-07-10T02:38:49,0
pay_0034002367,order_0034002367,67287,upi,none,captured,0,0,2026-07-25T01:27:39,0
pay_0034002368,order_0034002368,85391,upi,none,captured,0,0,2026-07-14T01:28:43,0
pay_0034002369,order_0034002369,90525,upi,none,captured,0,0,2026-07-25T22:12:42,0
pay_0034002370,order_0034002370,87686,wallet,none,captured,1754,316,2026-07-19T20:16:43,0
pay_0034002371,order_0034002371,231935,upi,none,failed,0,0,2026-07-13T10:54:15,0
pay_0034002372,order_0034002372,141554,upi,none,captured,0,0,2026-07-06T13:01:26,0
pay_0034002373,order_0034002373,154135,card,rupay,captured,1541,277,2026-07-07T21:55:46,0
pay_0034002374,order_0034002374,186651,upi,none,captured,840,151,2026-07-28T20:49:18,0
pay_0034002375,order_0034002375,64424,upi,none,failed,0,0,2026-07-07T17:43:12,0
pay_0034002376,order_0034002376,15526,upi,none,captured,0,0,2026-07-12T01:10:54,0
pay_0034002377,order_0034002377,65922,upi,none,captured,0,0,2026-07-18T18:53:56,0
pay_0034002378,order_0034002378,236201,upi,none,captured,0,0,2026-07-19T10:39:37,0
pay_0034002379,order_0034002379,40377,upi,none,captured,0,0,2026-07-25T21:59:45,0
pay_0034002380,order_0034002380,51262,card,visa,captured,1025,185,2026-07-09T03:50:43,0
pay_0034002381,order_0034002381,90689,upi,none,failed,0,0,2026-07-02T12:57:29,0
pay_0034002382,order_0034002382,34380,upi,none,captured,0,0,2026-07-16T16:58:22,0
pay_0034002383,order_0034002383,90075,upi,none,failed,0,0,2026-07-10T08:47:41,0
pay_0034002384,order_0034002384,109409,upi,none,captured,0,0,2026-07-31T13:42:10,0
pay_0034002385,order_0034002385,7506,upi,none,failed,0,0,2026-07-16T07:36:43,0
pay_0034002386,order_0034002386,186050,card,amex,captured,5582,33489,2026-07-31T20:21:55,0
pay_0034002387,order_0034002387,46276,upi,none,captured,0,0,2026-07-16T19:58:41,0
pay_0034002388,order_0034002388,18482,upi,none,captured,0,0,2026-07-22T22:46:01,0
pay_0034002389,order_0034002389,23402,upi,none,captured,0,0,2026-07-28T00:37:13,0
pay_0034002390,order_0034002390,78277,upi,none,captured,0,0,2026-07-18T16:57:02,0
pay_0034002391,order_0034002391,100483,wallet,none,failed,0,0,2026-07-28T23:45:27,0
pay_0034002392,order_0034002392,6942,card,visa,captured,229,41,2026-07-12T16:32:53,1
pay_0034002393,order_0034002393,217013,netbanking,none,failed,0,0,2026-07-15T03:25:15,0
pay_0034002394,order_0034002394,254038,netbanking,none,failed,0,0,2026-07-06T19:58:26,0
pay_0034002395,order_0034002395,78716,upi,none,captured,0,0,2026-07-21T13:23:27,0
pay_0034002396,order_0034002396,82591,upi,none,captured,0,0,2026-07-13T18:52:00,0
pay_0034002397,order_0034002397,59093,card,rupay,captured,591,106,2026-07-05T09:05:38,0
pay_0034002398,order_0034002398,54775,upi,none,captured,0,0,2026-07-30T16:13:11,0
pay_0034002399,order_0034002399,28980,upi,none,captured,0,0,2026-07-20T06:53:57,0
pay_0034002400,order_0034002400,110502,upi,none,captured,0,0,2026-07-07T13:54:44,0
pay_0034002401,order_0034002401,189355,upi,none,captured,0,0,2026-07-04T17:00:57,0
pay_0034002402,order_0034002402,79177,upi,none,captured,0,0,2026-07-13T19:07:48,0
pay_0034002403,order_0034002403,19650,upi,none,failed,0,0,2026-07-28T02:18:21,0
pay_0034002404,order_0034002404,101727,upi,none,failed,0,0,2026-07-29T15:06:53,0
pay_0034002405,order_0034002405,77570,upi,none,captured,0,0,2026-07-09T14:44:22,0
pay_0034002406,order_0034002406,73460,upi,none,captured,331,60,2026-07-20T05:14:29,0
pay_0034002407,order_0034002407,46455,upi,none,captured,0,0,2026-07-31T16:20:44,0
pay_0034002408,order_0034002408,53655,upi,none,captured,0,0,2026-07-12T21:54:55,0
pay_0034002409,order_0034002409,318182,upi,none,captured,0,0,2026-07-05T23:01:10,0
pay_0034002410,order_0034002410,30302,upi,none,captured,0,0,2026-07-18T09:03:07,0
pay_0034002411,order_0034002411,352635,upi,none,captured,0,0,2026-07-07T15:25:02,0
pay_0034002412,order_0034002412,128011,upi,none,captured,0,0,2026-07-04T16:31:17,0
pay_0034002413,order_0034002413,56091,upi,none,captured,0,0,2026-07-04T16:32:10,0
pay_0034002414,order_0034002414,132077,upi,none,captured,0,0,2026-07-21T09:17:06,0
pay_0034002415,order_0034002415,63909,upi,none,captured,0,0,2026-07-08T01:25:15,0
pay_0034002416,order_0034002416,14139,upi,none,captured,0,0,2026-07-15T15:54:54,0
pay_0034002417,order_0034002417,424686,upi,none,captured,0,0,2026-07-14T10:40:33,0
pay_0034002418,order_0034002418,172907,netbanking,none,captured,3285,591,2026-07-12T18:33:29,0
pay_0034002419,order_0034002419,117413,upi,none,captured,0,0,2026-07-10T10:58:56,0
pay_0034002420,order_0034002420,96619,upi,none,failed,0,0,2026-07-11T12:50:11,0
pay_0034002421,order_0034002421,38142,card,visa,captured,763,137,2026-07-04T14:12:26,0
pay_0034002422,order_0034002422,20994,upi,none,captured,0,0,2026-07-19T19:23:38,0
pay_0034002423,order_0034002423,37438,upi,none,captured,0,0,2026-07-11T03:31:57,0
pay_0034002424,order_0034002424,26390,upi,none,captured,0,0,2026-07-01T01:20:51,0
pay_0034002425,order_0034002425,89048,card,mastercard,captured,1781,321,2026-07-01T12:05:56,0
pay_0034002426,order_0034002426,42647,upi,none,captured,0,0,2026-07-19T05:57:15,0
pay_0034002427,order_0034002427,71817,card,visa,captured,1436,258,2026-07-13T10:18:41,0
pay_0034002428,order_0034002428,50493,card,rupay,captured,505,91,2026-07-12T04:35:26,0
pay_0034002429,order_0034002429,122936,upi,none,captured,0,0,2026-07-24T10:03:34,0
pay_0034002430,order_0034002430,129975,card,mastercard,captured,2600,468,2026-07-24T07:22:18,0
pay_0034002431,order_0034002431,17516,upi,none,captured,0,0,2026-07-01T17:36:56,0
pay_0034002432,order_0034002432,16428,upi,none,failed,0,0,2026-07-17T08:30:53,0
pay_0034002433,order_0034002433,296649,netbanking,none,captured,5636,1014,2026-07-19T15:01:09,0
pay_0034002434,order_0034002434,668948,card,visa,captured,13379,2408,2026-07-23T01:09:57,0
pay_0034002435,order_0034002435,136323,upi,none,captured,0,0,2026-07-31T10:10:47,0
pay_0034002436,order_0034002436,31123,upi,none,captured,0,0,2026-07-19T03:42:29,0
pay_0034002437,order_0034002437,63791,upi,none,failed,0,0,2026-07-05T19:58:42,0
pay_0034002438,order_0034002438,48376,card,mastercard,captured,968,174,2026-07-18T00:04:24,0
pay_0034002439,order_0034002439,233913,card,visa,captured,4678,842,2026-07-06T00:02:06,0
pay_0034002440,order_0034002440,218268,upi,none,captured,0,0,2026-07-09T08:47:09,0
pay_0034002441,order_0034002441,126141,upi,none,captured,0,0,2026-07-05T06:32:49,0
pay_0034002442,order_0034002442,75102,upi,none,failed,0,0,2026-07-06T01:08:54,0
pay_0034002443,order_0034002443,70153,netbanking,none,captured,1333,12628,2026-07-24T00:04:54,0
pay_0034002444,order_0034002444,108341,wallet,none,captured,2167,390,2026-07-16T14:22:46,0
pay_0034002445,order_0034002445,49618,upi,none,captured,0,0,2026-07-13T19:23:21,0
pay_0034002446,order_0034002446,111087,upi,none,captured,0,0,2026-07-30T02:08:06,0
pay_0034002447,order_0034002447,239711,upi,none,captured,0,0,2026-07-08T02:56:18,0
pay_0034002448,order_0034002448,387515,upi,none,captured,0,0,2026-07-22T07:50:01,0
pay_0034002449,order_0034002449,47754,upi,none,captured,0,0,2026-07-15T02:24:32,0
pay_0034002450,order_0034002450,175855,card,visa,captured,3517,633,2026-07-22T22:08:17,0
pay_0034002451,order_0034002451,76053,upi,none,failed,0,0,2026-07-15T02:47:00,0
pay_0034002452,order_0034002452,219270,card,mastercard,failed,0,0,2026-07-26T21:49:39,0
pay_0034002453,order_0034002453,7861,card,visa,captured,157,28,2026-07-17T08:11:46,0
pay_0034002454,order_0034002454,72294,upi,none,captured,0,0,2026-07-09T22:40:01,0
pay_0034002455,order_0034002455,40823,card,rupay,failed,0,0,2026-07-21T18:59:02,0
pay_0034002456,order_0034002456,20996,netbanking,none,failed,0,0,2026-07-18T14:16:46,0
pay_0034002457,order_0034002457,11859,upi,none,captured,0,0,2026-07-16T17:09:37,0
pay_0034002458,order_0034002458,7578,card,mastercard,captured,152,27,2026-07-16T06:56:37,0
pay_0034002459,order_0034002459,88856,card,visa,captured,1777,320,2026-07-26T09:26:52,0
pay_0034002460,order_0034002460,143764,upi,none,captured,0,0,2026-07-26T04:19:57,0
pay_0034002461,order_0034002461,81891,upi,none,failed,0,0,2026-07-02T21:17:34,0
pay_0034002462,order_0034002462,19865,upi,none,captured,0,0,2026-07-01T12:25:20,0
pay_0034002463,order_0034002463,19968,upi,none,captured,0,0,2026-07-30T14:31:31,0
pay_0034002464,order_0034002464,17734,netbanking,none,captured,337,61,2026-07-13T02:43:16,0
pay_0034002465,order_0034002465,131853,card,visa,captured,2637,475,2026-07-29T18:01:35,0
pay_0034002466,order_0034002466,67795,upi,none,captured,0,0,2026-07-25T23:44:26,0
pay_0034002467,order_0034002467,288457,upi,none,captured,0,0,2026-07-08T10:58:26,0
pay_0034002468,order_0034002468,44292,upi,none,captured,0,0,2026-07-12T08:49:01,0
pay_0034002469,order_0034002469,29434,upi,none,captured,0,0,2026-07-21T23:31:04,0
pay_0034002470,order_0034002470,78376,upi,none,captured,0,0,2026-07-11T21:58:29,0
pay_0034002471,order_0034002471,51164,upi,none,captured,0,0,2026-07-15T09:36:10,0
pay_0034002472,order_0034002472,90606,upi,none,captured,0,0,2026-07-14T11:17:22,0
pay_0034002473,order_0034002473,55198,card,mastercard,captured,1104,199,2026-07-16T00:30:40,0
pay_0034002474,order_0034002474,408845,upi,none,captured,0,0,2026-07-02T23:19:26,0
pay_0034002475,order_0034002475,48882,card,mastercard,captured,978,176,2026-07-07T13:56:42,0
pay_0034002476,order_0034002476,13734,wallet,none,captured,275,50,2026-07-20T16:14:15,0
pay_0034002477,order_0034002477,92183,card,mastercard,captured,1844,332,2026-07-02T08:52:55,0
pay_0034002478,order_0034002478,165291,card,mastercard,captured,3306,595,2026-07-10T02:42:39,0
pay_0034002479,order_0034002479,99877,card,rupay,captured,999,180,2026-07-18T11:35:12,0
pay_0034002480,order_0034002480,12451,upi,none,captured,0,0,2026-07-26T16:49:50,0
pay_0034002481,order_0034002481,39525,upi,none,captured,0,0,2026-07-15T04:41:03,0
pay_0034002482,order_0034002482,129885,upi,none,captured,0,0,2026-07-18T03:54:01,0
pay_0034002483,order_0034002483,129428,upi,none,captured,0,0,2026-07-02T20:43:49,0
pay_0034002484,order_0034002484,47466,upi,none,captured,0,0,2026-07-07T14:41:19,0
pay_0034002485,order_0034002485,18058,upi,none,captured,0,0,2026-07-05T07:06:48,0
pay_0034002486,order_0034002486,118484,wallet,none,captured,2370,427,2026-07-14T18:41:04,0
pay_0034002487,order_0034002487,60863,upi,none,captured,0,0,2026-07-01T15:17:07,0
pay_0034002488,order_0034002488,160401,card,mastercard,captured,6015,1083,2026-07-10T07:28:30,1
pay_0034002489,order_0034002489,107297,upi,none,captured,0,0,2026-07-01T02:56:22,0
pay_0034002490,order_0034002490,208538,wallet,none,captured,4171,751,2026-07-21T15:27:34,0
pay_0034002491,order_0034002491,51096,upi,none,captured,0,0,2026-07-28T23:57:55,0
pay_0034002492,order_0034002492,27462,upi,none,captured,0,0,2026-07-25T21:34:31,0
pay_0034002493,order_0034002493,324935,upi,none,captured,0,0,2026-07-10T10:32:39,0
pay_0034002494,order_0034002494,13264,card,visa,captured,265,48,2026-07-19T00:03:05,0
pay_0034002495,order_0034002495,79442,upi,none,captured,0,0,2026-07-30T04:57:14,0
pay_0034002496,order_0034002496,28037,upi,none,captured,0,0,2026-07-04T14:35:03,0
pay_0034002497,order_0034002497,33006,netbanking,none,captured,627,113,2026-07-03T03:42:55,0
pay_0034002498,order_0034002498,100239,card,mastercard,failed,0,0,2026-07-07T20:39:23,0
pay_0034002499,order_0034002499,43314,upi,none,captured,0,0,2026-07-29T20:02:12,0
pay_0034002500,order_0034002500,42658,upi,none,captured,0,0,2026-07-01T04:13:45,0
pay_0034002501,order_0034002501,50126,upi,none,captured,0,0,2026-07-20T15:45:26,0
pay_0034002502,order_0034002502,129193,upi,none,captured,0,0,2026-07-14T23:31:22,0
pay_0034002503,order_0034002503,121160,netbanking,none,failed,0,0,2026-07-26T17:45:31,0
pay_0034002504,order_0034002504,192798,upi,none,captured,0,0,2026-07-16T21:10:58,0
pay_0034002505,order_0034002505,137330,upi,none,captured,0,0,2026-07-03T14:39:13,0
pay_0034002506,order_0034002506,46720,card,visa,captured,934,168,2026-07-19T18:52:32,0
pay_0034002507,order_0034002507,28416,upi,none,captured,0,0,2026-07-22T03:22:44,0
pay_0034002508,order_0034002508,24144,upi,none,captured,0,0,2026-07-27T13:04:01,0
pay_0034002509,order_0034002509,135727,card,mastercard,captured,2715,489,2026-07-29T09:29:51,0
pay_0034002510,order_0034002510,94459,upi,none,captured,0,0,2026-07-30T13:22:39,0
pay_0034002511,order_0034002511,73422,upi,none,captured,0,0,2026-07-23T10:11:14,0
pay_0034002512,order_0034002512,65110,upi,none,captured,0,0,2026-07-20T04:11:29,0
pay_0034002513,order_0034002513,49388,upi,none,failed,0,0,2026-07-08T12:56:32,0
pay_0034002514,order_0034002514,108662,card,visa,captured,2173,391,2026-07-26T21:53:01,0
pay_0034002515,order_0034002515,36352,wallet,none,captured,727,131,2026-07-03T07:02:51,0
pay_0034002516,order_0034002516,235536,upi,none,captured,0,0,2026-07-12T17:33:03,0
pay_0034002517,order_0034002517,310195,card,rupay,failed,0,0,2026-07-21T14:16:51,0
pay_0034002518,order_0034002518,222842,upi,none,captured,0,0,2026-07-20T23:44:48,0
pay_0034002519,order_0034002519,73207,upi,none,captured,0,0,2026-07-06T20:07:57,0
pay_0034002520,order_0034002520,74728,upi,none,captured,0,0,2026-07-04T16:54:34,0
pay_0034002521,order_0034002521,144628,upi,none,captured,0,0,2026-07-17T13:33:05,0
pay_0034002522,order_0034002522,44826,card,visa,captured,897,161,2026-07-03T20:41:11,0
pay_0034002523,order_0034002523,155223,upi,none,captured,0,0,2026-07-13T03:52:13,0
pay_0034002524,order_0034002524,58466,upi,none,captured,0,0,2026-07-12T02:17:52,0
pay_0034002525,order_0034002525,62371,upi,none,captured,0,0,2026-07-30T17:58:53,0
pay_0034002526,order_0034002526,37059,upi,none,captured,0,0,2026-07-29T22:23:51,0
pay_0034002527,order_0034002527,47557,card,mastercard,captured,951,171,2026-07-04T09:55:47,0
pay_0034002528,order_0034002528,178364,upi,none,captured,0,0,2026-07-07T00:20:51,0
pay_0034002529,order_0034002529,38829,wallet,none,captured,777,140,2026-07-03T17:48:54,0
pay_0034002530,order_0034002530,44539,upi,none,captured,0,0,2026-07-16T07:14:20,0
pay_0034002531,order_0034002531,182482,card,mastercard,captured,3650,657,2026-07-08T19:45:37,0
pay_0034002532,order_0034002532,134206,netbanking,none,captured,2550,459,2026-07-20T07:01:35,0
pay_0034002533,order_0034002533,101987,card,mastercard,captured,2040,367,2026-07-31T17:12:14,0
pay_0034002534,order_0034002534,81115,upi,none,failed,0,0,2026-07-13T14:16:08,0
pay_0034002535,order_0034002535,362583,upi,none,captured,0,0,2026-07-09T20:29:16,0
pay_0034002536,order_0034002536,201814,upi,none,captured,0,0,2026-07-14T11:54:15,0
pay_0034002537,order_0034002537,216047,upi,none,captured,0,0,2026-07-07T12:34:51,0
pay_0034002538,order_0034002538,24543,netbanking,none,captured,577,104,2026-07-07T03:36:38,0
pay_0034002539,order_0034002539,786318,card,visa,captured,15726,2831,2026-07-01T15:56:16,0
pay_0034002540,order_0034002540,23647,upi,none,captured,0,0,2026-07-31T00:15:52,0
pay_0034002541,order_0034002541,169870,upi,none,captured,0,0,2026-07-21T00:14:31,0
pay_0034002542,order_0034002542,98493,upi,none,captured,0,0,2026-07-29T10:14:33,0
pay_0034002543,order_0034002543,52071,upi,none,captured,0,0,2026-07-29T22:05:19,0
pay_0034002544,order_0034002544,297913,card,visa,captured,5958,1072,2026-07-15T09:43:29,0
pay_0034002545,order_0034002545,33530,upi,none,failed,0,0,2026-07-14T17:46:26,0
pay_0034002546,order_0034002546,18584,card,visa,captured,372,67,2026-07-23T23:54:28,0
pay_0034002547,order_0034002547,216736,card,mastercard,captured,4335,780,2026-07-09T08:28:53,0
pay_0034002548,order_0034002548,373476,upi,none,captured,0,0,2026-07-03T06:39:30,0
pay_0034002549,order_0034002549,521356,card,mastercard,captured,17205,3097,2026-07-25T13:14:49,1
pay_0034002550,order_0034002550,76522,card,mastercard,captured,1530,275,2026-07-05T21:38:12,0
pay_0034002551,order_0034002551,27914,wallet,none,captured,558,100,2026-07-01T16:12:05,0
pay_0034002552,order_0034002552,65983,card,visa,captured,1320,238,2026-07-29T17:28:34,0
pay_0034002553,order_0034002553,87656,upi,none,captured,0,0,2026-07-23T23:01:11,0
pay_0034002554,order_0034002554,19771,upi,none,captured,0,0,2026-07-12T16:56:00,0
pay_0034002555,order_0034002555,184675,upi,none,captured,0,0,2026-07-20T03:00:45,0
pay_0034002556,order_0034002556,106900,card,visa,captured,2138,385,2026-07-26T07:36:58,0
pay_0034002557,order_0034002557,1119463,upi,none,captured,0,0,2026-07-18T19:47:52,0
pay_0034002558,order_0034002558,127534,card,visa,captured,2551,459,2026-07-30T13:01:39,0
pay_0034002559,order_0034002559,38725,upi,none,captured,0,0,2026-07-10T03:01:48,0
pay_0034002560,order_0034002560,34861,wallet,none,captured,697,125,2026-07-14T01:12:06,0
pay_0034002561,order_0034002561,80518,upi,none,captured,0,0,2026-07-10T05:24:39,0
pay_0034002562,order_0034002562,363720,upi,none,captured,0,0,2026-07-19T09:26:11,0
pay_0034002563,order_0034002563,50774,upi,none,failed,0,0,2026-07-04T23:11:35,0
pay_0034002564,order_0034002564,28259,upi,none,captured,0,0,2026-07-03T14:09:49,0
pay_0034002565,order_0034002565,133127,upi,none,captured,0,0,2026-07-04T01:54:21,0
pay_0034002566,order_0034002566,80880,upi,none,captured,0,0,2026-07-12T23:12:17,0
pay_0034002567,order_0034002567,106415,card,mastercard,captured,2128,383,2026-07-14T08:16:53,0
pay_0034002568,order_0034002568,27408,upi,none,captured,0,0,2026-07-02T10:32:25,0
pay_0034002569,order_0034002569,187427,card,mastercard,failed,0,0,2026-07-22T13:13:28,0
pay_0034002570,order_0034002570,28582,upi,none,captured,0,0,2026-07-22T19:11:28,0
pay_0034002571,order_0034002571,127242,upi,none,failed,0,0,2026-07-07T21:13:51,0
pay_0034002572,order_0034002572,159682,card,mastercard,captured,3194,575,2026-07-19T23:16:57,0
pay_0034002573,order_0034002573,187746,card,rupay,captured,1877,338,2026-07-15T23:32:54,0
pay_0034002574,order_0034002574,43981,upi,none,captured,0,0,2026-07-14T21:31:10,0
pay_0034002575,order_0034002575,413225,card,amex,failed,0,0,2026-07-20T14:56:01,0
pay_0034002576,order_0034002576,220742,upi,none,captured,0,0,2026-07-15T23:36:28,0
pay_0034002577,order_0034002577,51070,upi,none,captured,0,0,2026-07-12T14:52:22,0
pay_0034002578,order_0034002578,133292,netbanking,none,captured,2533,456,2026-07-17T05:51:11,0
pay_0034002579,order_0034002579,54352,upi,none,failed,0,0,2026-07-13T21:45:38,0
pay_0034002580,order_0034002580,80124,upi,none,captured,0,0,2026-07-06T11:43:02,0
pay_0034002581,order_0034002581,245591,card,visa,captured,4912,884,2026-07-06T04:16:47,0
pay_0034002582,order_0034002582,67249,upi,none,captured,0,0,2026-07-11T11:39:36,0
pay_0034002583,order_0034002583,715407,card,mastercard,captured,14308,2575,2026-07-24T20:42:41,0
pay_0034002584,order_0034002584,78390,upi,none,captured,0,0,2026-07-20T17:21:09,0
pay_0034002585,order_0034002585,97460,upi,none,captured,0,0,2026-07-01T17:42:23,0
pay_0034002586,order_0034002586,126232,card,visa,captured,2525,455,2026-07-31T18:50:19,0
pay_0034002587,order_0034002587,113525,upi,none,captured,0,0,2026-07-25T05:13:11,0
pay_0034002588,order_0034002588,175391,upi,none,failed,0,0,2026-07-04T13:39:32,0
pay_0034002589,order_0034002589,123466,upi,none,failed,0,0,2026-07-02T06:44:56,0
pay_0034002590,order_0034002590,113226,upi,none,failed,0,0,2026-07-19T08:47:31,0
pay_0034002591,order_0034002591,126574,card,visa,captured,2531,456,2026-07-02T21:46:41,0
pay_0034002592,order_0034002592,15564,upi,none,captured,0,0,2026-07-05T11:30:38,0
pay_0034002593,order_0034002593,257689,upi,none,captured,0,0,2026-07-01T17:03:18,0
pay_0034002594,order_0034002594,185374,upi,none,captured,0,0,2026-07-10T08:57:45,0
pay_0034002595,order_0034002595,47160,upi,none,captured,0,0,2026-07-19T17:42:14,0
pay_0034002596,order_0034002596,72427,upi,none,captured,0,0,2026-07-14T22:20:25,0
pay_0034002597,order_0034002597,258234,upi,none,captured,0,0,2026-07-05T18:42:51,0
pay_0034002598,order_0034002598,299883,upi,none,captured,0,0,2026-07-09T15:13:36,0
pay_0034002599,order_0034002599,118405,upi,none,failed,0,0,2026-07-02T22:33:10,0
pay_0034002600,order_0034002600,37187,upi,none,captured,0,0,2026-07-04T06:28:00,0
pay_0034002601,order_0034002601,96946,upi,none,captured,0,0,2026-07-24T16:37:37,0
pay_0034002602,order_0034002602,38276,card,visa,captured,766,138,2026-07-08T14:20:45,0
pay_0034002603,order_0034002603,137080,upi,none,captured,0,0,2026-07-11T02:06:19,0
pay_0034002604,order_0034002604,180161,upi,none,captured,0,0,2026-07-16T14:01:13,0
pay_0034002605,order_0034002605,81793,card,mastercard,captured,1636,294,2026-07-24T13:29:53,0
pay_0034002606,order_0034002606,156731,upi,none,captured,0,0,2026-07-11T22:09:09,0
pay_0034002607,order_0034002607,61005,wallet,none,captured,1220,220,2026-07-03T19:22:48,0
pay_0034002608,order_0034002608,16202,card,mastercard,captured,324,58,2026-07-16T02:55:58,0
pay_0034002609,order_0034002609,136889,card,visa,captured,2738,493,2026-07-09T10:30:21,0
pay_0034002610,order_0034002610,51180,upi,none,captured,0,0,2026-07-11T05:39:09,0
pay_0034002611,order_0034002611,45341,upi,none,captured,0,0,2026-07-12T04:33:42,0
pay_0034002612,order_0034002612,59313,upi,none,captured,0,0,2026-07-28T19:11:08,0
pay_0034002613,order_0034002613,157188,card,mastercard,captured,3144,566,2026-07-18T16:14:00,0
pay_0034002614,order_0034002614,71691,upi,none,captured,0,0,2026-07-22T03:00:39,0
pay_0034002615,order_0034002615,76015,card,rupay,captured,760,137,2026-07-14T11:46:49,0
pay_0034002616,order_0034002616,19606,netbanking,none,captured,373,67,2026-07-17T13:58:04,0
pay_0034002617,order_0034002617,193603,card,rupay,captured,1936,348,2026-07-20T02:31:06,0
pay_0034002618,order_0034002618,72450,card,visa,captured,1449,261,2026-07-07T01:14:48,0
pay_0034002619,order_0034002619,138560,upi,none,failed,0,0,2026-07-14T15:34:25,0
pay_0034002620,order_0034002620,69103,upi,none,captured,0,0,2026-07-05T17:55:23,0
pay_0034002621,order_0034002621,36028,upi,none,captured,0,0,2026-07-11T02:31:02,0
pay_0034002622,order_0034002622,32836,upi,none,captured,0,0,2026-07-18T04:59:29,0
pay_0034002623,order_0034002623,63019,upi,none,failed,0,0,2026-07-14T14:41:05,0
pay_0034002624,order_0034002624,45744,upi,none,captured,0,0,2026-07-24T17:38:51,0
pay_0034002625,order_0034002625,76942,upi,none,captured,0,0,2026-07-17T21:50:15,0
pay_0034002626,order_0034002626,115990,card,rupay,captured,1160,209,2026-07-16T01:30:10,0
pay_0034002627,order_0034002627,14692,upi,none,captured,0,0,2026-07-14T05:50:29,0
pay_0034002628,order_0034002628,283972,card,amex,captured,8519,1533,2026-07-17T05:32:56,0
pay_0034002629,order_0034002629,67698,card,rupay,captured,677,122,2026-07-21T13:01:08,0
pay_0034002630,order_0034002630,49895,upi,none,captured,0,0,2026-07-25T09:26:38,0
pay_0034002631,order_0034002631,160090,upi,none,captured,0,0,2026-07-01T18:28:14,0
pay_0034002632,order_0034002632,69795,upi,none,captured,0,0,2026-07-14T18:08:05,0
pay_0034002633,order_0034002633,59356,upi,none,failed,0,0,2026-07-29T13:35:45,0
pay_0034002634,order_0034002634,20158,wallet,none,captured,403,73,2026-07-17T02:54:07,0
pay_0034002635,order_0034002635,249329,upi,none,captured,0,0,2026-07-26T12:55:43,0
pay_0034002636,order_0034002636,43988,upi,none,captured,0,0,2026-07-17T05:27:26,0
pay_0034002637,order_0034002637,142034,card,mastercard,captured,2841,511,2026-07-23T11:41:54,0
pay_0034002638,order_0034002638,136596,upi,none,captured,0,0,2026-07-30T15:44:28,0
pay_0034002639,order_0034002639,166204,upi,none,captured,0,0,2026-07-23T08:21:36,0
pay_0034002640,order_0034002640,67623,upi,none,captured,0,0,2026-07-07T03:24:15,0
pay_0034002641,order_0034002641,167960,card,rupay,captured,1680,302,2026-07-04T20:29:15,0
pay_0034002642,order_0034002642,90618,card,visa,captured,1812,326,2026-07-31T11:33:05,0
pay_0034002643,order_0034002643,23430,upi,none,captured,0,0,2026-07-07T22:54:29,0
pay_0034002644,order_0034002644,46228,upi,none,captured,0,0,2026-07-28T04:33:59,0
pay_0034002645,order_0034002645,187869,netbanking,none,captured,3570,643,2026-07-20T07:19:03,0
pay_0034002646,order_0034002646,250952,upi,none,captured,0,0,2026-07-21T05:31:17,0
pay_0034002647,order_0034002647,336501,upi,none,captured,0,0,2026-07-04T03:23:13,0
pay_0034002648,order_0034002648,71719,upi,none,captured,0,0,2026-07-13T01:40:22,0
pay_0034002649,order_0034002649,76973,upi,none,captured,0,0,2026-07-04T00:26:57,0
pay_0034002650,order_0034002650,141974,card,visa,captured,2839,511,2026-07-30T20:08:16,0
pay_0034002651,order_0034002651,25068,upi,none,captured,113,20,2026-07-23T10:23:08,0
pay_0034002652,order_0034002652,28165,card,mastercard,captured,563,101,2026-07-29T20:39:38,0
pay_0034002653,order_0034002653,201150,upi,none,captured,0,0,2026-07-28T11:43:26,0
pay_0034002654,order_0034002654,12959,upi,none,captured,0,0,2026-07-20T16:48:54,0
pay_0034002655,order_0034002655,33794,netbanking,none,captured,642,116,2026-07-22T16:58:39,0
pay_0034002656,order_0034002656,48953,card,mastercard,captured,979,176,2026-07-28T23:49:38,0
pay_0034002657,order_0034002657,34302,card,visa,captured,686,123,2026-07-15T15:37:29,0
pay_0034002658,order_0034002658,764269,netbanking,none,captured,14521,2614,2026-07-17T16:16:43,0
pay_0034002659,order_0034002659,70642,upi,none,captured,0,0,2026-07-28T03:17:23,0
pay_0034002660,order_0034002660,165271,upi,none,captured,0,0,2026-07-21T20:50:27,0
pay_0034002661,order_0034002661,38947,upi,none,captured,0,0,2026-07-17T01:30:44,0
pay_0034002662,order_0034002662,283594,card,rupay,captured,4112,740,2026-07-18T15:42:26,0
pay_0034002663,order_0034002663,13169,netbanking,none,captured,250,45,2026-07-25T21:45:27,0
pay_0034002664,order_0034002664,175755,upi,none,captured,0,0,2026-07-31T11:01:14,0
pay_0034002665,order_0034002665,17491,upi,none,captured,0,0,2026-07-11T02:00:39,0
pay_0034002666,order_0034002666,57509,upi,none,captured,0,0,2026-07-24T22:29:08,0
pay_0034002667,order_0034002667,147504,upi,none,captured,0,0,2026-07-06T16:47:29,0
pay_0034002668,order_0034002668,45000,card,mastercard,captured,900,162,2026-07-08T11:36:24,0
pay_0034002669,order_0034002669,55640,netbanking,none,captured,1057,190,2026-07-23T13:57:40,0
pay_0034002670,order_0034002670,64343,upi,none,captured,0,0,2026-07-02T15:00:23,0
pay_0034002671,order_0034002671,49001,upi,none,captured,0,0,2026-07-13T00:01:32,0
pay_0034002672,order_0034002672,159413,upi,none,captured,0,0,2026-07-28T04:32:48,0
pay_0034002673,order_0034002673,48415,wallet,none,captured,968,174,2026-07-06T03:29:25,0
pay_0034002674,order_0034002674,93777,card,mastercard,captured,1876,338,2026-07-03T17:00:40,0
pay_0034002675,order_0034002675,74437,upi,none,captured,0,0,2026-07-07T08:10:17,0
pay_0034002676,order_0034002676,22735,upi,none,failed,0,0,2026-07-22T15:41:10,0
pay_0034002677,order_0034002677,15712,card,visa,captured,314,57,2026-07-30T07:40:44,0
pay_0034002678,order_0034002678,26735,card,visa,captured,535,96,2026-07-05T17:37:13,0
pay_0034002679,order_0034002679,50657,wallet,none,captured,1013,182,2026-07-02T13:17:10,0
pay_0034002680,order_0034002680,145293,card,mastercard,captured,2906,523,2026-07-18T18:05:27,0
pay_0034002681,order_0034002681,114547,upi,none,captured,0,0,2026-07-21T03:54:08,0
pay_0034002682,order_0034002682,162671,upi,none,captured,0,0,2026-07-27T08:28:34,0
pay_0034002683,order_0034002683,40981,card,visa,captured,820,148,2026-07-04T10:17:17,0
pay_0034002684,order_0034002684,361606,upi,none,captured,0,0,2026-07-15T12:18:37,0
pay_0034002685,order_0034002685,64728,upi,none,captured,0,0,2026-07-05T15:24:56,0
pay_0034002686,order_0034002686,69087,upi,none,captured,0,0,2026-07-01T12:04:59,0
pay_0034002687,order_0034002687,108964,upi,none,captured,0,0,2026-07-24T04:21:10,0
pay_0034002688,order_0034002688,252205,upi,none,captured,0,0,2026-07-29T10:48:45,0
pay_0034002689,order_0034002689,19714,card,mastercard,failed,0,0,2026-07-14T18:23:05,0
pay_0034002690,order_0034002690,49164,card,rupay,captured,492,89,2026-07-01T16:50:03,0
pay_0034002691,order_0034002691,126327,upi,none,captured,568,102,2026-07-19T10:34:16,0
pay_0034002692,order_0034002692,107429,wallet,none,captured,2149,387,2026-07-28T21:46:59,0
pay_0034002693,order_0034002693,90841,upi,none,captured,0,0,2026-07-24T11:46:51,0
pay_0034002694,order_0034002694,87415,upi,none,captured,0,0,2026-07-07T05:47:57,0
pay_0034002695,order_0034002695,133724,card,mastercard,captured,2674,481,2026-07-09T18:02:36,0
pay_0034002696,order_0034002696,41885,upi,none,captured,0,0,2026-07-24T02:11:11,0
pay_0034002697,order_0034002697,289606,upi,none,captured,0,0,2026-07-30T12:13:27,0
pay_0034002698,order_0034002698,115207,upi,none,captured,0,0,2026-07-19T08:18:18,0
pay_0034002699,order_0034002699,47578,upi,none,captured,0,0,2026-07-21T14:33:22,0
pay_0034002700,order_0034002700,184721,upi,none,captured,0,0,2026-07-13T16:51:15,0
pay_0034002701,order_0034002701,360573,upi,none,captured,0,0,2026-07-18T21:58:37,0
pay_0034002702,order_0034002702,98722,upi,none,captured,0,0,2026-07-27T09:39:02,0
pay_0034002703,order_0034002703,184836,upi,none,captured,0,0,2026-07-12T15:50:31,0
pay_0034002704,order_0034002704,32011,card,visa,captured,640,115,2026-07-12T02:54:49,0
pay_0034002705,order_0034002705,59355,netbanking,none,captured,1128,203,2026-07-31T20:20:49,0
pay_0034002706,order_0034002706,159954,card,mastercard,captured,5278,950,2026-07-09T12:48:21,1
pay_0034002707,order_0034002707,109359,upi,none,captured,492,89,2026-07-13T14:06:49,0
pay_0034002708,order_0034002708,174552,upi,none,captured,0,0,2026-07-27T19:15:16,0
pay_0034002709,order_0034002709,261148,card,visa,captured,5223,940,2026-07-16T00:28:14,0
pay_0034002710,order_0034002710,22907,upi,none,captured,0,0,2026-07-11T21:54:32,0
pay_0034002711,order_0034002711,89675,upi,none,captured,0,0,2026-07-22T16:03:02,0
pay_0034002712,order_0034002712,72702,upi,none,captured,0,0,2026-07-19T18:35:49,0
pay_0034002713,order_0034002713,58765,upi,none,captured,0,0,2026-07-01T15:00:02,0
pay_0034002714,order_0034002714,50562,upi,none,captured,0,0,2026-07-24T01:54:43,0
pay_0034002715,order_0034002715,80479,card,visa,captured,1610,290,2026-07-23T21:24:44,0
pay_0034002716,order_0034002716,81472,wallet,none,captured,1629,293,2026-07-28T21:41:54,0
pay_0034002717,order_0034002717,54417,card,mastercard,captured,1088,196,2026-07-29T04:41:31,0
pay_0034002718,order_0034002718,193025,card,rupay,failed,0,0,2026-07-01T15:24:36,0
pay_0034002719,order_0034002719,320059,card,visa,captured,6401,1152,2026-07-02T18:47:19,0
pay_0034002720,order_0034002720,26196,upi,none,captured,0,0,2026-07-11T09:07:29,0
pay_0034002721,order_0034002721,35196,card,visa,captured,704,127,2026-07-04T02:40:53,0
pay_0034002722,order_0034002722,215041,upi,none,captured,0,0,2026-07-13T08:29:25,0
pay_0034002723,order_0034002723,33831,card,mastercard,captured,677,122,2026-07-25T23:29:31,0
pay_0034002724,order_0034002724,60124,upi,none,failed,0,0,2026-07-08T10:30:31,0
pay_0034002725,order_0034002725,23096,netbanking,none,captured,439,79,2026-07-12T21:23:14,0
pay_0034002726,order_0034002726,37714,upi,none,failed,0,0,2026-07-17T04:30:14,0
pay_0034002727,order_0034002727,86673,card,visa,captured,1733,312,2026-07-03T00:23:23,0
pay_0034002728,order_0034002728,155386,upi,none,captured,0,0,2026-07-31T21:02:50,0
pay_0034002729,order_0034002729,31260,upi,none,captured,0,0,2026-07-24T12:48:53,0
pay_0034002730,order_0034002730,60829,upi,none,captured,0,0,2026-07-05T23:39:14,0
pay_0034002731,order_0034002731,34598,wallet,none,captured,692,125,2026-07-19T11:37:04,0
pay_0034002732,order_0034002732,33008,upi,none,captured,0,0,2026-07-18T04:55:36,0
pay_0034002733,order_0034002733,20865,upi,none,captured,0,0,2026-07-15T15:52:52,0
pay_0034002734,order_0034002734,171061,upi,none,failed,0,0,2026-07-03T00:12:26,0
pay_0034002735,order_0034002735,86604,wallet,none,captured,1732,312,2026-07-18T16:25:21,0
pay_0034002736,order_0034002736,66848,upi,none,captured,0,0,2026-07-23T12:38:47,0
pay_0034002737,order_0034002737,182177,card,mastercard,captured,3644,32792,2026-07-30T16:30:59,0
pay_0034002738,order_0034002738,32506,upi,none,captured,0,0,2026-07-26T10:24:21,0
pay_0034002739,order_0034002739,89839,wallet,none,captured,1797,323,2026-07-03T04:42:09,0
pay_0034002740,order_0034002740,27200,netbanking,none,captured,517,93,2026-07-25T06:14:45,0
pay_0034002741,order_0034002741,23448,upi,none,captured,0,0,2026-07-21T01:35:00,0
pay_0034002742,order_0034002742,58756,netbanking,none,captured,1116,201,2026-07-14T07:50:38,0
pay_0034002743,order_0034002743,19197,card,rupay,captured,192,35,2026-07-09T08:05:18,0
pay_0034002744,order_0034002744,172933,card,visa,captured,3459,623,2026-07-10T11:25:29,0
pay_0034002745,order_0034002745,18314,card,mastercard,captured,366,66,2026-07-02T07:19:26,0
pay_0034002746,order_0034002746,66468,wallet,none,failed,0,0,2026-07-30T06:33:16,0
pay_0034002747,order_0034002747,22005,card,visa,failed,0,0,2026-07-14T10:59:58,0
pay_0034002748,order_0034002748,70378,card,visa,failed,0,0,2026-07-21T11:59:49,0
pay_0034002749,order_0034002749,79886,upi,none,captured,0,0,2026-07-09T12:32:57,0
pay_0034002750,order_0034002750,118926,upi,none,failed,0,0,2026-07-06T13:42:16,0
pay_0034002751,order_0034002751,164808,upi,none,captured,0,0,2026-07-15T09:18:31,0
pay_0034002752,order_0034002752,549154,upi,none,captured,0,0,2026-07-27T13:12:31,0
pay_0034002753,order_0034002753,136154,upi,none,captured,0,0,2026-07-23T22:29:31,0
pay_0034002754,order_0034002754,58506,upi,none,captured,0,0,2026-07-21T22:56:00,0
pay_0034002755,order_0034002755,105688,upi,none,captured,0,0,2026-07-29T15:59:44,0
pay_0034002756,order_0034002756,92667,card,mastercard,captured,1853,334,2026-07-04T12:20:56,0
pay_0034002757,order_0034002757,86173,netbanking,none,captured,1637,295,2026-07-18T09:58:44,0
pay_0034002758,order_0034002758,44182,upi,none,captured,0,0,2026-07-31T14:22:34,0
pay_0034002759,order_0034002759,36141,upi,none,failed,0,0,2026-07-19T08:12:44,0
pay_0034002760,order_0034002760,150599,upi,none,captured,0,0,2026-07-29T08:26:07,0
pay_0034002761,order_0034002761,88198,upi,none,captured,0,0,2026-07-31T23:43:02,0
pay_0034002762,order_0034002762,123893,upi,none,captured,0,0,2026-07-10T22:18:24,0
pay_0034002763,order_0034002763,46735,netbanking,none,captured,888,160,2026-07-31T03:22:50,0
pay_0034002764,order_0034002764,69706,netbanking,none,failed,0,0,2026-07-02T01:29:49,0
pay_0034002765,order_0034002765,292039,upi,none,captured,0,0,2026-07-21T12:46:27,0
pay_0034002766,order_0034002766,88631,card,mastercard,captured,1773,319,2026-07-14T07:55:28,0
pay_0034002767,order_0034002767,140302,upi,none,captured,0,0,2026-07-02T00:14:37,0
pay_0034002768,order_0034002768,79349,upi,none,captured,0,0,2026-07-24T04:19:47,0
pay_0034002769,order_0034002769,226321,card,visa,captured,4526,815,2026-07-16T16:06:00,0
pay_0034002770,order_0034002770,18754,card,visa,captured,375,68,2026-07-09T17:07:55,0
pay_0034002771,order_0034002771,63062,card,mastercard,captured,1261,227,2026-07-20T18:17:06,0
pay_0034002772,order_0034002772,26039,upi,none,captured,0,0,2026-07-20T19:28:34,0
pay_0034002773,order_0034002773,221143,netbanking,none,captured,4202,756,2026-07-21T13:32:22,0
pay_0034002774,order_0034002774,51808,upi,none,captured,0,0,2026-07-11T12:43:56,0
pay_0034002775,order_0034002775,13558,upi,none,captured,0,0,2026-07-22T22:07:19,0
pay_0034002776,order_0034002776,93901,netbanking,none,captured,1784,321,2026-07-13T23:16:24,0
pay_0034002777,order_0034002777,63594,upi,none,captured,0,0,2026-07-09T10:52:11,0
pay_0034002778,order_0034002778,52346,upi,none,captured,0,0,2026-07-13T04:45:57,0
pay_0034002779,order_0034002779,131167,card,rupay,captured,1312,236,2026-07-05T07:55:25,0
pay_0034002780,order_0034002780,53791,netbanking,none,captured,1022,184,2026-07-12T08:10:28,0
pay_0034002781,order_0034002781,62449,upi,none,captured,0,0,2026-07-15T23:00:11,0
pay_0034002782,order_0034002782,221003,upi,none,captured,995,179,2026-07-14T03:54:42,0
pay_0034002783,order_0034002783,72038,card,visa,captured,1441,259,2026-07-27T05:50:08,0
pay_0034002784,order_0034002784,76128,upi,none,failed,0,0,2026-07-31T00:58:23,0
pay_0034002785,order_0034002785,90176,upi,none,captured,0,0,2026-07-30T10:52:39,0
pay_0034002786,order_0034002786,43605,wallet,none,failed,0,0,2026-07-06T16:41:16,0
pay_0034002787,order_0034002787,103980,card,rupay,captured,1040,187,2026-07-19T12:06:37,0
pay_0034002788,order_0034002788,65096,card,amex,failed,0,0,2026-07-04T19:01:34,0
pay_0034002789,order_0034002789,56426,card,rupay,captured,564,102,2026-07-23T07:52:07,0
pay_0034002790,order_0034002790,61364,upi,none,captured,0,0,2026-07-13T06:07:36,0
pay_0034002791,order_0034002791,295466,card,visa,captured,5909,1064,2026-07-15T13:29:59,0
pay_0034002792,order_0034002792,24802,upi,none,captured,0,0,2026-07-04T09:29:26,0
pay_0034002793,order_0034002793,167364,upi,none,captured,0,0,2026-07-18T02:01:32,0
pay_0034002794,order_0034002794,171031,upi,none,captured,0,0,2026-07-14T21:18:36,0
pay_0034002795,order_0034002795,51177,card,rupay,failed,0,0,2026-07-24T13:46:54,0
pay_0034002796,order_0034002796,523867,card,mastercard,captured,10477,1886,2026-07-24T00:26:37,0
pay_0034002797,order_0034002797,200631,upi,none,captured,0,0,2026-07-17T20:50:07,0
pay_0034002798,order_0034002798,325974,upi,none,captured,0,0,2026-07-03T08:59:06,0
pay_0034002799,order_0034002799,73343,upi,none,captured,0,0,2026-07-14T19:04:55,0
pay_0034002800,order_0034002800,143394,upi,none,captured,0,0,2026-07-20T03:49:41,0
pay_0034002801,order_0034002801,170862,card,rupay,captured,1709,308,2026-07-11T23:07:40,0
pay_0034002802,order_0034002802,75670,netbanking,none,failed,0,0,2026-07-17T02:08:46,0
pay_0034002803,order_0034002803,49127,upi,none,captured,0,0,2026-07-17T17:25:07,0
pay_0034002804,order_0034002804,28944,upi,none,captured,0,0,2026-07-31T15:37:11,0
pay_0034002805,order_0034002805,154930,upi,none,captured,0,0,2026-07-15T17:22:07,0
pay_0034002806,order_0034002806,26697,netbanking,none,captured,507,91,2026-07-28T04:07:27,0
pay_0034002807,order_0034002807,103014,upi,none,captured,0,0,2026-07-01T15:40:01,0
pay_0034002808,order_0034002808,48474,upi,none,captured,0,0,2026-07-08T00:41:58,0
pay_0034002809,order_0034002809,20424,upi,none,captured,0,0,2026-07-25T17:15:53,0
pay_0034002810,order_0034002810,32460,upi,none,captured,0,0,2026-07-13T17:28:02,0
pay_0034002811,order_0034002811,24432,card,visa,captured,489,88,2026-07-27T06:44:59,0
pay_0034002812,order_0034002812,100540,netbanking,none,captured,1910,344,2026-07-20T13:35:43,0
pay_0034002813,order_0034002813,23277,card,rupay,captured,233,42,2026-07-03T21:21:32,0
pay_0034002814,order_0034002814,192902,upi,none,captured,0,0,2026-07-25T19:15:18,0
pay_0034002815,order_0034002815,12370,upi,none,failed,0,0,2026-07-13T19:42:53,0
pay_0034002816,order_0034002816,109533,upi,none,captured,0,0,2026-07-18T14:14:30,0
pay_0034002817,order_0034002817,280842,card,rupay,failed,0,0,2026-07-18T14:10:06,0
pay_0034002818,order_0034002818,70217,card,mastercard,failed,0,0,2026-07-23T05:10:38,0
pay_0034002819,order_0034002819,374515,upi,none,captured,0,0,2026-07-15T18:46:56,0
pay_0034002820,order_0034002820,80299,upi,none,captured,0,0,2026-07-09T16:37:02,0
pay_0034002821,order_0034002821,110088,upi,none,captured,0,0,2026-07-24T18:48:22,0
pay_0034002822,order_0034002822,57052,card,rupay,captured,571,103,2026-07-07T17:55:26,0
pay_0034002823,order_0034002823,74878,upi,none,captured,0,0,2026-07-03T02:12:15,0
pay_0034002824,order_0034002824,96101,upi,none,captured,0,0,2026-07-22T11:43:17,0
pay_0034002825,order_0034002825,58194,card,mastercard,captured,1164,210,2026-07-31T03:56:58,0
pay_0034002826,order_0034002826,27402,upi,none,captured,0,0,2026-07-14T09:05:59,0
pay_0034002827,order_0034002827,44258,upi,none,captured,0,0,2026-07-17T22:09:06,0
pay_0034002828,order_0034002828,171432,upi,none,captured,0,0,2026-07-31T04:46:07,0
pay_0034002829,order_0034002829,31838,upi,none,captured,0,0,2026-07-03T15:15:28,0
pay_0034002830,order_0034002830,28973,upi,none,captured,0,0,2026-07-16T15:47:56,0
pay_0034002831,order_0034002831,34165,upi,none,captured,0,0,2026-07-11T00:18:22,0
pay_0034002832,order_0034002832,105866,upi,none,captured,0,0,2026-07-18T11:09:39,0
pay_0034002833,order_0034002833,208293,upi,none,captured,0,0,2026-07-14T19:08:01,0
pay_0034002834,order_0034002834,100225,upi,none,captured,0,0,2026-07-15T09:30:11,0
pay_0034002835,order_0034002835,256661,upi,none,captured,0,0,2026-07-05T02:56:10,0
pay_0034002836,order_0034002836,165822,upi,none,captured,0,0,2026-07-23T18:40:45,0
pay_0034002837,order_0034002837,96057,upi,none,captured,0,0,2026-07-09T16:57:53,0
pay_0034002838,order_0034002838,45956,card,visa,captured,919,165,2026-07-11T01:58:09,0
pay_0034002839,order_0034002839,117738,card,rupay,captured,1177,212,2026-07-16T17:46:54,0
pay_0034002840,order_0034002840,82045,netbanking,none,failed,0,0,2026-07-06T12:54:44,0
pay_0034002841,order_0034002841,174906,upi,none,captured,0,0,2026-07-21T09:07:35,0
pay_0034002842,order_0034002842,131281,card,visa,failed,0,0,2026-07-18T02:00:27,0
pay_0034002843,order_0034002843,14090,card,mastercard,captured,282,51,2026-07-04T09:48:12,0
pay_0034002844,order_0034002844,29011,upi,none,captured,0,0,2026-07-21T02:55:49,0
pay_0034002845,order_0034002845,48196,wallet,none,captured,964,174,2026-07-23T20:30:07,0
pay_0034002846,order_0034002846,101723,upi,none,captured,0,0,2026-07-05T17:43:18,0
pay_0034002847,order_0034002847,38435,upi,none,captured,0,0,2026-07-13T08:32:56,0
pay_0034002848,order_0034002848,21599,upi,none,captured,0,0,2026-07-04T10:25:10,0
pay_0034002849,order_0034002849,155370,upi,none,failed,0,0,2026-07-19T01:12:04,0
pay_0034002850,order_0034002850,45117,upi,none,captured,0,0,2026-07-22T23:30:08,0
pay_0034002851,order_0034002851,23465,netbanking,none,captured,446,80,2026-07-14T11:21:53,0
pay_0034002852,order_0034002852,37080,card,visa,failed,0,0,2026-07-01T19:36:03,1
pay_0034002853,order_0034002853,210825,upi,none,captured,0,0,2026-07-30T10:49:29,0
pay_0034002854,order_0034002854,23265,card,mastercard,captured,465,84,2026-07-30T16:40:53,0
pay_0034002855,order_0034002855,255426,card,visa,captured,5109,920,2026-07-21T21:28:24,0
pay_0034002856,order_0034002856,91493,netbanking,none,captured,1738,16469,2026-07-27T05:51:06,0
pay_0034002857,order_0034002857,121153,card,visa,captured,2423,436,2026-07-28T05:34:29,0
pay_0034002858,order_0034002858,28513,netbanking,none,captured,542,98,2026-07-10T01:16:09,0
pay_0034002859,order_0034002859,60726,card,visa,captured,1215,219,2026-07-31T22:12:58,0
pay_0034002860,order_0034002860,81554,netbanking,none,captured,1550,279,2026-07-14T03:49:28,0
pay_0034002861,order_0034002861,20279,upi,none,captured,0,0,2026-07-28T20:56:13,0
pay_0034002862,order_0034002862,11419,upi,none,failed,0,0,2026-07-14T17:11:14,0
pay_0034002863,order_0034002863,29409,netbanking,none,captured,559,101,2026-07-07T15:53:24,0
pay_0034002864,order_0034002864,201962,upi,none,captured,0,0,2026-07-05T05:17:12,0
pay_0034002865,order_0034002865,404369,netbanking,none,captured,7683,1383,2026-07-13T22:28:35,0
pay_0034002866,order_0034002866,104337,upi,none,captured,0,0,2026-07-11T01:45:08,0
pay_0034002867,order_0034002867,45425,netbanking,none,captured,863,155,2026-07-18T23:06:35,0
pay_0034002868,order_0034002868,43409,card,visa,captured,868,156,2026-07-02T13:16:43,0
pay_0034002869,order_0034002869,59061,upi,none,captured,0,0,2026-07-13T16:29:37,0
pay_0034002870,order_0034002870,18789,upi,none,captured,0,0,2026-07-25T15:17:53,0
pay_0034002871,order_0034002871,34731,netbanking,none,captured,660,119,2026-07-06T12:00:22,0
pay_0034002872,order_0034002872,143297,netbanking,none,captured,3367,606,2026-07-01T11:36:57,0
pay_0034002873,order_0034002873,79000,upi,none,captured,0,0,2026-07-04T16:19:01,0
pay_0034002874,order_0034002874,131270,upi,none,captured,0,0,2026-07-07T04:58:26,0
pay_0034002875,order_0034002875,24871,card,mastercard,captured,497,89,2026-07-12T10:02:53,0
pay_0034002876,order_0034002876,28993,upi,none,captured,0,0,2026-07-09T04:04:19,0
pay_0034002877,order_0034002877,29794,upi,none,captured,0,0,2026-07-23T17:30:49,0
pay_0034002878,order_0034002878,50385,upi,none,captured,0,0,2026-07-13T00:02:19,0
pay_0034002879,order_0034002879,426318,upi,none,captured,0,0,2026-07-16T00:15:22,0
pay_0034002880,order_0034002880,18459,card,mastercard,captured,369,66,2026-07-04T16:02:37,0
pay_0034002881,order_0034002881,112323,upi,none,failed,0,0,2026-07-26T11:12:29,0
pay_0034002882,order_0034002882,13968,upi,none,captured,0,0,2026-07-22T18:01:42,0
pay_0034002883,order_0034002883,347739,wallet,none,captured,6955,1252,2026-07-02T05:17:58,0
pay_0034002884,order_0034002884,7373,upi,none,captured,0,0,2026-07-20T17:15:09,0
pay_0034002885,order_0034002885,108564,upi,none,captured,0,0,2026-07-14T22:44:39,0
pay_0034002886,order_0034002886,89632,netbanking,none,captured,1703,307,2026-07-25T21:37:35,0
pay_0034002887,order_0034002887,47514,upi,none,captured,0,0,2026-07-25T22:07:12,0
pay_0034002888,order_0034002888,43075,upi,none,captured,0,0,2026-07-21T00:53:47,0
pay_0034002889,order_0034002889,302129,card,rupay,captured,3021,544,2026-07-03T16:43:52,0
pay_0034002890,order_0034002890,16483,upi,none,failed,0,0,2026-07-25T13:59:45,0
pay_0034002891,order_0034002891,121565,upi,none,captured,0,0,2026-07-06T21:47:57,0
pay_0034002892,order_0034002892,107047,upi,none,captured,0,0,2026-07-31T01:33:43,0
pay_0034002893,order_0034002893,105463,upi,none,captured,0,0,2026-07-05T03:13:20,0
pay_0034002894,order_0034002894,94115,upi,none,failed,0,0,2026-07-31T14:08:28,0
pay_0034002895,order_0034002895,155124,upi,none,captured,0,0,2026-07-31T10:16:59,0
pay_0034002896,order_0034002896,45517,card,visa,failed,0,0,2026-07-30T17:40:54,0
pay_0034002897,order_0034002897,295057,card,visa,captured,5901,1062,2026-07-25T07:12:00,0
pay_0034002898,order_0034002898,52942,card,mastercard,captured,1747,314,2026-07-04T17:43:06,1
pay_0034002899,order_0034002899,28127,card,rupay,captured,281,51,2026-07-07T17:27:56,0
pay_0034002900,order_0034002900,13662,upi,none,captured,0,0,2026-07-10T18:36:55,0
pay_0034002901,order_0034002901,19308,card,rupay,captured,193,35,2026-07-19T00:04:59,0
pay_0034002902,order_0034002902,13979,card,mastercard,captured,280,50,2026-07-25T15:29:06,0
pay_0034002903,order_0034002903,43311,card,visa,captured,866,156,2026-07-07T20:45:11,0
pay_0034002904,order_0034002904,176083,card,mastercard,captured,3522,634,2026-07-27T00:53:40,0
pay_0034002905,order_0034002905,93268,card,rupay,captured,933,168,2026-07-26T03:32:07,0
pay_0034002906,order_0034002906,129595,upi,none,captured,0,0,2026-07-19T05:06:32,0
pay_0034002907,order_0034002907,56425,upi,none,captured,0,0,2026-07-05T02:23:34,0
pay_0034002908,order_0034002908,140172,upi,none,captured,0,0,2026-07-25T01:23:44,0
pay_0034002909,order_0034002909,866942,upi,none,captured,0,0,2026-07-11T11:11:06,0
pay_0034002910,order_0034002910,188708,upi,none,captured,0,0,2026-07-13T08:09:05,0
pay_0034002911,order_0034002911,50357,upi,none,captured,0,0,2026-07-13T23:46:30,0
pay_0034002912,order_0034002912,105652,upi,none,captured,0,0,2026-07-29T01:26:01,0
pay_0034002913,order_0034002913,140730,upi,none,failed,0,0,2026-07-11T12:20:05,0
pay_0034002914,order_0034002914,46461,upi,none,captured,0,0,2026-07-04T13:45:00,0
pay_0034002915,order_0034002915,64200,upi,none,captured,0,0,2026-07-30T02:38:05,0
pay_0034002916,order_0034002916,98328,upi,none,failed,0,0,2026-07-05T04:34:32,0
pay_0034002917,order_0034002917,78897,upi,none,captured,0,0,2026-07-13T16:04:01,0
pay_0034002918,order_0034002918,26592,netbanking,none,failed,0,0,2026-07-18T20:36:53,0
pay_0034002919,order_0034002919,67641,upi,none,captured,0,0,2026-07-19T02:36:16,0
pay_0034002920,order_0034002920,56775,card,rupay,failed,0,0,2026-07-14T01:17:02,0
pay_0034002921,order_0034002921,269796,upi,none,captured,0,0,2026-07-19T04:20:00,0
pay_0034002922,order_0034002922,144540,upi,none,failed,0,0,2026-07-17T19:18:54,0
pay_0034002923,order_0034002923,4900,upi,none,captured,0,0,2026-07-26T06:37:57,0
pay_0034002924,order_0034002924,18524,card,mastercard,captured,370,67,2026-07-18T04:57:00,0
pay_0034002925,order_0034002925,125705,upi,none,captured,0,0,2026-07-21T05:12:24,0
pay_0034002926,order_0034002926,47635,netbanking,none,captured,905,163,2026-07-17T17:10:09,0
pay_0034002927,order_0034002927,64033,wallet,none,captured,1281,231,2026-07-12T08:10:56,0
pay_0034002928,order_0034002928,96974,upi,none,captured,0,0,2026-07-23T21:09:07,0
pay_0034002929,order_0034002929,67303,upi,none,captured,0,0,2026-07-13T15:22:58,0
pay_0034002930,order_0034002930,492097,upi,none,captured,0,0,2026-07-14T11:54:26,0
pay_0034002931,order_0034002931,38177,upi,none,captured,0,0,2026-07-25T14:37:40,0
pay_0034002932,order_0034002932,117153,upi,none,captured,0,0,2026-07-28T23:09:29,0
pay_0034002933,order_0034002933,27712,upi,none,captured,0,0,2026-07-01T16:20:09,0
pay_0034002934,order_0034002934,22603,upi,none,captured,0,0,2026-07-05T16:18:48,0
pay_0034002935,order_0034002935,22439,card,mastercard,captured,449,81,2026-07-15T13:18:45,0
pay_0034002936,order_0034002936,74130,upi,none,failed,0,0,2026-07-29T07:34:54,0
pay_0034002937,order_0034002937,47717,upi,none,captured,0,0,2026-07-01T01:31:25,0
pay_0034002938,order_0034002938,72889,card,visa,captured,1458,262,2026-07-10T17:17:10,0
pay_0034002939,order_0034002939,207718,upi,none,captured,0,0,2026-07-01T15:14:05,0
pay_0034002940,order_0034002940,318882,card,mastercard,captured,6378,1148,2026-07-20T01:41:00,0
pay_0034002941,order_0034002941,118017,upi,none,captured,0,0,2026-07-01T05:03:03,0
pay_0034002942,order_0034002942,32376,upi,none,captured,0,0,2026-07-06T13:53:52,0
pay_0034002943,order_0034002943,124135,upi,none,captured,0,0,2026-07-20T08:21:10,0
pay_0034002944,order_0034002944,5876,card,mastercard,captured,118,21,2026-07-01T19:05:35,0
pay_0034002945,order_0034002945,34062,upi,none,captured,0,0,2026-07-03T04:44:50,0
pay_0034002946,order_0034002946,14989,upi,none,captured,0,0,2026-07-23T18:50:49,0
pay_0034002947,order_0034002947,40620,upi,none,captured,0,0,2026-07-26T12:54:19,0
pay_0034002948,order_0034002948,61635,card,rupay,captured,616,111,2026-07-22T08:17:36,0
pay_0034002949,order_0034002949,51215,upi,none,captured,0,0,2026-07-07T04:13:59,0
pay_0034002950,order_0034002950,26855,upi,none,failed,0,0,2026-07-13T20:49:44,0
pay_0034002951,order_0034002951,65708,upi,none,captured,0,0,2026-07-19T02:55:41,0
pay_0034002952,order_0034002952,25274,netbanking,none,captured,480,86,2026-07-30T06:36:27,0
pay_0034002953,order_0034002953,42878,upi,none,captured,0,0,2026-07-18T17:12:44,0
pay_0034002954,order_0034002954,258699,upi,none,captured,0,0,2026-07-30T12:29:53,0
pay_0034002955,order_0034002955,16100,upi,none,captured,0,0,2026-07-23T20:32:12,0
pay_0034002956,order_0034002956,11052,upi,none,captured,0,0,2026-07-05T12:02:44,0
pay_0034002957,order_0034002957,28629,card,visa,captured,573,103,2026-07-12T19:25:54,0
pay_0034002958,order_0034002958,114028,card,rupay,captured,1140,205,2026-07-13T04:10:43,0
pay_0034002959,order_0034002959,120023,upi,none,failed,0,0,2026-07-12T11:49:25,0
pay_0034002960,order_0034002960,38808,upi,none,captured,0,0,2026-07-30T14:53:29,0
pay_0034002961,order_0034002961,135665,card,rupay,captured,1357,244,2026-07-20T23:51:55,0
pay_0034002962,order_0034002962,16635,wallet,none,captured,333,60,2026-07-13T13:56:26,0
pay_0034002963,order_0034002963,10031,card,rupay,captured,100,18,2026-07-17T05:29:47,0
pay_0034002964,order_0034002964,107558,upi,none,captured,0,0,2026-07-11T02:45:47,0
pay_0034002965,order_0034002965,29296,card,visa,captured,586,105,2026-07-27T16:40:39,0
pay_0034002966,order_0034002966,159616,upi,none,captured,0,0,2026-07-09T06:29:11,0
pay_0034002967,order_0034002967,470407,netbanking,none,captured,8938,1609,2026-07-24T13:20:39,0
pay_0034002968,order_0034002968,17915,card,mastercard,failed,0,0,2026-07-01T11:56:43,0
pay_0034002969,order_0034002969,169420,netbanking,none,captured,3219,579,2026-07-21T09:06:31,0
pay_0034002970,order_0034002970,161887,upi,none,captured,0,0,2026-07-22T11:48:36,0
pay_0034002971,order_0034002971,35470,wallet,none,captured,709,128,2026-07-14T11:49:35,0
pay_0034002972,order_0034002972,98683,netbanking,none,captured,1875,338,2026-07-29T10:20:18,0
pay_0034002973,order_0034002973,67086,upi,none,captured,0,0,2026-07-29T11:33:32,0
pay_0034002974,order_0034002974,119653,upi,none,captured,0,0,2026-07-24T00:00:01,0
pay_0034002975,order_0034002975,17876,card,visa,captured,358,64,2026-07-22T13:11:51,0
pay_0034002976,order_0034002976,618899,card,mastercard,captured,12378,2228,2026-07-24T21:27:27,0
pay_0034002977,order_0034002977,28824,upi,none,captured,0,0,2026-07-08T11:12:45,0
pay_0034002978,order_0034002978,39053,upi,none,captured,0,0,2026-07-09T17:38:02,0
pay_0034002979,order_0034002979,84313,netbanking,none,captured,1602,288,2026-07-12T08:10:17,0
pay_0034002980,order_0034002980,64926,upi,none,captured,0,0,2026-07-19T09:00:36,0
pay_0034002981,order_0034002981,13564,upi,none,captured,0,0,2026-07-12T05:19:12,0
pay_0034002982,order_0034002982,228364,card,visa,captured,5595,1007,2026-07-27T02:02:53,0
pay_0034002983,order_0034002983,196882,upi,none,captured,0,0,2026-07-08T22:18:32,0
pay_0034002984,order_0034002984,248073,card,mastercard,captured,4961,893,2026-07-19T17:20:54,0
pay_0034002985,order_0034002985,89161,upi,none,captured,0,0,2026-07-28T21:26:25,0
pay_0034002986,order_0034002986,17268,netbanking,none,failed,0,0,2026-07-04T01:34:22,0
pay_0034002987,order_0034002987,34538,netbanking,none,captured,656,118,2026-07-26T04:03:27,0
pay_0034002988,order_0034002988,81474,card,visa,captured,1629,293,2026-07-26T14:26:32,0
pay_0034002989,order_0034002989,85785,card,mastercard,captured,1716,309,2026-07-08T07:27:22,0
pay_0034002990,order_0034002990,235188,upi,none,failed,0,0,2026-07-24T08:01:49,0
pay_0034002991,order_0034002991,53459,upi,none,captured,0,0,2026-07-17T09:23:02,0
pay_0034002992,order_0034002992,110836,card,visa,captured,2217,399,2026-07-09T12:11:21,0
pay_0034002993,order_0034002993,129867,upi,none,failed,0,0,2026-07-26T05:19:32,0
pay_0034002994,order_0034002994,131536,upi,none,captured,0,0,2026-07-22T09:52:50,0
pay_0034002995,order_0034002995,168946,card,visa,captured,3379,608,2026-07-02T16:10:59,0
pay_0034002996,order_0034002996,150527,upi,none,captured,0,0,2026-07-22T21:06:54,0
pay_0034002997,order_0034002997,92451,upi,none,captured,0,0,2026-07-12T13:41:17,0
pay_0034002998,order_0034002998,120018,upi,none,captured,0,0,2026-07-16T05:25:57,0
pay_0034002999,order_0034002999,131728,upi,none,captured,0,0,2026-07-28T16:05:47,0
pay_0034003000,order_0034003000,34093,upi,none,captured,0,0,2026-07-28T07:43:58,0
pay_0034003001,order_0034003001,6163,upi,none,captured,0,0,2026-07-24T09:06:33,0
pay_0034003002,order_0034003002,88692,upi,none,captured,0,0,2026-07-31T08:16:07,0
pay_0034003003,order_0034003003,194422,upi,none,captured,0,0,2026-07-12T15:23:16,0
pay_0034003004,order_0034003004,47363,card,mastercard,captured,947,170,2026-07-31T10:03:36,0
pay_0034003005,order_0034003005,39495,upi,none,captured,0,0,2026-07-30T16:02:32,0
pay_0034003006,order_0034003006,125194,upi,none,captured,0,0,2026-07-02T12:43:36,0
pay_0034003007,order_0034003007,52068,card,mastercard,captured,1041,187,2026-07-25T07:11:03,0
pay_0034003008,order_0034003008,20156,upi,none,captured,0,0,2026-07-03T20:28:56,0
pay_0034003009,order_0034003009,55007,card,visa,captured,1100,198,2026-07-22T01:51:43,0
pay_0034003010,order_0034003010,573354,netbanking,none,captured,10894,1961,2026-07-08T03:42:48,0
pay_0034003011,order_0034003011,129600,card,visa,failed,0,0,2026-07-02T08:27:45,0
pay_0034003012,order_0034003012,342676,netbanking,none,captured,6511,1172,2026-07-24T17:27:51,0
pay_0034003013,order_0034003013,21959,upi,none,captured,0,0,2026-07-07T11:24:10,0
pay_0034003014,order_0034003014,38392,wallet,none,captured,768,138,2026-07-16T21:37:40,0
pay_0034003015,order_0034003015,159091,upi,none,captured,0,0,2026-07-04T05:08:46,0
pay_0034003016,order_0034003016,151231,card,rupay,captured,1512,272,2026-07-22T06:14:15,0
pay_0034003017,order_0034003017,139069,upi,none,failed,0,0,2026-07-07T06:04:25,0
pay_0034003018,order_0034003018,66334,upi,none,captured,0,0,2026-07-03T08:24:18,0
pay_0034003019,order_0034003019,716711,card,mastercard,captured,14334,2580,2026-07-22T23:31:03,0
pay_0034003020,order_0034003020,98469,upi,none,captured,0,0,2026-07-21T14:21:09,0
pay_0034003021,order_0034003021,208930,upi,none,captured,0,0,2026-07-18T10:52:04,0
pay_0034003022,order_0034003022,89521,upi,none,failed,0,0,2026-07-09T09:49:41,0
pay_0034003023,order_0034003023,70822,upi,none,captured,0,0,2026-07-23T12:16:28,0
pay_0034003024,order_0034003024,31614,upi,none,captured,0,0,2026-07-21T03:36:32,0
pay_0034003025,order_0034003025,64975,upi,none,captured,0,0,2026-07-10T09:14:19,0
pay_0034003026,order_0034003026,41727,upi,none,captured,0,0,2026-07-04T05:54:04,0
pay_0034003027,order_0034003027,15520,upi,none,captured,0,0,2026-07-31T22:51:54,0
pay_0034003028,order_0034003028,107824,upi,none,captured,0,0,2026-07-29T11:04:34,0
pay_0034003029,order_0034003029,54851,upi,none,captured,0,0,2026-07-26T11:47:34,0
pay_0034003030,order_0034003030,256081,upi,none,captured,0,0,2026-07-25T18:24:32,0
pay_0034003031,order_0034003031,194763,upi,none,captured,0,0,2026-07-01T04:06:04,0
pay_0034003032,order_0034003032,48799,upi,none,captured,0,0,2026-07-02T20:38:01,0
pay_0034003033,order_0034003033,134514,upi,none,captured,0,0,2026-07-13T00:19:01,0
pay_0034003034,order_0034003034,94720,upi,none,captured,0,0,2026-07-15T15:30:55,0
pay_0034003035,order_0034003035,26509,upi,none,captured,0,0,2026-07-26T23:47:08,0
pay_0034003036,order_0034003036,142793,card,mastercard,captured,2856,514,2026-07-04T03:19:32,0
pay_0034003037,order_0034003037,52523,netbanking,none,failed,0,0,2026-07-07T22:09:59,0
pay_0034003038,order_0034003038,40837,upi,none,captured,0,0,2026-07-10T23:23:24,0
pay_0034003039,order_0034003039,68454,upi,none,captured,0,0,2026-07-14T09:44:03,0
pay_0034003040,order_0034003040,102627,upi,none,captured,0,0,2026-07-01T13:20:47,0
pay_0034003041,order_0034003041,55184,upi,none,captured,0,0,2026-07-08T18:31:59,0
pay_0034003042,order_0034003042,9362,upi,none,captured,0,0,2026-07-12T22:34:44,0
pay_0034003043,order_0034003043,271878,card,mastercard,captured,5438,979,2026-07-02T15:31:42,0
pay_0034003044,order_0034003044,10110,upi,none,captured,0,0,2026-07-29T21:21:24,0
pay_0034003045,order_0034003045,126406,upi,none,captured,0,0,2026-07-13T21:48:52,0
pay_0034003046,order_0034003046,15862,upi,none,captured,0,0,2026-07-10T18:50:21,0
pay_0034003047,order_0034003047,36882,netbanking,none,captured,701,126,2026-07-13T00:22:00,0
pay_0034003048,order_0034003048,37232,upi,none,captured,0,0,2026-07-20T07:07:39,0
pay_0034003049,order_0034003049,49511,upi,none,captured,0,0,2026-07-20T22:59:43,0
pay_0034003050,order_0034003050,19495,upi,none,captured,0,0,2026-07-14T10:48:31,0
pay_0034003051,order_0034003051,491521,upi,none,captured,0,0,2026-07-17T21:09:59,0
pay_0034003052,order_0034003052,55149,upi,none,captured,0,0,2026-07-09T17:28:41,0
pay_0034003053,order_0034003053,244856,upi,none,failed,0,0,2026-07-01T10:40:59,0
pay_0034003054,order_0034003054,275955,upi,none,captured,0,0,2026-07-04T17:54:36,0
pay_0034003055,order_0034003055,122637,upi,none,captured,0,0,2026-07-22T19:40:54,0
pay_0034003056,order_0034003056,282911,upi,none,captured,0,0,2026-07-15T01:08:31,0
pay_0034003057,order_0034003057,78231,upi,none,captured,0,0,2026-07-18T15:56:50,0
pay_0034003058,order_0034003058,24411,upi,none,captured,0,0,2026-07-08T10:59:50,0
pay_0034003059,order_0034003059,29250,upi,none,captured,0,0,2026-07-03T01:36:09,0
pay_0034003060,order_0034003060,95026,upi,none,captured,0,0,2026-07-29T08:59:25,0
pay_0034003061,order_0034003061,97725,upi,none,captured,0,0,2026-07-19T23:17:30,0
pay_0034003062,order_0034003062,69875,upi,none,captured,0,0,2026-08-01T00:11:22,0
pay_0034003063,order_0034003063,210326,upi,none,captured,0,0,2026-07-07T18:47:32,0
pay_0034003064,order_0034003064,50498,upi,none,captured,0,0,2026-07-27T09:26:03,0
pay_0034003065,order_0034003065,29022,netbanking,none,captured,551,99,2026-07-23T22:18:05,0
pay_0034003066,order_0034003066,156476,upi,none,captured,0,0,2026-07-08T08:04:41,0
pay_0034003067,order_0034003067,93998,upi,none,captured,0,0,2026-07-06T11:49:25,0
pay_0034003068,order_0034003068,114333,upi,none,failed,0,0,2026-07-21T17:15:54,0
pay_0034003069,order_0034003069,96424,upi,none,captured,0,0,2026-07-23T01:19:29,0
pay_0034003070,order_0034003070,67858,netbanking,none,captured,1289,232,2026-07-19T16:58:14,0
pay_0034003071,order_0034003071,176074,upi,none,failed,0,0,2026-07-01T18:23:48,0
pay_0034003072,order_0034003072,38450,upi,none,captured,0,0,2026-07-04T23:20:46,0
pay_0034003073,order_0034003073,84226,upi,none,captured,0,0,2026-07-29T00:39:23,0
pay_0034003074,order_0034003074,54240,card,mastercard,captured,1085,195,2026-07-17T19:02:39,0
pay_0034003075,order_0034003075,61473,card,visa,captured,1229,221,2026-07-31T15:23:38,0
pay_0034003076,order_0034003076,175086,upi,none,captured,0,0,2026-07-06T02:11:02,0
pay_0034003077,order_0034003077,60101,upi,none,captured,0,0,2026-07-20T12:34:33,0
pay_0034003078,order_0034003078,42220,netbanking,none,captured,802,144,2026-07-17T19:14:59,0
pay_0034003079,order_0034003079,73870,upi,none,captured,0,0,2026-07-28T06:36:28,0
pay_0034003080,order_0034003080,32868,upi,none,captured,0,0,2026-07-14T13:46:59,0
pay_0034003081,order_0034003081,108872,upi,none,captured,0,0,2026-07-17T09:58:16,0
pay_0034003082,order_0034003082,23227,upi,none,captured,0,0,2026-07-15T20:03:04,0
pay_0034003083,order_0034003083,37195,upi,none,captured,0,0,2026-07-09T03:41:44,0
pay_0034003084,order_0034003084,86039,upi,none,captured,0,0,2026-07-30T15:03:47,0
pay_0034003085,order_0034003085,184157,card,visa,captured,3683,663,2026-07-12T06:18:25,0
pay_0034003086,order_0034003086,41257,upi,none,failed,0,0,2026-07-18T14:19:15,0
pay_0034003087,order_0034003087,101991,card,rupay,captured,1020,184,2026-07-12T05:29:39,0
pay_0034003088,order_0034003088,67740,netbanking,none,failed,0,0,2026-07-15T03:18:59,0
pay_0034003089,order_0034003089,174905,upi,none,captured,0,0,2026-07-10T01:06:28,0
pay_0034003090,order_0034003090,80491,netbanking,none,failed,0,0,2026-07-22T13:56:15,0
pay_0034003091,order_0034003091,30401,card,visa,failed,0,0,2026-07-07T03:18:21,0
pay_0034003092,order_0034003092,143190,wallet,none,captured,2864,516,2026-07-10T10:47:37,0
pay_0034003093,order_0034003093,125790,upi,none,captured,0,0,2026-07-20T05:57:07,0
pay_0034003094,order_0034003094,65151,card,rupay,captured,1498,270,2026-07-29T21:23:17,1
pay_0034003095,order_0034003095,43877,wallet,none,captured,878,158,2026-07-03T11:13:37,0
pay_0034003096,order_0034003096,222019,upi,none,captured,0,0,2026-07-06T22:52:56,0
pay_0034003097,order_0034003097,482017,card,rupay,captured,4820,868,2026-07-10T12:14:13,0
pay_0034003098,order_0034003098,18651,upi,none,captured,0,0,2026-07-14T21:23:39,0
pay_0034003099,order_0034003099,49404,upi,none,captured,0,0,2026-07-11T18:10:16,0
pay_0034003100,order_0034003100,19186,card,visa,failed,0,0,2026-07-18T10:53:28,0
pay_0034003101,order_0034003101,16772,card,mastercard,captured,335,60,2026-07-03T14:57:42,0
pay_0034003102,order_0034003102,15781,upi,none,captured,0,0,2026-07-30T10:58:58,0
pay_0034003103,order_0034003103,69720,upi,none,captured,0,0,2026-07-04T05:59:48,0
pay_0034003104,order_0034003104,116536,card,visa,captured,2331,420,2026-07-25T01:33:47,0
pay_0034003105,order_0034003105,264259,upi,none,captured,0,0,2026-07-31T07:04:56,0
pay_0034003106,order_0034003106,21759,card,visa,captured,435,78,2026-07-08T16:45:18,0
pay_0034003107,order_0034003107,101048,upi,none,captured,0,0,2026-07-23T16:42:05,0
pay_0034003108,order_0034003108,28157,card,visa,captured,563,101,2026-07-26T01:36:06,0
pay_0034003109,order_0034003109,182015,card,amex,captured,5460,983,2026-07-10T16:36:23,0
pay_0034003110,order_0034003110,38874,netbanking,none,captured,739,133,2026-07-12T22:10:13,0
pay_0034003111,order_0034003111,70516,wallet,none,captured,1410,254,2026-07-29T12:11:59,0
pay_0034003112,order_0034003112,27143,upi,none,captured,0,0,2026-07-30T17:35:43,0
pay_0034003113,order_0034003113,1145434,netbanking,none,captured,21763,3917,2026-07-03T12:43:37,0
pay_0034003114,order_0034003114,56578,upi,none,captured,0,0,2026-07-30T14:16:48,0
pay_0034003115,order_0034003115,94240,upi,none,captured,0,0,2026-07-26T05:55:05,0
pay_0034003116,order_0034003116,198440,upi,none,captured,0,0,2026-07-07T14:47:35,0
pay_0034003117,order_0034003117,82365,card,rupay,captured,824,148,2026-07-17T02:32:49,0
pay_0034003118,order_0034003118,61261,upi,none,captured,0,0,2026-07-24T20:36:22,0
pay_0034003119,order_0034003119,33890,upi,none,captured,0,0,2026-07-07T07:36:51,0
pay_0034003120,order_0034003120,48939,wallet,none,captured,979,176,2026-07-09T14:34:18,0
pay_0034003121,order_0034003121,418146,card,visa,captured,8363,1505,2026-07-07T03:25:51,0
pay_0034003122,order_0034003122,281921,netbanking,none,captured,5356,964,2026-07-05T03:18:24,0
pay_0034003123,order_0034003123,390523,upi,none,captured,0,0,2026-07-11T14:45:10,0
pay_0034003124,order_0034003124,75343,upi,none,captured,0,0,2026-07-06T06:53:16,0
pay_0034003125,order_0034003125,17018,upi,none,captured,0,0,2026-07-23T21:29:52,0
pay_0034003126,order_0034003126,9685,upi,none,captured,0,0,2026-07-30T05:42:23,0
pay_0034003127,order_0034003127,279296,card,rupay,captured,2793,503,2026-07-11T02:39:14,0
pay_0034003128,order_0034003128,29769,upi,none,captured,0,0,2026-07-31T16:41:35,0
pay_0034003129,order_0034003129,182005,wallet,none,captured,3640,655,2026-07-06T22:51:49,0
pay_0034003130,order_0034003130,35590,upi,none,captured,0,0,2026-07-11T19:55:15,0
pay_0034003131,order_0034003131,324783,upi,none,captured,0,0,2026-07-23T15:21:31,0
pay_0034003132,order_0034003132,4900,netbanking,none,captured,93,17,2026-07-22T18:11:59,0
pay_0034003133,order_0034003133,51106,upi,none,captured,0,0,2026-07-10T17:46:39,0
pay_0034003134,order_0034003134,71449,card,rupay,captured,714,129,2026-07-04T09:08:54,0
pay_0034003135,order_0034003135,39369,upi,none,captured,0,0,2026-07-22T21:09:12,0
pay_0034003136,order_0034003136,20051,upi,none,captured,0,0,2026-07-19T03:48:44,0
pay_0034003137,order_0034003137,52836,upi,none,failed,0,0,2026-07-26T18:12:50,0
pay_0034003138,order_0034003138,93023,upi,none,captured,0,0,2026-07-15T03:58:17,0
pay_0034003139,order_0034003139,167701,upi,none,captured,0,0,2026-07-11T08:31:25,0
pay_0034003140,order_0034003140,90684,upi,none,captured,0,0,2026-07-25T14:30:14,0
pay_0034003141,order_0034003141,54618,upi,none,captured,0,0,2026-07-20T13:36:07,0
pay_0034003142,order_0034003142,79656,netbanking,none,captured,1513,272,2026-07-15T04:13:49,0
pay_0034003143,order_0034003143,18088,upi,none,captured,0,0,2026-07-19T07:52:06,0
pay_0034003144,order_0034003144,85818,card,mastercard,captured,1716,309,2026-07-09T03:18:35,0
pay_0034003145,order_0034003145,174505,upi,none,failed,0,0,2026-07-13T22:12:54,0
pay_0034003146,order_0034003146,113769,upi,none,captured,0,0,2026-07-18T16:14:21,0
pay_0034003147,order_0034003147,52305,card,visa,captured,1046,188,2026-07-11T19:33:06,0
pay_0034003148,order_0034003148,488999,card,mastercard,captured,9780,1760,2026-07-06T17:44:10,0
pay_0034003149,order_0034003149,39635,upi,none,failed,0,0,2026-07-07T18:34:20,0
pay_0034003150,order_0034003150,63198,card,visa,captured,1264,228,2026-07-02T10:59:37,0
pay_0034003151,order_0034003151,56578,card,mastercard,captured,1132,204,2026-07-11T05:22:56,0
pay_0034003152,order_0034003152,4900,upi,none,captured,0,0,2026-07-31T09:18:32,0
pay_0034003153,order_0034003153,23523,card,visa,captured,470,85,2026-07-22T17:31:44,0
pay_0034003154,order_0034003154,15929,netbanking,none,captured,303,55,2026-07-30T02:56:47,0
pay_0034003155,order_0034003155,163135,netbanking,none,captured,3100,558,2026-07-11T09:35:03,0
pay_0034003156,order_0034003156,73757,upi,none,captured,0,0,2026-07-04T02:59:24,0
pay_0034003157,order_0034003157,49508,upi,none,captured,0,0,2026-07-09T19:24:38,0
pay_0034003158,order_0034003158,169370,upi,none,captured,0,0,2026-07-29T11:59:17,0
pay_0034003159,order_0034003159,11138,upi,none,captured,0,0,2026-07-22T12:37:50,0
pay_0034003160,order_0034003160,39556,upi,none,captured,0,0,2026-07-18T14:52:35,0
pay_0034003161,order_0034003161,37890,wallet,none,captured,758,136,2026-07-28T09:25:38,0
pay_0034003162,order_0034003162,108533,upi,none,captured,0,0,2026-07-05T08:14:57,0
pay_0034003163,order_0034003163,200810,card,visa,captured,4016,723,2026-07-01T06:51:03,0
pay_0034003164,order_0034003164,30126,card,visa,captured,603,109,2026-07-26T03:05:53,0
pay_0034003165,order_0034003165,86836,upi,none,failed,0,0,2026-07-24T14:04:28,0
pay_0034003166,order_0034003166,73706,upi,none,captured,0,0,2026-07-11T22:36:13,0
pay_0034003167,order_0034003167,44552,upi,none,captured,0,0,2026-07-15T00:47:33,0
pay_0034003168,order_0034003168,8457,upi,none,captured,0,0,2026-07-21T17:10:54,0
pay_0034003169,order_0034003169,194472,card,mastercard,captured,3889,700,2026-07-06T03:00:13,0
pay_0034003170,order_0034003170,92371,upi,none,captured,0,0,2026-07-27T01:18:26,0
pay_0034003171,order_0034003171,179570,upi,none,captured,0,0,2026-07-01T06:49:11,0
pay_0034003172,order_0034003172,36373,upi,none,captured,0,0,2026-07-19T13:11:16,0
pay_0034003173,order_0034003173,15752,upi,none,captured,0,0,2026-07-04T17:05:03,0
pay_0034003174,order_0034003174,51797,netbanking,none,captured,984,177,2026-07-08T04:15:08,0
pay_0034003175,order_0034003175,160589,upi,none,captured,0,0,2026-07-03T00:30:38,0
pay_0034003176,order_0034003176,96991,netbanking,none,failed,0,0,2026-07-07T16:17:41,0
pay_0034003177,order_0034003177,92452,upi,none,captured,0,0,2026-07-20T01:38:13,0
pay_0034003178,order_0034003178,437224,wallet,none,failed,0,0,2026-07-22T06:15:51,0
pay_0034003179,order_0034003179,279878,upi,none,captured,0,0,2026-07-12T09:47:06,0
pay_0034003180,order_0034003180,60982,upi,none,captured,0,0,2026-07-21T18:46:04,0
pay_0034003181,order_0034003181,15663,upi,none,captured,0,0,2026-07-11T21:31:58,0
pay_0034003182,order_0034003182,58644,upi,none,captured,0,0,2026-07-02T09:46:12,0
pay_0034003183,order_0034003183,165075,wallet,none,captured,3302,594,2026-07-04T15:20:51,0
pay_0034003184,order_0034003184,116876,upi,none,captured,0,0,2026-07-04T12:51:32,0
pay_0034003185,order_0034003185,248608,card,visa,captured,4972,895,2026-07-11T12:15:31,0
pay_0034003186,order_0034003186,82257,upi,none,captured,0,0,2026-07-15T05:33:16,0
pay_0034003187,order_0034003187,100434,upi,none,captured,0,0,2026-07-09T13:37:14,0
pay_0034003188,order_0034003188,36338,upi,none,captured,0,0,2026-07-20T10:41:58,0
pay_0034003189,order_0034003189,95103,card,rupay,captured,951,171,2026-07-10T04:42:30,0
pay_0034003190,order_0034003190,36511,upi,none,captured,0,0,2026-07-26T17:00:31,0
pay_0034003191,order_0034003191,30881,upi,none,captured,0,0,2026-07-24T04:07:50,0
pay_0034003192,order_0034003192,559637,upi,none,captured,0,0,2026-07-18T11:31:23,0
pay_0034003193,order_0034003193,20575,upi,none,captured,0,0,2026-07-21T15:53:21,0
pay_0034003194,order_0034003194,62089,wallet,none,captured,1242,224,2026-07-14T21:38:10,0
pay_0034003195,order_0034003195,20064,upi,none,captured,0,0,2026-07-25T05:24:12,0
pay_0034003196,order_0034003196,67728,upi,none,captured,0,0,2026-07-02T13:09:22,0
pay_0034003197,order_0034003197,33730,netbanking,none,failed,0,0,2026-07-28T22:33:33,0
pay_0034003198,order_0034003198,88190,upi,none,captured,0,0,2026-07-09T12:12:20,0
pay_0034003199,order_0034003199,128566,card,visa,captured,2571,463,2026-07-31T06:56:35,0
pay_0034003200,order_0034003200,92998,upi,none,captured,0,0,2026-07-07T13:03:57,0
pay_0034003201,order_0034003201,60618,upi,none,captured,0,0,2026-07-25T04:04:52,0
pay_0034003202,order_0034003202,250248,netbanking,none,captured,4755,856,2026-07-28T00:14:21,0
pay_0034003203,order_0034003203,88148,card,visa,failed,0,0,2026-07-04T03:53:35,1
pay_0034003204,order_0034003204,44640,card,mastercard,captured,893,161,2026-07-28T16:02:29,0
pay_0034003205,order_0034003205,197660,wallet,none,captured,3953,712,2026-07-13T20:59:00,0
pay_0034003206,order_0034003206,45546,wallet,none,captured,911,164,2026-07-30T16:16:14,0
pay_0034003207,order_0034003207,172742,upi,none,captured,0,0,2026-07-10T03:41:35,0
pay_0034003208,order_0034003208,24294,upi,none,captured,0,0,2026-07-04T18:05:39,0
pay_0034003209,order_0034003209,33238,upi,none,captured,0,0,2026-07-04T14:39:55,0
pay_0034003210,order_0034003210,109441,card,visa,captured,2189,394,2026-07-18T23:29:49,0
pay_0034003211,order_0034003211,94342,card,mastercard,captured,1887,340,2026-07-18T21:53:10,0
pay_0034003212,order_0034003212,210935,upi,none,captured,0,0,2026-07-29T01:39:48,0
pay_0034003213,order_0034003213,11483,upi,none,captured,0,0,2026-07-17T08:31:31,0
pay_0034003214,order_0034003214,27546,upi,none,failed,0,0,2026-07-19T18:16:42,0
pay_0034003215,order_0034003215,163970,upi,none,captured,0,0,2026-07-25T20:14:13,0
pay_0034003216,order_0034003216,101003,upi,none,captured,0,0,2026-07-31T04:42:37,0
pay_0034003217,order_0034003217,73710,upi,none,captured,0,0,2026-07-27T15:26:31,0
pay_0034003218,order_0034003218,43869,upi,none,captured,0,0,2026-07-21T10:16:44,0
pay_0034003219,order_0034003219,51273,upi,none,captured,0,0,2026-07-05T14:14:34,0
pay_0034003220,order_0034003220,349893,wallet,none,failed,0,0,2026-07-08T08:44:43,0
pay_0034003221,order_0034003221,68431,wallet,none,captured,1369,246,2026-07-12T12:54:42,0
pay_0034003222,order_0034003222,26731,upi,none,captured,0,0,2026-07-25T22:42:31,0
pay_0034003223,order_0034003223,20150,netbanking,none,captured,383,69,2026-07-31T10:19:28,0
pay_0034003224,order_0034003224,228840,upi,none,failed,0,0,2026-07-25T04:36:46,0
pay_0034003225,order_0034003225,206631,card,rupay,captured,2066,372,2026-07-16T12:46:21,0
pay_0034003226,order_0034003226,200566,upi,none,captured,0,0,2026-07-29T05:16:08,0
pay_0034003227,order_0034003227,18229,upi,none,captured,0,0,2026-07-07T14:22:36,0
pay_0034003228,order_0034003228,68258,wallet,none,captured,1365,246,2026-07-10T20:39:50,0
pay_0034003229,order_0034003229,34898,upi,none,captured,0,0,2026-07-31T14:07:57,0
pay_0034003230,order_0034003230,175637,upi,none,captured,0,0,2026-07-23T14:54:17,0
pay_0034003231,order_0034003231,101944,upi,none,captured,0,0,2026-07-22T06:17:21,0
pay_0034003232,order_0034003232,106227,card,visa,captured,2125,383,2026-07-09T03:13:13,0
pay_0034003233,order_0034003233,213787,upi,none,captured,0,0,2026-07-12T06:02:40,0
pay_0034003234,order_0034003234,43055,upi,none,captured,0,0,2026-07-30T05:41:42,0
pay_0034003235,order_0034003235,19795,upi,none,failed,0,0,2026-07-16T13:41:20,0
pay_0034003236,order_0034003236,63504,netbanking,none,captured,1207,217,2026-07-28T11:11:39,0
pay_0034003237,order_0034003237,15298,card,rupay,captured,153,28,2026-07-28T15:37:22,0
pay_0034003238,order_0034003238,108227,upi,none,failed,0,0,2026-07-19T03:32:32,0
pay_0034003239,order_0034003239,256136,card,rupay,captured,5891,1060,2026-07-20T20:58:08,1
pay_0034003240,order_0034003240,35802,upi,none,captured,0,0,2026-07-08T20:01:35,0
pay_0034003241,order_0034003241,177787,upi,none,captured,0,0,2026-07-03T09:47:24,0
pay_0034003242,order_0034003242,167928,wallet,none,captured,3359,605,2026-07-12T06:12:56,0
pay_0034003243,order_0034003243,38590,upi,none,captured,0,0,2026-07-31T20:55:41,0
pay_0034003244,order_0034003244,30375,netbanking,none,captured,577,104,2026-07-23T17:48:26,0
pay_0034003245,order_0034003245,9306,upi,none,captured,0,0,2026-07-29T20:04:40,0
pay_0034003246,order_0034003246,26591,upi,none,captured,0,0,2026-07-10T07:43:53,0
pay_0034003247,order_0034003247,78974,upi,none,captured,0,0,2026-07-15T07:12:51,0
pay_0034003248,order_0034003248,94389,upi,none,captured,0,0,2026-07-24T16:22:42,0
pay_0034003249,order_0034003249,62942,upi,none,captured,0,0,2026-07-27T16:36:07,0
pay_0034003250,order_0034003250,583862,upi,none,captured,0,0,2026-07-27T03:01:10,0
pay_0034003251,order_0034003251,229393,card,visa,captured,4588,826,2026-07-02T05:23:34,0
pay_0034003252,order_0034003252,170414,upi,none,captured,0,0,2026-07-09T00:00:31,0
pay_0034003253,order_0034003253,239475,upi,none,captured,0,0,2026-07-30T16:45:22,0
pay_0034003254,order_0034003254,313279,upi,none,captured,0,0,2026-07-06T22:50:15,0
pay_0034003255,order_0034003255,92364,card,visa,captured,1847,332,2026-07-03T01:47:12,0
pay_0034003256,order_0034003256,59232,upi,none,captured,0,0,2026-07-18T23:21:14,0
pay_0034003257,order_0034003257,179761,upi,none,captured,0,0,2026-07-10T00:49:51,0
pay_0034003258,order_0034003258,137664,card,visa,captured,2753,496,2026-07-13T16:39:20,0
pay_0034003259,order_0034003259,97889,upi,none,captured,441,79,2026-07-23T04:32:17,0
pay_0034003260,order_0034003260,15989,card,rupay,captured,160,29,2026-07-03T12:48:11,0
pay_0034003261,order_0034003261,43495,upi,none,captured,0,0,2026-07-10T08:18:58,0
pay_0034003262,order_0034003262,125916,upi,none,captured,0,0,2026-07-27T11:38:06,0
pay_0034003263,order_0034003263,7859,upi,none,captured,0,0,2026-07-11T00:09:30,0
pay_0034003264,order_0034003264,82827,card,visa,captured,1657,298,2026-07-18T19:32:07,0
pay_0034003265,order_0034003265,34069,upi,none,captured,0,0,2026-07-06T10:56:10,0
pay_0034003266,order_0034003266,113369,upi,none,captured,0,0,2026-07-22T20:10:12,0
pay_0034003267,order_0034003267,207322,upi,none,captured,0,0,2026-07-28T12:02:05,0
pay_0034003268,order_0034003268,44044,upi,none,captured,0,0,2026-07-12T00:43:21,0
pay_0034003269,order_0034003269,86568,card,visa,captured,1731,312,2026-07-01T23:47:47,0
pay_0034003270,order_0034003270,7130,card,visa,captured,143,26,2026-07-02T19:50:35,0
pay_0034003271,order_0034003271,76692,netbanking,none,captured,1457,262,2026-07-15T02:49:36,0
pay_0034003272,order_0034003272,6893,upi,none,captured,0,0,2026-07-20T20:09:31,0
pay_0034003273,order_0034003273,141322,upi,none,captured,0,0,2026-07-30T08:41:16,0
pay_0034003274,order_0034003274,14460,upi,none,captured,0,0,2026-07-21T04:47:17,0
pay_0034003275,order_0034003275,34947,card,rupay,captured,349,6290,2026-07-05T19:56:25,0
pay_0034003276,order_0034003276,44595,card,mastercard,failed,0,0,2026-07-07T07:23:58,0
pay_0034003277,order_0034003277,25619,upi,none,captured,0,0,2026-07-06T22:37:53,0
pay_0034003278,order_0034003278,55712,upi,none,captured,0,0,2026-07-28T16:35:21,0
pay_0034003279,order_0034003279,464912,upi,none,captured,0,0,2026-07-12T16:30:30,0
pay_0034003280,order_0034003280,105253,wallet,none,captured,2105,379,2026-07-29T03:45:33,0
pay_0034003281,order_0034003281,155022,upi,none,captured,0,0,2026-07-06T22:00:39,0
pay_0034003282,order_0034003282,117937,upi,none,captured,0,0,2026-07-19T00:07:16,0
pay_0034003283,order_0034003283,90735,netbanking,none,captured,1724,310,2026-07-27T21:45:41,0
pay_0034003284,order_0034003284,72367,upi,none,captured,0,0,2026-07-31T22:32:45,0
pay_0034003285,order_0034003285,263771,card,visa,captured,5275,950,2026-07-27T05:54:57,0
pay_0034003286,order_0034003286,22742,upi,none,captured,0,0,2026-07-05T05:30:21,0
pay_0034003287,order_0034003287,91323,upi,none,captured,0,0,2026-07-29T01:18:16,0
pay_0034003288,order_0034003288,40947,card,visa,captured,819,147,2026-07-04T17:40:12,0
pay_0034003289,order_0034003289,35905,netbanking,none,failed,0,0,2026-07-04T21:06:15,0
pay_0034003290,order_0034003290,283681,upi,none,captured,0,0,2026-07-29T12:31:48,0
pay_0034003291,order_0034003291,96801,upi,none,captured,0,0,2026-07-22T08:27:35,0
pay_0034003292,order_0034003292,158605,card,visa,captured,3172,571,2026-07-06T08:42:42,0
pay_0034003293,order_0034003293,218024,upi,none,captured,0,0,2026-07-14T12:39:42,0
pay_0034003294,order_0034003294,144366,card,visa,captured,2887,520,2026-07-15T16:41:42,0
pay_0034003295,order_0034003295,14210,card,rupay,captured,327,59,2026-07-20T17:55:10,1
pay_0034003296,order_0034003296,55490,upi,none,captured,0,0,2026-07-27T13:53:28,0
pay_0034003297,order_0034003297,66362,upi,none,captured,0,0,2026-07-17T05:03:12,0
pay_0034003298,order_0034003298,82644,upi,none,captured,0,0,2026-07-16T04:08:40,0
pay_0034003299,order_0034003299,71545,upi,none,captured,0,0,2026-07-04T23:18:32,0
pay_0034003300,order_0034003300,392222,card,mastercard,failed,0,0,2026-07-31T13:12:47,0
pay_0034003301,order_0034003301,217132,upi,none,failed,0,0,2026-07-28T14:27:48,0
pay_0034003302,order_0034003302,156116,card,visa,captured,3122,562,2026-07-07T13:58:08,0
pay_0034003303,order_0034003303,33144,upi,none,captured,0,0,2026-07-25T12:59:39,0
pay_0034003304,order_0034003304,524626,upi,none,captured,0,0,2026-07-06T13:06:48,0
pay_0034003305,order_0034003305,89206,upi,none,captured,0,0,2026-07-06T02:01:56,0
pay_0034003306,order_0034003306,189142,upi,none,captured,0,0,2026-07-11T08:47:19,0
pay_0034003307,order_0034003307,22738,netbanking,none,captured,432,78,2026-07-19T12:46:48,0
pay_0034003308,order_0034003308,305130,upi,none,captured,0,0,2026-07-19T03:28:04,0
pay_0034003309,order_0034003309,39116,upi,none,captured,0,0,2026-07-24T10:57:02,0
pay_0034003310,order_0034003310,143440,card,mastercard,failed,0,0,2026-07-24T18:07:19,0
pay_0034003311,order_0034003311,360984,upi,none,captured,0,0,2026-07-17T10:19:06,0
pay_0034003312,order_0034003312,67629,card,visa,captured,1353,244,2026-07-14T22:12:44,0
pay_0034003313,order_0034003313,73586,wallet,none,captured,1472,265,2026-07-12T14:45:29,0
pay_0034003314,order_0034003314,767461,card,visa,captured,15349,2763,2026-07-30T12:41:17,0
pay_0034003315,order_0034003315,365086,upi,none,captured,0,0,2026-07-29T22:28:04,0
pay_0034003316,order_0034003316,82771,upi,none,captured,0,0,2026-07-16T04:53:24,0
pay_0034003317,order_0034003317,34600,card,visa,captured,692,125,2026-07-10T04:26:57,0
pay_0034003318,order_0034003318,48387,upi,none,captured,0,0,2026-07-03T04:19:59,0
pay_0034003319,order_0034003319,17154,card,mastercard,failed,0,0,2026-07-14T23:20:01,0
pay_0034003320,order_0034003320,39550,upi,none,captured,0,0,2026-07-18T03:47:37,0
pay_0034003321,order_0034003321,99439,card,rupay,captured,994,179,2026-07-17T02:16:45,0
pay_0034003322,order_0034003322,43679,upi,none,captured,0,0,2026-07-11T22:34:59,0
pay_0034003323,order_0034003323,13492,card,visa,captured,270,49,2026-07-19T05:52:51,0
pay_0034003324,order_0034003324,83348,upi,none,captured,0,0,2026-07-26T02:37:46,0
pay_0034003325,order_0034003325,97740,upi,none,captured,0,0,2026-07-19T09:52:09,0
pay_0034003326,order_0034003326,14594,upi,none,captured,0,0,2026-07-22T17:08:52,0
pay_0034003327,order_0034003327,35045,upi,none,captured,0,0,2026-07-25T18:33:10,0
pay_0034003328,order_0034003328,82774,card,visa,captured,1655,298,2026-07-09T10:05:15,0
pay_0034003329,order_0034003329,257336,upi,none,captured,0,0,2026-07-20T15:47:11,0
pay_0034003330,order_0034003330,48817,upi,none,captured,0,0,2026-07-29T21:37:32,0
pay_0034003331,order_0034003331,27646,upi,none,captured,0,0,2026-07-18T23:57:31,0
pay_0034003332,order_0034003332,30713,card,rupay,captured,307,55,2026-07-19T10:47:18,0
pay_0034003333,order_0034003333,129743,card,rupay,captured,1297,233,2026-07-04T13:11:11,0
pay_0034003334,order_0034003334,40811,upi,none,captured,0,0,2026-07-10T20:58:34,0
pay_0034003335,order_0034003335,64128,netbanking,none,captured,1218,219,2026-07-04T11:47:18,0
pay_0034003336,order_0034003336,80683,upi,none,captured,0,0,2026-07-03T14:39:44,0
pay_0034003337,order_0034003337,61168,card,rupay,captured,612,110,2026-07-24T14:25:56,0
pay_0034003338,order_0034003338,47167,wallet,none,captured,943,170,2026-07-10T15:36:54,0
pay_0034003339,order_0034003339,105477,card,rupay,failed,0,0,2026-07-24T04:23:07,0
pay_0034003340,order_0034003340,14365,upi,none,failed,0,0,2026-07-05T00:55:28,0
pay_0034003341,order_0034003341,47511,netbanking,none,captured,903,163,2026-07-18T21:22:38,0
pay_0034003342,order_0034003342,58584,upi,none,captured,0,0,2026-07-09T17:32:54,0
pay_0034003343,order_0034003343,39521,card,amex,captured,1186,213,2026-07-07T23:27:29,0
pay_0034003344,order_0034003344,45595,upi,none,captured,0,0,2026-07-12T11:57:37,0
pay_0034003345,order_0034003345,93364,card,visa,captured,1867,336,2026-07-07T22:17:04,0
pay_0034003346,order_0034003346,16333,upi,none,captured,0,0,2026-07-24T04:26:11,0
pay_0034003347,order_0034003347,78355,card,mastercard,captured,1567,282,2026-07-26T10:35:12,0
pay_0034003348,order_0034003348,40237,upi,none,captured,0,0,2026-07-17T22:49:54,0
pay_0034003349,order_0034003349,16636,card,mastercard,captured,333,60,2026-07-12T05:22:22,0
pay_0034003350,order_0034003350,75889,upi,none,captured,0,0,2026-07-09T10:26:00,0
pay_0034003351,order_0034003351,19113,card,visa,captured,382,69,2026-07-28T21:34:01,0
pay_0034003352,order_0034003352,140511,upi,none,captured,0,0,2026-07-08T18:15:02,0
pay_0034003353,order_0034003353,96859,upi,none,captured,0,0,2026-07-20T06:07:02,0
pay_0034003354,order_0034003354,141424,card,visa,captured,2828,509,2026-07-27T04:02:44,0
pay_0034003355,order_0034003355,54228,netbanking,none,captured,1030,185,2026-07-29T04:59:13,0
pay_0034003356,order_0034003356,148557,upi,none,captured,0,0,2026-07-20T08:17:27,0
pay_0034003357,order_0034003357,22992,card,visa,captured,460,83,2026-07-12T09:56:05,0
pay_0034003358,order_0034003358,40915,upi,none,captured,0,0,2026-07-25T04:49:03,0
pay_0034003359,order_0034003359,222485,netbanking,none,failed,0,0,2026-07-07T12:56:38,0
pay_0034003360,order_0034003360,22207,upi,none,captured,0,0,2026-07-25T18:27:19,0
pay_0034003361,order_0034003361,96281,upi,none,captured,0,0,2026-07-08T13:58:34,0
pay_0034003362,order_0034003362,27419,upi,none,captured,0,0,2026-07-06T22:58:43,0
pay_0034003363,order_0034003363,52031,upi,none,captured,0,0,2026-07-13T23:07:38,0
pay_0034003364,order_0034003364,85411,upi,none,captured,0,0,2026-07-16T04:37:30,0
pay_0034003365,order_0034003365,32948,upi,none,captured,0,0,2026-07-21T08:00:17,0
pay_0034003366,order_0034003366,93281,upi,none,failed,0,0,2026-07-03T09:34:53,0
pay_0034003367,order_0034003367,51540,card,mastercard,failed,0,0,2026-07-17T07:50:41,0
pay_0034003368,order_0034003368,124540,upi,none,captured,0,0,2026-07-06T10:24:52,0
pay_0034003369,order_0034003369,66119,upi,none,captured,0,0,2026-07-19T15:45:21,0
pay_0034003370,order_0034003370,89117,wallet,none,captured,1782,321,2026-07-05T11:30:04,0
pay_0034003371,order_0034003371,82937,card,rupay,captured,1203,217,2026-07-13T13:10:53,0
pay_0034003372,order_0034003372,493483,upi,none,captured,0,0,2026-07-28T23:19:22,0
pay_0034003373,order_0034003373,141258,upi,none,captured,0,0,2026-07-24T11:57:29,0
pay_0034003374,order_0034003374,391957,card,visa,captured,7839,1411,2026-07-02T07:56:27,0
pay_0034003375,order_0034003375,41806,upi,none,captured,0,0,2026-07-16T13:49:08,0
pay_0034003376,order_0034003376,80504,card,visa,captured,1610,290,2026-07-31T14:08:44,0
pay_0034003377,order_0034003377,50793,upi,none,captured,0,0,2026-07-04T11:43:23,0
pay_0034003378,order_0034003378,7523,upi,none,captured,0,0,2026-07-19T18:06:13,0
pay_0034003379,order_0034003379,18599,card,mastercard,captured,372,67,2026-07-19T06:15:17,0
pay_0034003380,order_0034003380,15398,upi,none,captured,0,0,2026-07-11T22:49:55,0
pay_0034003381,order_0034003381,61796,upi,none,captured,0,0,2026-07-22T12:00:08,0
pay_0034003382,order_0034003382,43695,upi,none,captured,0,0,2026-07-01T23:46:13,0
pay_0034003383,order_0034003383,32206,upi,none,captured,0,0,2026-07-27T12:43:31,0
pay_0034003384,order_0034003384,34681,upi,none,failed,0,0,2026-07-08T07:46:45,0
pay_0034003385,order_0034003385,62504,card,visa,captured,1250,225,2026-07-12T23:52:31,0
pay_0034003386,order_0034003386,674726,card,rupay,captured,6747,1214,2026-07-01T01:37:08,0
pay_0034003387,order_0034003387,94226,upi,none,captured,0,0,2026-07-02T05:30:01,0
pay_0034003388,order_0034003388,108489,upi,none,captured,0,0,2026-07-17T17:29:56,0
pay_0034003389,order_0034003389,76483,card,mastercard,captured,1530,275,2026-07-27T15:45:25,0
pay_0034003390,order_0034003390,16316,card,mastercard,captured,326,59,2026-07-06T02:09:11,0
pay_0034003391,order_0034003391,95045,upi,none,captured,0,0,2026-07-28T07:40:57,0
pay_0034003392,order_0034003392,68747,upi,none,captured,0,0,2026-07-27T22:00:14,0
pay_0034003393,order_0034003393,439307,card,mastercard,captured,8786,1581,2026-07-17T05:36:14,0
pay_0034003394,order_0034003394,28858,wallet,none,captured,577,104,2026-07-14T10:02:30,0
pay_0034003395,order_0034003395,71616,netbanking,none,failed,0,0,2026-07-15T10:35:57,0
pay_0034003396,order_0034003396,234798,upi,none,failed,0,0,2026-07-27T16:50:40,0
pay_0034003397,order_0034003397,54778,upi,none,captured,0,0,2026-07-29T03:51:10,0
pay_0034003398,order_0034003398,223223,upi,none,failed,0,0,2026-07-26T07:37:04,0
pay_0034003399,order_0034003399,126244,card,rupay,captured,1262,227,2026-07-28T07:11:11,0
pay_0034003400,order_0034003400,35598,card,visa,captured,712,128,2026-07-17T07:55:24,0
pay_0034003401,order_0034003401,236685,upi,none,failed,0,0,2026-07-27T16:18:55,0
pay_0034003402,order_0034003402,32878,upi,none,captured,0,0,2026-07-24T10:06:57,0
pay_0034003403,order_0034003403,95436,upi,none,captured,0,0,2026-07-23T09:43:12,0
pay_0034003404,order_0034003404,551168,upi,none,captured,0,0,2026-07-04T09:41:10,0
pay_0034003405,order_0034003405,226828,upi,none,captured,0,0,2026-07-12T05:11:00,0
pay_0034003406,order_0034003406,89210,card,visa,captured,1784,321,2026-07-30T10:07:36,0
pay_0034003407,order_0034003407,147015,upi,none,failed,0,0,2026-07-05T11:02:27,0
pay_0034003408,order_0034003408,10901,upi,none,captured,0,0,2026-07-11T18:51:59,0
pay_0034003409,order_0034003409,30070,upi,none,captured,0,0,2026-07-08T21:56:35,0
pay_0034003410,order_0034003410,126073,netbanking,none,captured,2395,431,2026-07-26T04:45:01,0
pay_0034003411,order_0034003411,36636,wallet,none,captured,733,132,2026-07-25T15:51:09,0
pay_0034003412,order_0034003412,38374,upi,none,captured,0,0,2026-07-22T14:47:25,0
pay_0034003413,order_0034003413,22764,upi,none,captured,0,0,2026-07-10T04:42:40,0
pay_0034003414,order_0034003414,24517,upi,none,captured,0,0,2026-07-26T13:57:53,0
pay_0034003415,order_0034003415,32182,upi,none,failed,0,0,2026-07-21T19:52:21,0
pay_0034003416,order_0034003416,99121,upi,none,failed,0,0,2026-07-28T20:01:31,0
pay_0034003417,order_0034003417,408624,upi,none,captured,0,0,2026-07-14T03:10:52,0
pay_0034003418,order_0034003418,115240,netbanking,none,captured,2190,394,2026-07-14T22:13:12,0
pay_0034003419,order_0034003419,203502,upi,none,captured,0,0,2026-07-19T23:50:58,0
pay_0034003420,order_0034003420,70782,card,visa,captured,1416,255,2026-07-03T08:39:17,0
pay_0034003421,order_0034003421,45179,netbanking,none,captured,858,154,2026-07-29T11:48:49,0
pay_0034003422,order_0034003422,121030,wallet,none,captured,2421,436,2026-07-09T09:18:31,0
pay_0034003423,order_0034003423,16139,upi,none,captured,0,0,2026-07-05T16:25:04,0
pay_0034003424,order_0034003424,16602,upi,none,captured,0,0,2026-07-26T03:09:56,0
pay_0034003425,order_0034003425,279607,upi,none,captured,0,0,2026-07-19T05:03:11,0
pay_0034003426,order_0034003426,83203,upi,none,captured,0,0,2026-07-08T07:00:02,0
pay_0034003427,order_0034003427,155911,card,visa,failed,0,0,2026-07-18T04:25:52,0
pay_0034003428,order_0034003428,39279,upi,none,failed,0,0,2026-07-05T14:11:20,0
pay_0034003429,order_0034003429,6833,upi,none,captured,0,0,2026-07-19T06:40:55,0
pay_0034003430,order_0034003430,109597,upi,none,captured,0,0,2026-07-24T07:38:21,0
pay_0034003431,order_0034003431,113438,upi,none,captured,0,0,2026-07-02T22:35:02,0
pay_0034003432,order_0034003432,38143,upi,none,failed,0,0,2026-07-31T13:48:25,0
pay_0034003433,order_0034003433,48255,upi,none,captured,0,0,2026-07-17T19:45:34,0
pay_0034003434,order_0034003434,121075,upi,none,captured,0,0,2026-07-23T15:38:19,0
pay_0034003435,order_0034003435,91289,upi,none,captured,0,0,2026-07-08T15:38:41,0
pay_0034003436,order_0034003436,99174,upi,none,failed,0,0,2026-07-24T12:29:28,0
pay_0034003437,order_0034003437,186515,upi,none,captured,0,0,2026-07-10T01:47:13,0
pay_0034003438,order_0034003438,29197,upi,none,captured,0,0,2026-07-23T05:55:27,0
pay_0034003439,order_0034003439,145990,upi,none,captured,0,0,2026-07-23T13:58:54,0
pay_0034003440,order_0034003440,201087,upi,none,captured,0,0,2026-07-08T08:51:39,0
pay_0034003441,order_0034003441,105999,upi,none,captured,0,0,2026-07-13T21:30:10,0
pay_0034003442,order_0034003442,26203,upi,none,captured,0,0,2026-07-25T14:57:49,0
pay_0034003443,order_0034003443,4900,upi,none,captured,22,4,2026-07-16T12:28:16,0
pay_0034003444,order_0034003444,36321,wallet,none,captured,726,131,2026-07-29T16:52:44,0
pay_0034003445,order_0034003445,231319,upi,none,captured,0,0,2026-07-20T01:08:31,0
pay_0034003446,order_0034003446,93582,card,visa,captured,1872,337,2026-07-18T01:27:56,0
pay_0034003447,order_0034003447,95796,card,rupay,captured,958,172,2026-07-28T14:43:15,0
pay_0034003448,order_0034003448,26732,upi,none,captured,0,0,2026-07-18T01:44:45,0
pay_0034003449,order_0034003449,55020,card,visa,captured,1100,198,2026-07-19T06:00:52,0
pay_0034003450,order_0034003450,31050,upi,none,captured,0,0,2026-07-01T14:42:52,0
pay_0034003451,order_0034003451,247375,upi,none,captured,0,0,2026-07-02T02:41:52,0
pay_0034003452,order_0034003452,125844,upi,none,captured,0,0,2026-07-29T03:51:38,0
pay_0034003453,order_0034003453,283140,upi,none,captured,0,0,2026-07-31T10:58:00,0
pay_0034003454,order_0034003454,128513,upi,none,captured,0,0,2026-07-28T02:15:55,0
pay_0034003455,order_0034003455,132111,card,visa,captured,2642,476,2026-07-20T14:03:50,0
pay_0034003456,order_0034003456,35877,upi,none,failed,0,0,2026-07-03T21:06:01,0
pay_0034003457,order_0034003457,10444,upi,none,captured,0,0,2026-07-18T02:30:31,0
pay_0034003458,order_0034003458,381276,upi,none,captured,0,0,2026-07-31T01:26:30,0
pay_0034003459,order_0034003459,55450,card,rupay,captured,555,100,2026-07-30T02:40:33,0
pay_0034003460,order_0034003460,42331,upi,none,captured,0,0,2026-07-18T07:50:27,0
pay_0034003461,order_0034003461,583067,card,mastercard,failed,0,0,2026-07-14T18:40:45,0
pay_0034003462,order_0034003462,39081,card,amex,captured,1172,211,2026-07-22T12:38:46,0
pay_0034003463,order_0034003463,50477,netbanking,none,captured,959,173,2026-07-20T14:28:28,0
pay_0034003464,order_0034003464,427721,upi,none,captured,0,0,2026-07-21T05:50:28,0
pay_0034003465,order_0034003465,42322,card,mastercard,captured,846,152,2026-07-20T17:33:30,0
pay_0034003466,order_0034003466,180376,upi,none,failed,0,0,2026-07-09T03:42:57,0
pay_0034003467,order_0034003467,24167,upi,none,captured,0,0,2026-07-08T04:28:17,0
pay_0034003468,order_0034003468,64320,upi,none,captured,0,0,2026-07-17T02:51:06,0
pay_0034003469,order_0034003469,328370,card,rupay,captured,3284,591,2026-07-16T04:10:44,0
pay_0034003470,order_0034003470,135930,card,mastercard,captured,2719,489,2026-07-07T17:49:56,0
pay_0034003471,order_0034003471,86282,upi,none,captured,0,0,2026-07-28T11:42:24,0
pay_0034003472,order_0034003472,72899,card,rupay,captured,729,131,2026-07-01T01:45:02,0
pay_0034003473,order_0034003473,56930,upi,none,captured,0,0,2026-07-15T22:50:24,0
pay_0034003474,order_0034003474,76420,upi,none,captured,0,0,2026-07-07T16:06:26,0
pay_0034003475,order_0034003475,104638,upi,none,captured,0,0,2026-07-10T00:30:18,0
pay_0034003476,order_0034003476,57011,card,amex,captured,1710,308,2026-07-06T22:46:38,0
pay_0034003477,order_0034003477,60919,upi,none,captured,0,0,2026-07-02T04:34:29,0
pay_0034003478,order_0034003478,12766,upi,none,captured,0,0,2026-07-09T18:08:58,0
pay_0034003479,order_0034003479,778388,upi,none,captured,0,0,2026-07-09T19:44:28,0
pay_0034003480,order_0034003480,38577,card,visa,captured,772,139,2026-07-26T09:49:05,0
pay_0034003481,order_0034003481,538386,upi,none,captured,0,0,2026-07-21T06:09:30,0
pay_0034003482,order_0034003482,236357,upi,none,captured,0,0,2026-07-18T08:05:03,0
pay_0034003483,order_0034003483,276548,netbanking,none,captured,5254,946,2026-07-16T07:32:41,0
pay_0034003484,order_0034003484,141747,upi,none,captured,0,0,2026-07-31T12:33:54,0
pay_0034003485,order_0034003485,49215,card,rupay,captured,492,89,2026-07-14T12:32:20,0
pay_0034003486,order_0034003486,88187,card,rupay,captured,882,159,2026-07-01T11:05:59,0
pay_0034003487,order_0034003487,48354,upi,none,failed,0,0,2026-07-31T05:42:18,0
pay_0034003488,order_0034003488,440032,card,mastercard,captured,14521,2614,2026-07-30T01:52:31,1
pay_0034003489,order_0034003489,75436,upi,none,captured,0,0,2026-07-20T03:48:18,0
pay_0034003490,order_0034003490,337336,card,mastercard,captured,6747,1214,2026-07-08T23:59:46,0
pay_0034003491,order_0034003491,321754,upi,none,captured,0,0,2026-07-04T13:24:55,0
pay_0034003492,order_0034003492,143610,upi,none,captured,0,0,2026-07-14T07:27:40,0
pay_0034003493,order_0034003493,10904,card,rupay,captured,109,20,2026-07-13T13:07:29,0
pay_0034003494,order_0034003494,123631,card,rupay,captured,1236,222,2026-07-03T23:07:54,0
pay_0034003495,order_0034003495,99558,card,amex,captured,2987,538,2026-07-27T05:29:09,0
pay_0034003496,order_0034003496,34653,card,visa,captured,693,125,2026-07-23T05:32:02,0
pay_0034003497,order_0034003497,15462,upi,none,captured,0,0,2026-07-13T05:32:28,0
pay_0034003498,order_0034003498,29170,upi,none,captured,0,0,2026-07-14T00:11:32,0
pay_0034003499,order_0034003499,232145,upi,none,captured,0,0,2026-07-17T15:04:28,0
pay_0034003500,order_0034003500,99688,upi,none,captured,0,0,2026-07-03T14:44:27,0
pay_0034003501,order_0034003501,39322,card,mastercard,failed,0,0,2026-07-12T07:49:17,0
pay_0034003502,order_0034003502,160759,upi,none,captured,0,0,2026-07-05T00:40:44,0
pay_0034003503,order_0034003503,31812,card,mastercard,captured,636,114,2026-07-26T00:16:03,0
pay_0034003504,order_0034003504,19151,upi,none,captured,0,0,2026-07-07T09:50:16,0
pay_0034003505,order_0034003505,23167,upi,none,captured,0,0,2026-07-03T05:10:02,0
pay_0034003506,order_0034003506,62129,card,rupay,captured,621,112,2026-07-08T01:01:19,0
pay_0034003507,order_0034003507,127065,card,mastercard,captured,2541,457,2026-07-03T00:59:34,0
pay_0034003508,order_0034003508,37762,wallet,none,captured,755,136,2026-07-04T02:44:03,0
pay_0034003509,order_0034003509,142168,card,mastercard,captured,2843,512,2026-07-22T05:44:09,0
pay_0034003510,order_0034003510,136572,upi,none,captured,0,0,2026-07-07T06:42:02,0
pay_0034003511,order_0034003511,455643,upi,none,captured,0,0,2026-07-04T18:05:21,0
pay_0034003512,order_0034003512,128026,netbanking,none,captured,2432,438,2026-07-17T14:07:02,0
pay_0034003513,order_0034003513,138996,netbanking,none,captured,2641,475,2026-07-07T21:17:32,0
pay_0034003514,order_0034003514,95354,netbanking,none,captured,1812,326,2026-07-19T08:30:53,0
pay_0034003515,order_0034003515,389063,upi,none,captured,0,0,2026-07-20T13:56:52,0
pay_0034003516,order_0034003516,26391,upi,none,captured,0,0,2026-07-10T20:46:37,0
pay_0034003517,order_0034003517,206741,upi,none,captured,0,0,2026-07-18T03:04:32,0
pay_0034003518,order_0034003518,132083,upi,none,failed,0,0,2026-07-05T00:20:04,0
pay_0034003519,order_0034003519,65633,upi,none,captured,0,0,2026-07-26T07:18:50,0
pay_0034003520,order_0034003520,56951,netbanking,none,captured,1082,195,2026-07-18T10:42:19,0
pay_0034003521,order_0034003521,38875,upi,none,captured,0,0,2026-07-14T01:12:01,0
pay_0034003522,order_0034003522,54254,upi,none,captured,244,44,2026-07-20T04:30:59,0
pay_0034003523,order_0034003523,80358,card,mastercard,captured,1607,289,2026-07-07T11:25:54,0
pay_0034003524,order_0034003524,44665,wallet,none,captured,893,161,2026-07-29T13:21:02,0
pay_0034003525,order_0034003525,39348,upi,none,captured,0,0,2026-07-30T20:53:09,0
pay_0034003526,order_0034003526,24648,card,visa,failed,0,0,2026-07-18T22:28:03,0
pay_0034003527,order_0034003527,52658,upi,none,failed,0,0,2026-07-27T09:13:54,0
pay_0034003528,order_0034003528,294465,netbanking,none,captured,5595,1007,2026-07-04T23:38:02,0
pay_0034003529,order_0034003529,244539,card,mastercard,failed,0,0,2026-07-24T19:05:38,0
pay_0034003530,order_0034003530,121213,upi,none,captured,0,0,2026-07-07T21:37:50,0
pay_0034003531,order_0034003531,619421,card,visa,captured,12388,2230,2026-07-15T02:12:38,0
pay_0034003532,order_0034003532,21990,card,mastercard,captured,440,79,2026-07-26T04:36:12,0
pay_0034003533,order_0034003533,51679,upi,none,captured,0,0,2026-07-19T23:48:53,0
pay_0034003534,order_0034003534,66600,upi,none,captured,0,0,2026-07-25T22:41:36,0
pay_0034003535,order_0034003535,51657,card,rupay,captured,517,93,2026-07-01T06:05:05,0
pay_0034003536,order_0034003536,45646,upi,none,captured,0,0,2026-07-06T15:31:05,0
pay_0034003537,order_0034003537,37112,upi,none,captured,0,0,2026-07-31T04:54:04,0
pay_0034003538,order_0034003538,84446,upi,none,captured,0,0,2026-07-23T02:39:02,0
pay_0034003539,order_0034003539,37181,wallet,none,captured,744,134,2026-07-23T23:44:26,0
pay_0034003540,order_0034003540,76585,card,rupay,captured,1110,200,2026-07-10T22:31:48,0
pay_0034003541,order_0034003541,202063,upi,none,failed,0,0,2026-07-22T08:11:10,0
pay_0034003542,order_0034003542,173894,netbanking,none,captured,3304,595,2026-07-16T18:01:08,0
pay_0034003543,order_0034003543,120688,wallet,none,captured,2414,435,2026-07-19T12:13:35,0
pay_0034003544,order_0034003544,196400,upi,none,captured,0,0,2026-07-08T05:40:20,0
pay_0034003545,order_0034003545,61356,upi,none,captured,0,0,2026-07-27T05:36:59,0
pay_0034003546,order_0034003546,168837,card,visa,captured,3377,608,2026-07-01T00:50:44,0
pay_0034003547,order_0034003547,144674,upi,none,captured,0,0,2026-07-03T17:53:38,0
pay_0034003548,order_0034003548,64954,wallet,none,captured,1299,234,2026-07-09T16:14:08,0
pay_0034003549,order_0034003549,13744,card,mastercard,captured,275,50,2026-07-16T18:22:03,0
pay_0034003550,order_0034003550,112402,upi,none,captured,0,0,2026-07-14T05:05:30,0
pay_0034003551,order_0034003551,181101,upi,none,captured,0,0,2026-07-17T05:08:08,0
pay_0034003552,order_0034003552,33500,card,visa,captured,670,121,2026-07-17T02:18:32,0
pay_0034003553,order_0034003553,168900,card,visa,failed,0,0,2026-07-14T16:18:25,0
pay_0034003554,order_0034003554,393472,upi,none,captured,0,0,2026-07-07T14:22:02,0
pay_0034003555,order_0034003555,102195,upi,none,failed,0,0,2026-07-26T11:46:21,0
pay_0034003556,order_0034003556,225934,upi,none,captured,0,0,2026-07-01T11:45:05,0
pay_0034003557,order_0034003557,127261,wallet,none,captured,2545,458,2026-07-11T09:26:13,0
pay_0034003558,order_0034003558,10263,upi,none,captured,0,0,2026-07-27T21:08:27,0
pay_0034003559,order_0034003559,140570,upi,none,captured,0,0,2026-07-10T15:17:47,0
pay_0034003560,order_0034003560,37185,upi,none,captured,0,0,2026-07-17T07:13:28,0
pay_0034003561,order_0034003561,46193,upi,none,captured,0,0,2026-07-23T03:13:53,0
pay_0034003562,order_0034003562,52681,upi,none,captured,0,0,2026-07-09T07:50:17,0
pay_0034003563,order_0034003563,117796,card,visa,captured,2356,424,2026-07-27T05:59:08,0
pay_0034003564,order_0034003564,37532,upi,none,captured,0,0,2026-07-04T02:22:39,0
pay_0034003565,order_0034003565,160014,upi,none,captured,0,0,2026-07-31T15:29:12,0
pay_0034003566,order_0034003566,81423,card,visa,captured,1628,293,2026-07-22T17:34:28,0
pay_0034003567,order_0034003567,64208,card,visa,captured,1284,231,2026-07-05T23:40:39,0
pay_0034003568,order_0034003568,94259,netbanking,none,captured,1791,322,2026-07-22T19:57:52,0
pay_0034003569,order_0034003569,405529,upi,none,captured,0,0,2026-07-16T08:54:37,0
pay_0034003570,order_0034003570,118308,card,visa,captured,2366,426,2026-07-25T17:34:17,0
pay_0034003571,order_0034003571,116432,card,mastercard,captured,2329,419,2026-07-31T00:55:32,0
pay_0034003572,order_0034003572,37618,netbanking,none,captured,715,129,2026-07-04T01:57:40,0
pay_0034003573,order_0034003573,156273,card,visa,captured,3125,563,2026-07-09T23:10:18,0
pay_0034003574,order_0034003574,35809,wallet,none,captured,716,129,2026-07-14T03:03:43,0
pay_0034003575,order_0034003575,105353,netbanking,none,captured,2002,360,2026-07-22T02:13:43,0
pay_0034003576,order_0034003576,105269,upi,none,captured,0,0,2026-07-07T14:13:33,0
pay_0034003577,order_0034003577,209128,card,visa,captured,4183,753,2026-07-08T17:43:28,0
pay_0034003578,order_0034003578,54155,upi,none,failed,0,0,2026-07-05T19:27:43,0
pay_0034003579,order_0034003579,791779,upi,none,captured,0,0,2026-07-25T00:46:15,0
pay_0034003580,order_0034003580,49051,netbanking,none,captured,932,168,2026-07-10T15:11:18,0
pay_0034003581,order_0034003581,124457,upi,none,captured,0,0,2026-07-02T03:17:48,0
pay_0034003582,order_0034003582,53505,upi,none,captured,0,0,2026-07-25T05:33:57,0
pay_0034003583,order_0034003583,47222,upi,none,captured,0,0,2026-07-21T23:07:31,0
pay_0034003584,order_0034003584,270988,upi,none,captured,0,0,2026-07-26T17:00:16,0
pay_0034003585,order_0034003585,119664,netbanking,none,captured,2274,409,2026-07-09T15:52:01,0
pay_0034003586,order_0034003586,190585,upi,none,captured,0,0,2026-07-13T19:56:21,0
pay_0034003587,order_0034003587,71240,card,mastercard,captured,1425,257,2026-07-11T02:48:02,0
pay_0034003588,order_0034003588,66798,netbanking,none,captured,1269,228,2026-07-23T07:11:56,0
pay_0034003589,order_0034003589,420803,card,rupay,failed,0,0,2026-07-27T22:37:56,0
pay_0034003590,order_0034003590,49359,upi,none,captured,0,0,2026-07-10T03:08:13,0
pay_0034003591,order_0034003591,63949,upi,none,captured,0,0,2026-07-31T13:44:07,0
pay_0034003592,order_0034003592,69045,card,visa,captured,1381,249,2026-07-28T06:06:34,0
pay_0034003593,order_0034003593,186151,wallet,none,captured,3723,670,2026-07-13T09:17:19,0
pay_0034003594,order_0034003594,32126,card,mastercard,captured,643,116,2026-07-04T11:52:38,0
pay_0034003595,order_0034003595,68468,upi,none,captured,0,0,2026-07-28T16:30:42,0
pay_0034003596,order_0034003596,212731,upi,none,captured,0,0,2026-07-20T04:44:07,0
pay_0034003597,order_0034003597,72332,upi,none,failed,0,0,2026-07-16T19:31:58,0
pay_0034003598,order_0034003598,47292,card,rupay,captured,473,85,2026-07-20T07:58:37,0
pay_0034003599,order_0034003599,37592,card,visa,captured,752,135,2026-07-09T15:54:40,0
pay_0034003600,order_0034003600,4900,wallet,none,captured,98,18,2026-07-08T01:07:31,0
pay_0034003601,order_0034003601,53997,upi,none,captured,0,0,2026-07-31T06:48:36,0
pay_0034003602,order_0034003602,118364,upi,none,captured,0,0,2026-07-13T17:49:28,0
pay_0034003603,order_0034003603,29392,upi,none,captured,0,0,2026-07-31T19:50:14,0
pay_0034003604,order_0034003604,68144,card,rupay,captured,681,123,2026-07-28T16:32:31,0
pay_0034003605,order_0034003605,40242,card,visa,captured,805,145,2026-07-17T23:27:36,0
pay_0034003606,order_0034003606,19370,upi,none,captured,0,0,2026-07-10T06:29:05,0
pay_0034003607,order_0034003607,106477,upi,none,captured,0,0,2026-07-06T01:40:10,0
pay_0034003608,order_0034003608,20313,netbanking,none,captured,386,69,2026-07-04T03:43:40,0
pay_0034003609,order_0034003609,36097,upi,none,captured,0,0,2026-07-17T11:46:27,0
pay_0034003610,order_0034003610,27831,upi,none,captured,0,0,2026-07-24T11:07:07,0
pay_0034003611,order_0034003611,90938,netbanking,none,captured,1728,311,2026-07-24T00:14:21,0
pay_0034003612,order_0034003612,14710,upi,none,failed,0,0,2026-07-05T01:11:27,0
pay_0034003613,order_0034003613,157676,upi,none,captured,0,0,2026-07-22T16:05:48,0
pay_0034003614,order_0034003614,41681,upi,none,captured,0,0,2026-07-21T12:05:49,0
pay_0034003615,order_0034003615,31329,card,mastercard,captured,627,113,2026-07-12T11:03:01,0
pay_0034003616,order_0034003616,17946,wallet,none,captured,359,65,2026-07-16T20:43:12,0
pay_0034003617,order_0034003617,94408,wallet,none,failed,0,0,2026-07-19T00:53:45,0
pay_0034003618,order_0034003618,351549,upi,none,captured,0,0,2026-07-23T12:15:52,0
pay_0034003619,order_0034003619,34383,netbanking,none,captured,653,118,2026-07-22T05:11:02,0
pay_0034003620,order_0034003620,53551,upi,none,captured,0,0,2026-07-12T03:36:27,0
pay_0034003621,order_0034003621,71457,upi,none,captured,0,0,2026-07-31T03:43:33,0
pay_0034003622,order_0034003622,76760,upi,none,captured,0,0,2026-07-25T12:06:22,0
pay_0034003623,order_0034003623,126237,upi,none,captured,0,0,2026-07-26T19:55:37,0
pay_0034003624,order_0034003624,51639,card,rupay,captured,516,93,2026-07-19T13:59:05,0
pay_0034003625,order_0034003625,64402,upi,none,captured,0,0,2026-07-27T07:01:53,0
pay_0034003626,order_0034003626,538093,upi,none,captured,0,0,2026-07-30T14:27:31,0
pay_0034003627,order_0034003627,68655,upi,none,captured,0,0,2026-07-24T07:19:11,0
pay_0034003628,order_0034003628,59304,netbanking,none,captured,1127,203,2026-07-15T12:42:47,0
pay_0034003629,order_0034003629,39429,card,visa,captured,789,142,2026-07-25T20:46:29,0
pay_0034003630,order_0034003630,311763,card,visa,captured,6235,1122,2026-07-16T07:15:10,0
pay_0034003631,order_0034003631,208077,upi,none,failed,0,0,2026-07-28T10:38:42,0
pay_0034003632,order_0034003632,107134,upi,none,captured,0,0,2026-07-12T10:25:43,0
pay_0034003633,order_0034003633,38582,upi,none,captured,0,0,2026-07-10T22:15:26,0
pay_0034003634,order_0034003634,12495,card,mastercard,captured,250,45,2026-07-18T19:55:19,0
pay_0034003635,order_0034003635,173627,upi,none,captured,0,0,2026-07-14T08:07:28,0
pay_0034003636,order_0034003636,71820,upi,none,captured,0,0,2026-07-11T17:56:03,0
pay_0034003637,order_0034003637,40281,upi,none,captured,0,0,2026-07-03T12:34:11,0
pay_0034003638,order_0034003638,181741,card,rupay,captured,1817,327,2026-07-29T19:12:09,0
pay_0034003639,order_0034003639,205338,upi,none,captured,0,0,2026-07-15T23:33:45,0
pay_0034003640,order_0034003640,52969,card,visa,captured,1059,191,2026-07-19T11:35:49,0
pay_0034003641,order_0034003641,27544,upi,none,failed,0,0,2026-07-29T15:57:25,0
pay_0034003642,order_0034003642,38922,upi,none,captured,0,0,2026-07-11T21:34:54,0
pay_0034003643,order_0034003643,83228,upi,none,captured,0,0,2026-07-08T20:31:08,0
pay_0034003644,order_0034003644,1532362,upi,none,captured,0,0,2026-07-13T08:08:26,0
pay_0034003645,order_0034003645,165580,upi,none,failed,0,0,2026-07-04T07:45:08,0
pay_0034003646,order_0034003646,57867,netbanking,none,captured,1099,198,2026-07-24T02:22:14,0
pay_0034003647,order_0034003647,27548,upi,none,captured,0,0,2026-07-16T08:47:05,0
pay_0034003648,order_0034003648,37575,upi,none,captured,0,0,2026-07-27T12:26:06,0
pay_0034003649,order_0034003649,51836,card,rupay,captured,518,93,2026-07-27T14:57:00,0
pay_0034003650,order_0034003650,18577,upi,none,captured,0,0,2026-07-31T07:10:45,0
pay_0034003651,order_0034003651,29078,upi,none,captured,0,0,2026-07-08T04:20:27,0
pay_0034003652,order_0034003652,190249,card,rupay,failed,0,0,2026-07-16T13:38:16,0
pay_0034003653,order_0034003653,87178,card,amex,captured,2615,471,2026-07-12T12:02:27,0
pay_0034003654,order_0034003654,25697,card,visa,captured,514,93,2026-07-05T18:45:30,0
pay_0034003655,order_0034003655,49322,card,visa,captured,986,177,2026-07-29T19:13:16,0
pay_0034003656,order_0034003656,182406,card,mastercard,captured,3648,657,2026-07-29T07:53:27,0
pay_0034003657,order_0034003657,104369,upi,none,captured,0,0,2026-07-30T00:29:24,0
pay_0034003658,order_0034003658,246821,upi,none,captured,0,0,2026-07-23T14:20:18,0
pay_0034003659,order_0034003659,76347,upi,none,captured,0,0,2026-07-03T23:53:15,0
pay_0034003660,order_0034003660,13443,upi,none,captured,0,0,2026-07-17T05:47:38,0
pay_0034003661,order_0034003661,53184,card,rupay,captured,532,96,2026-07-21T07:21:14,0
pay_0034003662,order_0034003662,38819,upi,none,captured,0,0,2026-07-29T15:45:43,0
pay_0034003663,order_0034003663,25323,upi,none,captured,0,0,2026-07-17T19:14:44,0
pay_0034003664,order_0034003664,41505,netbanking,none,captured,789,142,2026-07-31T23:36:24,0
pay_0034003665,order_0034003665,274247,upi,none,captured,0,0,2026-07-02T01:20:57,0
pay_0034003666,order_0034003666,69999,upi,none,failed,0,0,2026-07-01T15:02:27,0
pay_0034003667,order_0034003667,57346,upi,none,captured,0,0,2026-07-03T11:45:29,0
pay_0034003668,order_0034003668,234022,card,visa,captured,4680,842,2026-07-10T14:39:58,0
pay_0034003669,order_0034003669,38683,card,mastercard,captured,774,139,2026-07-05T06:51:53,0
pay_0034003670,order_0034003670,73096,card,mastercard,failed,0,0,2026-07-19T12:54:41,0
pay_0034003671,order_0034003671,186290,upi,none,captured,0,0,2026-07-05T15:37:44,0
pay_0034003672,order_0034003672,220575,card,visa,captured,4412,794,2026-07-12T22:38:55,0
pay_0034003673,order_0034003673,12711,upi,none,captured,0,0,2026-07-29T07:03:23,0
pay_0034003674,order_0034003674,37641,upi,none,captured,0,0,2026-07-12T06:14:26,0
pay_0034003675,order_0034003675,217548,upi,none,captured,0,0,2026-07-12T15:21:51,0
pay_0034003676,order_0034003676,39326,upi,none,captured,0,0,2026-07-17T23:48:03,0
pay_0034003677,order_0034003677,387959,upi,none,captured,0,0,2026-07-25T06:43:35,0
pay_0034003678,order_0034003678,52523,upi,none,captured,0,0,2026-07-28T11:53:51,0
pay_0034003679,order_0034003679,81223,upi,none,failed,0,0,2026-07-06T15:58:40,0
pay_0034003680,order_0034003680,147809,upi,none,captured,0,0,2026-07-24T13:45:33,0
pay_0034003681,order_0034003681,55093,upi,none,captured,0,0,2026-07-11T17:11:34,0
pay_0034003682,order_0034003682,695735,upi,none,captured,0,0,2026-07-26T10:38:28,0
pay_0034003683,order_0034003683,430972,upi,none,captured,0,0,2026-07-25T14:06:42,0
pay_0034003684,order_0034003684,129927,upi,none,captured,0,0,2026-07-17T00:07:07,0
pay_0034003685,order_0034003685,46050,netbanking,none,captured,875,158,2026-07-26T14:55:53,0
pay_0034003686,order_0034003686,138344,upi,none,captured,0,0,2026-07-09T17:22:50,0
pay_0034003687,order_0034003687,290334,card,visa,failed,0,0,2026-07-16T01:08:41,0
pay_0034003688,order_0034003688,97288,card,visa,captured,1946,350,2026-07-11T08:30:49,0
pay_0034003689,order_0034003689,319263,card,visa,captured,6385,1149,2026-07-04T21:39:19,0
pay_0034003690,order_0034003690,79737,upi,none,captured,0,0,2026-07-02T10:26:02,0
pay_0034003691,order_0034003691,56712,netbanking,none,captured,1078,194,2026-07-08T17:46:02,0
pay_0034003692,order_0034003692,96128,upi,none,captured,0,0,2026-07-14T20:29:50,0
pay_0034003693,order_0034003693,189959,upi,none,captured,0,0,2026-07-17T09:14:36,0
pay_0034003694,order_0034003694,87365,netbanking,none,captured,1660,299,2026-07-11T20:46:17,0
pay_0034003695,order_0034003695,106478,upi,none,captured,0,0,2026-07-25T06:22:38,0
pay_0034003696,order_0034003696,72611,upi,none,captured,0,0,2026-07-04T04:02:59,0
pay_0034003697,order_0034003697,23377,card,visa,captured,468,84,2026-07-31T21:15:58,0
pay_0034003698,order_0034003698,160980,upi,none,captured,0,0,2026-07-14T21:01:10,0
pay_0034003699,order_0034003699,37288,card,mastercard,captured,746,134,2026-07-01T19:32:11,0
pay_0034003700,order_0034003700,174582,upi,none,captured,0,0,2026-07-25T04:17:51,0
pay_0034003701,order_0034003701,29570,card,visa,captured,591,106,2026-07-08T06:21:56,0
pay_0034003702,order_0034003702,64874,upi,none,captured,0,0,2026-07-08T14:44:37,0
pay_0034003703,order_0034003703,57871,card,visa,captured,1157,208,2026-07-27T09:29:29,0
pay_0034003704,order_0034003704,90076,upi,none,captured,0,0,2026-07-16T01:26:45,0
pay_0034003705,order_0034003705,51473,upi,none,captured,0,0,2026-07-18T14:04:29,0
pay_0034003706,order_0034003706,11975,netbanking,none,captured,228,41,2026-07-12T21:14:17,0
pay_0034003707,order_0034003707,973349,wallet,none,failed,0,0,2026-07-20T01:23:26,0
pay_0034003708,order_0034003708,52149,card,rupay,captured,521,94,2026-07-01T14:41:22,0
pay_0034003709,order_0034003709,45118,upi,none,captured,0,0,2026-07-29T04:23:28,0
pay_0034003710,order_0034003710,79251,wallet,none,captured,1585,285,2026-07-25T14:16:37,0
pay_0034003711,order_0034003711,132750,card,visa,captured,2655,478,2026-07-03T16:54:41,0
pay_0034003712,order_0034003712,52593,upi,none,captured,0,0,2026-07-18T20:42:04,0
pay_0034003713,order_0034003713,147107,upi,none,failed,0,0,2026-07-03T02:00:12,0
pay_0034003714,order_0034003714,77793,netbanking,none,captured,1478,266,2026-07-02T13:07:53,0
pay_0034003715,order_0034003715,86419,upi,none,captured,0,0,2026-07-24T01:23:04,0
pay_0034003716,order_0034003716,77157,card,visa,failed,0,0,2026-07-12T13:36:06,0
pay_0034003717,order_0034003717,26117,card,mastercard,failed,0,0,2026-07-10T01:44:41,0
pay_0034003718,order_0034003718,22014,netbanking,none,captured,418,75,2026-07-19T01:14:09,0
pay_0034003719,order_0034003719,62252,upi,none,captured,0,0,2026-07-28T15:23:45,0
pay_0034003720,order_0034003720,19175,upi,none,captured,0,0,2026-07-13T12:09:46,0
pay_0034003721,order_0034003721,300230,netbanking,none,captured,5704,1027,2026-07-27T09:58:42,0
pay_0034003722,order_0034003722,73781,card,rupay,captured,738,133,2026-07-20T17:29:51,0
pay_0034003723,order_0034003723,28527,card,visa,captured,571,103,2026-07-22T15:17:17,0
pay_0034003724,order_0034003724,27348,netbanking,none,captured,520,94,2026-07-27T01:05:47,0
pay_0034003725,order_0034003725,24618,wallet,none,captured,492,89,2026-07-08T19:42:03,0
pay_0034003726,order_0034003726,30051,upi,none,captured,0,0,2026-07-15T17:38:50,0
pay_0034003727,order_0034003727,14602,netbanking,none,captured,277,50,2026-07-31T12:55:58,0
pay_0034003728,order_0034003728,1365695,card,visa,captured,27314,4917,2026-07-20T01:53:47,0
pay_0034003729,order_0034003729,26632,card,amex,captured,799,144,2026-07-18T18:23:24,0
pay_0034003730,order_0034003730,123676,upi,none,captured,0,0,2026-07-01T11:49:57,0
pay_0034003731,order_0034003731,19546,upi,none,captured,0,0,2026-07-31T22:41:45,0
pay_0034003732,order_0034003732,79749,upi,none,captured,0,0,2026-07-11T09:03:31,0
pay_0034003733,order_0034003733,84090,card,visa,captured,1682,303,2026-07-11T03:39:43,0
pay_0034003734,order_0034003734,149315,upi,none,captured,0,0,2026-07-24T06:27:40,0
pay_0034003735,order_0034003735,80479,card,rupay,captured,805,145,2026-07-25T18:16:53,0
pay_0034003736,order_0034003736,69455,upi,none,captured,0,0,2026-07-10T09:15:54,0
pay_0034003737,order_0034003737,243733,upi,none,captured,0,0,2026-07-19T02:43:51,0
pay_0034003738,order_0034003738,53002,upi,none,captured,0,0,2026-07-28T10:48:20,0
pay_0034003739,order_0034003739,128364,upi,none,captured,0,0,2026-07-07T20:17:13,0
pay_0034003740,order_0034003740,68466,card,visa,captured,1369,246,2026-07-10T02:16:31,0
pay_0034003741,order_0034003741,77186,upi,none,captured,0,0,2026-07-18T04:53:48,0
pay_0034003742,order_0034003742,65059,upi,none,captured,0,0,2026-07-07T01:41:44,0
pay_0034003743,order_0034003743,91369,upi,none,captured,0,0,2026-07-10T02:13:56,0
pay_0034003744,order_0034003744,54317,wallet,none,captured,1086,195,2026-07-12T07:18:36,0
pay_0034003745,order_0034003745,124007,upi,none,captured,0,0,2026-07-09T20:57:25,0
pay_0034003746,order_0034003746,109716,upi,none,captured,0,0,2026-07-16T09:41:10,0
pay_0034003747,order_0034003747,133764,wallet,none,failed,0,0,2026-07-28T11:11:29,0
pay_0034003748,order_0034003748,15895,netbanking,none,captured,302,54,2026-07-30T05:01:27,0
pay_0034003749,order_0034003749,25244,upi,none,captured,0,0,2026-07-05T18:04:08,0
pay_0034003750,order_0034003750,45462,netbanking,none,captured,864,156,2026-07-21T15:54:49,0
pay_0034003751,order_0034003751,98816,upi,none,captured,0,0,2026-07-05T20:56:24,0
pay_0034003752,order_0034003752,52668,card,mastercard,captured,1053,190,2026-07-19T20:20:40,0
pay_0034003753,order_0034003753,152013,upi,none,captured,0,0,2026-07-23T05:49:13,0
pay_0034003754,order_0034003754,155403,card,mastercard,captured,3108,559,2026-07-16T08:07:53,0
pay_0034003755,order_0034003755,20451,netbanking,none,captured,389,70,2026-07-19T10:20:05,0
pay_0034003756,order_0034003756,45472,card,mastercard,failed,0,0,2026-07-25T16:14:06,0
pay_0034003757,order_0034003757,108715,upi,none,captured,0,0,2026-07-02T15:04:51,0
pay_0034003758,order_0034003758,165451,upi,none,captured,0,0,2026-07-29T11:12:40,0
pay_0034003759,order_0034003759,185437,upi,none,captured,0,0,2026-07-13T08:58:38,0
pay_0034003760,order_0034003760,174567,upi,none,captured,0,0,2026-07-17T06:14:33,0
pay_0034003761,order_0034003761,174043,upi,none,captured,0,0,2026-07-30T10:36:40,0
pay_0034003762,order_0034003762,108686,upi,none,captured,0,0,2026-07-09T09:21:28,0
pay_0034003763,order_0034003763,45501,upi,none,captured,0,0,2026-07-29T23:11:48,0
pay_0034003764,order_0034003764,177265,upi,none,captured,0,0,2026-07-07T23:58:47,0
pay_0034003765,order_0034003765,122462,upi,none,captured,0,0,2026-07-13T23:00:41,0
pay_0034003766,order_0034003766,511637,upi,none,captured,0,0,2026-07-24T21:00:48,0
pay_0034003767,order_0034003767,34289,upi,none,captured,0,0,2026-07-31T04:42:22,0
pay_0034003768,order_0034003768,151693,upi,none,captured,0,0,2026-07-29T16:11:18,0
pay_0034003769,order_0034003769,78467,upi,none,captured,0,0,2026-07-01T07:54:06,0
pay_0034003770,order_0034003770,118601,upi,none,captured,0,0,2026-07-04T00:23:56,0
pay_0034003771,order_0034003771,5621,upi,none,captured,0,0,2026-07-10T23:42:38,0
pay_0034003772,order_0034003772,10340,upi,none,captured,0,0,2026-07-10T02:42:23,0
pay_0034003773,order_0034003773,67995,wallet,none,captured,1360,245,2026-07-25T04:18:08,0
pay_0034003774,order_0034003774,12992,upi,none,captured,0,0,2026-07-17T15:15:21,0
pay_0034003775,order_0034003775,68292,upi,none,captured,0,0,2026-07-28T01:09:59,0
pay_0034003776,order_0034003776,19140,card,visa,captured,383,69,2026-07-19T14:09:47,0
pay_0034003777,order_0034003777,151071,upi,none,captured,0,0,2026-07-24T14:40:13,0
pay_0034003778,order_0034003778,43705,card,rupay,captured,437,79,2026-07-15T11:15:40,0
pay_0034003779,order_0034003779,86214,upi,none,captured,0,0,2026-07-17T06:14:48,0
pay_0034003780,order_0034003780,132320,upi,none,captured,0,0,2026-07-23T00:11:10,0
pay_0034003781,order_0034003781,22530,upi,none,captured,0,0,2026-07-13T14:06:47,0
pay_0034003782,order_0034003782,564038,upi,none,captured,0,0,2026-07-04T23:47:05,0
pay_0034003783,order_0034003783,82912,upi,none,captured,0,0,2026-07-17T07:24:04,0
pay_0034003784,order_0034003784,55926,upi,none,captured,0,0,2026-07-26T02:48:20,0
pay_0034003785,order_0034003785,43980,upi,none,captured,0,0,2026-07-11T00:27:36,0
pay_0034003786,order_0034003786,40180,card,mastercard,captured,804,145,2026-07-31T17:29:23,0
pay_0034003787,order_0034003787,241609,card,visa,captured,4832,870,2026-07-18T20:28:16,0
pay_0034003788,order_0034003788,89848,upi,none,captured,0,0,2026-07-18T17:55:41,0
pay_0034003789,order_0034003789,42314,card,visa,captured,846,152,2026-07-10T17:40:15,0
pay_0034003790,order_0034003790,89378,upi,none,captured,0,0,2026-07-11T16:06:35,0
pay_0034003791,order_0034003791,65934,card,rupay,captured,659,119,2026-07-31T06:40:19,0
pay_0034003792,order_0034003792,202161,wallet,none,captured,4043,728,2026-07-31T15:03:17,0
pay_0034003793,order_0034003793,19915,card,visa,captured,398,72,2026-07-12T05:15:10,0
pay_0034003794,order_0034003794,12497,upi,none,captured,0,0,2026-07-17T02:57:45,0
pay_0034003795,order_0034003795,45844,upi,none,captured,0,0,2026-07-04T21:04:59,0
pay_0034003796,order_0034003796,6983,upi,none,captured,0,0,2026-07-21T10:37:24,0
pay_0034003797,order_0034003797,91138,upi,none,captured,0,0,2026-07-06T16:13:46,0
pay_0034003798,order_0034003798,64589,netbanking,none,captured,1227,221,2026-07-28T06:56:32,0
pay_0034003799,order_0034003799,38765,upi,none,captured,0,0,2026-07-17T06:16:44,0
pay_0034003800,order_0034003800,49823,upi,none,captured,0,0,2026-07-28T19:12:57,0
pay_0034003801,order_0034003801,83487,card,amex,captured,2505,451,2026-07-28T01:47:19,0
pay_0034003802,order_0034003802,34762,card,mastercard,captured,695,125,2026-07-27T18:52:05,0
pay_0034003803,order_0034003803,164782,card,mastercard,captured,3296,593,2026-07-09T12:43:03,0
pay_0034003804,order_0034003804,131677,upi,none,captured,0,0,2026-07-09T03:10:18,0
pay_0034003805,order_0034003805,97750,card,visa,captured,1955,352,2026-07-22T15:16:19,0
pay_0034003806,order_0034003806,331251,upi,none,captured,0,0,2026-07-26T15:47:38,0
pay_0034003807,order_0034003807,134808,upi,none,captured,0,0,2026-07-16T18:14:24,0
pay_0034003808,order_0034003808,130956,upi,none,captured,0,0,2026-07-13T21:21:05,0
pay_0034003809,order_0034003809,190890,upi,none,captured,0,0,2026-07-14T00:12:11,0
pay_0034003810,order_0034003810,12429,upi,none,captured,0,0,2026-07-02T04:11:35,0
pay_0034003811,order_0034003811,58464,upi,none,captured,0,0,2026-07-14T07:31:24,0
pay_0034003812,order_0034003812,46712,upi,none,captured,0,0,2026-07-26T10:05:32,0
pay_0034003813,order_0034003813,165287,upi,none,captured,0,0,2026-07-14T09:33:37,0
pay_0034003814,order_0034003814,43171,upi,none,captured,0,0,2026-07-24T21:40:31,0
pay_0034003815,order_0034003815,130590,upi,none,captured,0,0,2026-07-05T17:38:03,0
pay_0034003816,order_0034003816,127035,upi,none,captured,0,0,2026-07-16T21:00:38,0
pay_0034003817,order_0034003817,277668,card,rupay,captured,2777,500,2026-07-15T04:34:52,0
pay_0034003818,order_0034003818,174706,upi,none,captured,0,0,2026-07-01T10:24:28,0
pay_0034003819,order_0034003819,32364,card,visa,captured,647,116,2026-07-24T09:58:37,0
pay_0034003820,order_0034003820,23268,upi,none,failed,0,0,2026-07-29T05:36:52,0
pay_0034003821,order_0034003821,338614,upi,none,captured,0,0,2026-07-17T17:04:41,0
pay_0034003822,order_0034003822,29368,upi,none,captured,0,0,2026-07-07T23:15:19,0
pay_0034003823,order_0034003823,64250,upi,none,captured,0,0,2026-07-25T19:34:29,0
pay_0034003824,order_0034003824,54848,upi,none,captured,0,0,2026-07-27T10:34:33,0
pay_0034003825,order_0034003825,165841,upi,none,captured,0,0,2026-07-09T19:10:55,0
pay_0034003826,order_0034003826,501972,upi,none,captured,0,0,2026-07-09T12:01:02,0
pay_0034003827,order_0034003827,36787,card,mastercard,captured,736,132,2026-07-14T15:41:01,0
pay_0034003828,order_0034003828,77311,card,mastercard,captured,1546,278,2026-07-07T07:26:26,0
pay_0034003829,order_0034003829,143539,upi,none,captured,0,0,2026-07-31T18:25:38,0
pay_0034003830,order_0034003830,82717,card,visa,failed,0,0,2026-07-18T21:39:54,0
pay_0034003831,order_0034003831,49947,upi,none,captured,0,0,2026-07-27T12:42:03,0
pay_0034003832,order_0034003832,82219,upi,none,captured,0,0,2026-07-13T05:34:51,0
pay_0034003833,order_0034003833,82596,card,visa,captured,1652,297,2026-07-18T08:10:19,0
pay_0034003834,order_0034003834,27540,card,rupay,captured,275,50,2026-07-13T22:43:49,0
pay_0034003835,order_0034003835,35581,card,rupay,captured,356,64,2026-07-29T23:43:17,0
pay_0034003836,order_0034003836,111311,netbanking,none,failed,0,0,2026-07-28T09:30:51,0
pay_0034003837,order_0034003837,18111,card,mastercard,captured,362,65,2026-07-11T08:01:25,0
pay_0034003838,order_0034003838,162660,card,mastercard,captured,3253,586,2026-07-08T08:24:31,0
pay_0034003839,order_0034003839,165801,upi,none,captured,0,0,2026-07-09T13:59:42,0
pay_0034003840,order_0034003840,31636,upi,none,captured,0,0,2026-07-07T04:35:32,0
pay_0034003841,order_0034003841,379712,card,mastercard,captured,7594,1367,2026-07-23T14:09:50,0
pay_0034003842,order_0034003842,542103,card,mastercard,captured,10842,1952,2026-07-24T12:54:11,0
pay_0034003843,order_0034003843,34450,card,mastercard,captured,689,124,2026-07-02T12:56:49,0
pay_0034003844,order_0034003844,72178,card,mastercard,failed,0,0,2026-07-11T19:59:09,0
pay_0034003845,order_0034003845,233157,upi,none,captured,0,0,2026-07-12T22:04:53,0
pay_0034003846,order_0034003846,30964,card,mastercard,failed,0,0,2026-07-04T02:53:12,0
pay_0034003847,order_0034003847,148995,netbanking,none,captured,2831,510,2026-07-12T11:41:52,0
pay_0034003848,order_0034003848,53948,upi,none,captured,0,0,2026-07-15T13:49:00,0
pay_0034003849,order_0034003849,52519,netbanking,none,captured,998,180,2026-07-26T16:05:54,0
pay_0034003850,order_0034003850,47823,card,visa,captured,956,172,2026-07-13T21:46:24,0
pay_0034003851,order_0034003851,98441,upi,none,failed,0,0,2026-07-25T04:15:12,0
pay_0034003852,order_0034003852,32646,upi,none,failed,0,0,2026-07-27T14:32:47,0
pay_0034003853,order_0034003853,44510,upi,none,captured,0,0,2026-07-06T07:20:20,0
pay_0034003854,order_0034003854,197137,upi,none,captured,0,0,2026-07-12T00:54:11,0
pay_0034003855,order_0034003855,604611,upi,none,captured,0,0,2026-07-02T23:07:17,0
pay_0034003856,order_0034003856,172638,upi,none,captured,0,0,2026-07-25T05:00:13,0
pay_0034003857,order_0034003857,146817,card,mastercard,captured,2936,528,2026-07-11T17:01:12,0
pay_0034003858,order_0034003858,350221,card,visa,captured,7004,1261,2026-07-03T21:03:50,0
pay_0034003859,order_0034003859,589427,upi,none,failed,0,0,2026-07-16T14:16:57,0
pay_0034003860,order_0034003860,60351,card,visa,captured,1207,217,2026-07-20T00:02:26,0
pay_0034003861,order_0034003861,165478,upi,none,captured,0,0,2026-07-23T20:29:41,0
pay_0034003862,order_0034003862,26281,upi,none,captured,0,0,2026-07-12T18:09:56,0
pay_0034003863,order_0034003863,16255,netbanking,none,captured,309,56,2026-07-29T03:36:24,0
pay_0034003864,order_0034003864,9642,wallet,none,captured,193,35,2026-07-21T23:13:50,0
pay_0034003865,order_0034003865,148440,upi,none,captured,0,0,2026-07-22T08:22:12,0
pay_0034003866,order_0034003866,66112,upi,none,captured,0,0,2026-07-14T07:31:06,0
pay_0034003867,order_0034003867,180815,upi,none,captured,0,0,2026-07-04T23:54:33,0
pay_0034003868,order_0034003868,404572,card,visa,captured,8091,1456,2026-07-18T04:25:43,0
pay_0034003869,order_0034003869,196617,netbanking,none,captured,3736,672,2026-07-06T19:35:59,0
pay_0034003870,order_0034003870,412242,netbanking,none,captured,9688,1744,2026-07-13T03:11:27,0
pay_0034003871,order_0034003871,17336,upi,none,captured,0,0,2026-07-01T22:17:23,0
pay_0034003872,order_0034003872,68377,upi,none,captured,0,0,2026-07-18T07:59:17,0
pay_0034003873,order_0034003873,51952,card,mastercard,captured,1039,187,2026-07-29T01:15:26,0
pay_0034003874,order_0034003874,253755,upi,none,captured,0,0,2026-07-12T11:26:09,0
pay_0034003875,order_0034003875,229981,wallet,none,captured,4600,828,2026-07-27T03:12:09,0
pay_0034003876,order_0034003876,39462,card,visa,captured,789,142,2026-07-03T10:46:08,0
pay_0034003877,order_0034003877,22060,upi,none,captured,0,0,2026-07-16T19:42:05,0
pay_0034003878,order_0034003878,63427,upi,none,captured,285,51,2026-07-05T05:27:45,0
pay_0034003879,order_0034003879,48166,card,rupay,captured,482,87,2026-07-13T03:50:58,0
pay_0034003880,order_0034003880,61643,upi,none,captured,0,0,2026-07-21T15:45:32,0
pay_0034003881,order_0034003881,29232,card,mastercard,captured,585,105,2026-07-24T19:36:51,0
pay_0034003882,order_0034003882,359198,upi,none,captured,0,0,2026-07-25T13:17:54,0
pay_0034003883,order_0034003883,42299,upi,none,captured,0,0,2026-07-31T13:07:10,0
pay_0034003884,order_0034003884,165653,upi,none,captured,0,0,2026-07-19T14:31:17,0
pay_0034003885,order_0034003885,344684,upi,none,failed,0,0,2026-07-07T19:17:18,0
pay_0034003886,order_0034003886,822667,upi,none,failed,0,0,2026-07-30T12:11:00,0
pay_0034003887,order_0034003887,139527,upi,none,captured,0,0,2026-07-23T17:04:44,0
pay_0034003888,order_0034003888,57518,upi,none,captured,0,0,2026-07-11T12:19:02,0
pay_0034003889,order_0034003889,50425,netbanking,none,captured,958,172,2026-07-30T18:51:51,0
pay_0034003890,order_0034003890,99712,upi,none,captured,0,0,2026-07-01T07:12:01,0
pay_0034003891,order_0034003891,32969,card,visa,captured,659,119,2026-07-24T01:27:20,0
pay_0034003892,order_0034003892,29479,upi,none,captured,0,0,2026-07-07T17:22:23,0
pay_0034003893,order_0034003893,109386,wallet,none,captured,2188,394,2026-07-08T07:57:19,0
pay_0034003894,order_0034003894,63664,upi,none,captured,0,0,2026-07-22T09:17:21,0
pay_0034003895,order_0034003895,37295,upi,none,captured,0,0,2026-07-09T19:52:12,0
pay_0034003896,order_0034003896,108833,upi,none,captured,0,0,2026-07-31T22:31:10,0
pay_0034003897,order_0034003897,43887,upi,none,captured,0,0,2026-07-27T10:19:35,0
pay_0034003898,order_0034003898,26289,card,visa,captured,526,95,2026-07-15T16:57:08,0
pay_0034003899,order_0034003899,86830,card,visa,captured,1737,313,2026-07-15T16:22:40,0
pay_0034003900,order_0034003900,21349,card,mastercard,captured,427,77,2026-07-27T23:10:35,0
pay_0034003901,order_0034003901,33487,upi,none,captured,0,0,2026-07-19T21:58:16,0
pay_0034003902,order_0034003902,7434,upi,none,failed,0,0,2026-07-29T03:36:04,0
pay_0034003903,order_0034003903,199028,upi,none,failed,0,0,2026-07-08T05:00:13,0
pay_0034003904,order_0034003904,70882,card,visa,failed,0,0,2026-07-11T01:19:08,0
pay_0034003905,order_0034003905,72971,card,visa,captured,1459,263,2026-07-05T09:47:27,0
pay_0034003906,order_0034003906,51389,upi,none,captured,0,0,2026-07-12T06:48:59,0
pay_0034003907,order_0034003907,80707,upi,none,captured,0,0,2026-07-11T04:38:26,0
pay_0034003908,order_0034003908,81297,netbanking,none,failed,0,0,2026-07-24T05:06:48,0
pay_0034003909,order_0034003909,31253,upi,none,captured,0,0,2026-07-28T00:42:44,0
pay_0034003910,order_0034003910,185090,card,amex,captured,5553,1000,2026-07-04T00:34:09,0
pay_0034003911,order_0034003911,26943,netbanking,none,captured,512,92,2026-07-19T23:06:22,0
pay_0034003912,order_0034003912,16169,card,rupay,captured,162,29,2026-07-18T11:04:01,0
pay_0034003913,order_0034003913,73072,upi,none,captured,0,0,2026-07-04T03:46:21,0
pay_0034003914,order_0034003914,276565,card,mastercard,captured,5531,996,2026-07-22T18:06:29,0
pay_0034003915,order_0034003915,242293,card,mastercard,captured,4846,872,2026-07-06T18:49:04,0
pay_0034003916,order_0034003916,36600,netbanking,none,captured,695,125,2026-07-03T20:29:26,0
pay_0034003917,order_0034003917,227148,upi,none,captured,0,0,2026-07-15T02:19:59,0
pay_0034003918,order_0034003918,122605,upi,none,captured,0,0,2026-07-26T14:41:36,0
pay_0034003919,order_0034003919,202009,upi,none,captured,0,0,2026-07-03T18:29:24,0
pay_0034003920,order_0034003920,197511,upi,none,captured,0,0,2026-07-17T02:00:31,0
pay_0034003921,order_0034003921,117016,upi,none,captured,0,0,2026-07-22T12:36:16,0
pay_0034003922,order_0034003922,59282,upi,none,captured,0,0,2026-07-03T10:18:16,0
pay_0034003923,order_0034003923,28763,upi,none,captured,0,0,2026-07-09T08:08:10,0
pay_0034003924,order_0034003924,50302,upi,none,failed,0,0,2026-07-08T09:19:09,0
pay_0034003925,order_0034003925,166682,upi,none,captured,0,0,2026-07-30T13:46:45,0
pay_0034003926,order_0034003926,32184,upi,none,failed,0,0,2026-07-12T04:07:48,0
pay_0034003927,order_0034003927,70528,netbanking,none,captured,1340,241,2026-07-29T08:03:36,0
pay_0034003928,order_0034003928,57028,upi,none,captured,0,0,2026-07-04T01:30:29,0
pay_0034003929,order_0034003929,29954,upi,none,captured,0,0,2026-07-24T16:38:37,0
pay_0034003930,order_0034003930,116057,card,visa,failed,0,0,2026-07-02T06:16:24,0
pay_0034003931,order_0034003931,162858,upi,none,captured,0,0,2026-07-08T21:29:01,0
pay_0034003932,order_0034003932,422516,wallet,none,captured,8450,1521,2026-07-31T19:10:42,0
pay_0034003933,order_0034003933,82919,upi,none,captured,0,0,2026-07-03T21:06:48,0
pay_0034003934,order_0034003934,68382,card,mastercard,captured,1368,246,2026-07-20T04:51:10,0
pay_0034003935,order_0034003935,15226,upi,none,captured,0,0,2026-07-17T23:09:20,0
pay_0034003936,order_0034003936,78335,card,visa,captured,1567,282,2026-07-24T11:15:38,0
pay_0034003937,order_0034003937,42889,card,visa,captured,858,154,2026-07-09T08:38:44,0
pay_0034003938,order_0034003938,99334,card,mastercard,captured,1987,358,2026-07-05T14:42:08,0
pay_0034003939,order_0034003939,92085,upi,none,captured,0,0,2026-07-18T21:20:57,0
pay_0034003940,order_0034003940,51771,upi,none,captured,0,0,2026-07-02T14:51:47,0
pay_0034003941,order_0034003941,39140,upi,none,failed,0,0,2026-07-14T11:02:58,0
pay_0034003942,order_0034003942,88091,upi,none,captured,0,0,2026-07-08T00:54:36,0
pay_0034003943,order_0034003943,62973,upi,none,captured,0,0,2026-07-02T06:43:50,0
pay_0034003944,order_0034003944,178809,upi,none,captured,0,0,2026-07-27T04:54:23,0
pay_0034003945,order_0034003945,12200,card,visa,failed,0,0,2026-07-10T23:13:24,0
pay_0034003946,order_0034003946,62821,upi,none,failed,0,0,2026-07-04T15:34:17,0
pay_0034003947,order_0034003947,223133,upi,none,captured,0,0,2026-07-24T23:47:53,0
pay_0034003948,order_0034003948,25399,upi,none,captured,0,0,2026-07-28T15:25:15,0
pay_0034003949,order_0034003949,204016,upi,none,captured,0,0,2026-07-31T11:54:13,0
pay_0034003950,order_0034003950,102823,card,visa,captured,2056,370,2026-07-02T02:38:54,0
pay_0034003951,order_0034003951,72471,card,mastercard,captured,1449,261,2026-07-06T08:13:51,0
pay_0034003952,order_0034003952,25271,upi,none,captured,0,0,2026-07-03T00:46:29,0
pay_0034003953,order_0034003953,348755,upi,none,captured,0,0,2026-07-27T21:30:31,0
pay_0034003954,order_0034003954,20870,card,mastercard,captured,417,75,2026-07-09T06:12:58,0
pay_0034003955,order_0034003955,61572,card,mastercard,captured,1231,222,2026-07-27T08:20:01,0
pay_0034003956,order_0034003956,14016,upi,none,captured,0,0,2026-07-25T07:53:07,0
pay_0034003957,order_0034003957,206690,upi,none,captured,0,0,2026-07-31T00:35:54,0
pay_0034003958,order_0034003958,31098,upi,none,captured,0,0,2026-07-08T01:36:31,0
pay_0034003959,order_0034003959,23533,upi,none,captured,0,0,2026-07-14T10:18:57,0
pay_0034003960,order_0034003960,117504,upi,none,captured,0,0,2026-07-24T11:32:50,0
pay_0034003961,order_0034003961,42784,upi,none,captured,0,0,2026-07-29T20:08:10,0
pay_0034003962,order_0034003962,91490,upi,none,captured,0,0,2026-07-11T06:17:06,0
pay_0034003963,order_0034003963,69311,card,mastercard,captured,1386,249,2026-07-29T11:19:40,0
pay_0034003964,order_0034003964,13343,upi,none,captured,0,0,2026-07-30T19:40:11,0
pay_0034003965,order_0034003965,72475,wallet,none,captured,1450,261,2026-07-01T09:05:13,0
pay_0034003966,order_0034003966,29944,card,rupay,captured,299,54,2026-07-03T07:41:02,0
pay_0034003967,order_0034003967,75658,upi,none,captured,0,0,2026-07-08T04:31:15,0
pay_0034003968,order_0034003968,93340,upi,none,captured,420,76,2026-07-02T21:45:45,0
pay_0034003969,order_0034003969,98331,upi,none,captured,0,0,2026-07-05T17:48:56,0
pay_0034003970,order_0034003970,96652,upi,none,failed,0,0,2026-07-28T11:23:35,0
pay_0034003971,order_0034003971,54073,upi,none,captured,0,0,2026-07-21T05:53:45,0
pay_0034003972,order_0034003972,22286,wallet,none,captured,446,80,2026-07-23T04:39:24,0
pay_0034003973,order_0034003973,440186,card,visa,captured,8804,1585,2026-07-24T04:32:00,0
pay_0034003974,order_0034003974,126752,card,visa,captured,2535,456,2026-07-07T09:21:14,0
pay_0034003975,order_0034003975,32731,card,visa,captured,655,118,2026-07-15T09:14:41,0
pay_0034003976,order_0034003976,101058,card,mastercard,failed,0,0,2026-07-13T08:10:02,0
pay_0034003977,order_0034003977,42997,upi,none,captured,0,0,2026-07-13T07:57:28,0
pay_0034003978,order_0034003978,21080,upi,none,captured,0,0,2026-07-07T10:33:44,0
pay_0034003979,order_0034003979,126586,card,mastercard,failed,0,0,2026-07-28T01:52:14,0
pay_0034003980,order_0034003980,38091,upi,none,captured,0,0,2026-07-26T15:45:02,0
pay_0034003981,order_0034003981,43930,upi,none,captured,0,0,2026-07-12T23:41:31,0
pay_0034003982,order_0034003982,90675,card,visa,captured,1814,327,2026-07-30T10:06:24,0
pay_0034003983,order_0034003983,15034,upi,none,captured,0,0,2026-07-03T11:54:55,0
pay_0034003984,order_0034003984,141005,netbanking,none,captured,2679,482,2026-07-09T18:28:29,0
pay_0034003985,order_0034003985,27666,card,visa,failed,0,0,2026-07-30T11:58:08,0
pay_0034003986,order_0034003986,102895,upi,none,captured,0,0,2026-07-15T14:18:54,0
pay_0034003987,order_0034003987,70778,card,rupay,captured,708,127,2026-07-25T05:33:19,0
pay_0034003988,order_0034003988,66558,upi,none,captured,0,0,2026-07-17T11:13:56,0
pay_0034003989,order_0034003989,70342,card,visa,captured,1407,253,2026-07-25T19:42:20,0
pay_0034003990,order_0034003990,23345,card,rupay,captured,233,42,2026-07-03T22:29:06,0
pay_0034003991,order_0034003991,72541,wallet,none,captured,1451,261,2026-07-11T23:50:23,0
pay_0034003992,order_0034003992,34208,card,mastercard,captured,684,123,2026-07-23T16:58:57,0
pay_0034003993,order_0034003993,64858,netbanking,none,captured,1232,222,2026-07-27T01:20:34,0
pay_0034003994,order_0034003994,75090,wallet,none,captured,1502,270,2026-07-03T19:49:42,0
pay_0034003995,order_0034003995,453398,upi,none,captured,0,0,2026-07-27T02:06:38,0
pay_0034003996,order_0034003996,98716,upi,none,captured,0,0,2026-07-16T21:04:26,0
pay_0034003997,order_0034003997,20712,upi,none,captured,0,0,2026-07-15T19:28:28,0
pay_0034003998,order_0034003998,21224,upi,none,captured,0,0,2026-07-18T02:22:36,0
pay_0034003999,order_0034003999,22740,upi,none,captured,0,0,2026-07-10T12:19:58,0
pay_0034001288d,order_0034001288,28805,upi,none,captured,0,0,2026-07-27T00:29:34,0
pay_0034001099d,order_0034001099,53664,wallet,none,captured,1073,193,2026-07-04T13:56:34,0
pay_0034003192d,order_0034003192,559637,upi,none,captured,0,0,2026-07-18T11:32:59,0
pay_0034001432d,order_0034001432,131485,card,visa,captured,2630,473,2026-07-15T07:44:38,0
pay_0034002836d,order_0034002836,165822,upi,none,captured,0,0,2026-07-23T18:41:27,0
pay_0034001001d,order_0034001001,149716,upi,none,captured,0,0,2026-07-21T08:49:47,0
pay_0034003009d,order_0034003009,55007,card,visa,captured,1100,198,2026-07-22T01:55:02,0
pay_0034003306d,order_0034003306,189142,upi,none,captured,0,0,2026-07-11T08:49:21,0
pay_0034000236d,order_0034000236,66835,upi,none,captured,0,0,2026-07-26T11:03:43,0
pay_0034000723d,order_0034000723,61749,upi,none,captured,0,0,2026-07-27T10:52:14,0
