settlement_id,entity_type,entity_id,gross_paise,fee_paise,tax_paise,net_paise
setl_003400000,payment,pay_0034000045,269194,0,0,269194
setl_003400000,payment,pay_0034000051,333943,11020,1984,320939
setl_003400000,payment,pay_0034000056,6002,0,0,6002
setl_003400000,payment,pay_0034000091,60197,1204,217,58776
setl_003400000,payment,pay_0034000105,29583,592,107,28884
setl_003400000,payment,pay_0034000179,68151,0,0,68151
setl_003400000,payment,pay_0034000268,61454,0,0,61454
setl_003400000,payment,pay_0034000308,66920,0,0,66920
setl_003400000,payment,pay_0034000373,29564,0,0,29564
setl_003400000,payment,pay_0034000403,284878,0,0,284878
setl_003400000,payment,pay_0034000412,330365,6607,1189,322569
setl_003400000,payment,pay_0034000505,91739,0,0,91739
setl_003400000,payment,pay_0034000506,93102,1862,335,90905
setl_003400000,payment,pay_0034000545,53660,241,43,53376
setl_003400000,payment,pay_0034000625,37500,0,0,37500
setl_003400000,payment,pay_0034000630,58879,1119,201,57559
setl_003400000,payment,pay_0034000636,36310,726,131,35453
setl_003400000,payment,pay_0034000701,69168,0,0,69168
setl_003400000,payment,pay_0034000752,64786,0,0,64786
setl_003400000,payment,pay_0034000803,53077,1008,181,51888
setl_003400000,payment,pay_0034000808,29149,0,0,29149
setl_003400000,payment,pay_0034000829,35042,0,0,35042
setl_003400000,payment,pay_0034000852,173091,0,0,173091
setl_003400000,payment,pay_0034000857,25194,0,0,25194
setl_003400000,payment,pay_0034000902,20181,404,73,19704
setl_003400000,payment,pay_0034000924,55059,0,0,55059
setl_003400000,payment,pay_0034001017,142891,0,0,142891
setl_003400000,payment,pay_0034001039,455963,9119,1641,445203
setl_003400000,payment,pay_0034001051,381672,0,0,381672
setl_003400000,payment,pay_0034001139,50578,0,0,50578
setl_003400000,payment,pay_0034001161,52351,0,0,52351
setl_003400000,payment,pay_0034001174,167462,0,0,167462
setl_003400000,payment,pay_0034001321,137750,0,0,137750
setl_003400000,payment,pay_0034001359,102782,0,0,102782
setl_003400000,payment,pay_0034001434,34559,657,118,33784
setl_003400000,payment,pay_0034001480,157647,0,0,157647
setl_003400000,payment,pay_0034001581,212862,0,0,212862
setl_003400000,payment,pay_0034001590,39832,0,0,39832
setl_003400000,payment,pay_0034001626,41629,0,0,41629
setl_003400000,payment,pay_0034001653,64145,1219,219,62707
setl_003400000,payment,pay_0034001710,662376,0,0,662376
setl_003400000,payment,pay_0034001753,62047,0,0,62047
setl_003400000,payment,pay_0034001767,51831,0,0,51831
setl_003400000,payment,pay_0034001828,131490,2498,450,128542
setl_003400000,payment,pay_0034001833,150922,0,0,150922
setl_003400000,payment,pay_0034001868,205411,4108,739,200564
setl_003400000,payment,pay_0034001909,17766,355,64,17347
setl_003400000,payment,pay_0034001923,131428,2629,473,128326
setl_003400000,payment,pay_0034001991,1020182,10202,1836,1008144
setl_003400000,payment,pay_0034002053,28819,576,104,28139
setl_003400000,payment,pay_0034002063,33277,666,120,32491
setl_003400000,payment,pay_0034002104,144384,0,0,144384
setl_003400000,payment,pay_0034002114,169444,0,0,169444
setl_003400000,payment,pay_0034002204,58176,1164,210,56802
setl_003400000,payment,pay_0034002205,144502,0,0,144502
setl_003400000,payment,pay_0034002249,78045,1561,281,76203
setl_003400000,payment,pay_0034002261,34050,681,123,33246
setl_003400000,payment,pay_0034002328,56092,0,0,56092
setl_003400000,payment,pay_0034002329,86086,0,0,86086
setl_003400000,payment,pay_0034002342,61262,0,0,61262
setl_003400000,payment,pay_0034002424,26390,0,0,26390
setl_003400000,payment,pay_0034002425,89048,1781,321,86946
setl_003400000,payment,pay_0034002431,17516,0,0,17516
setl_003400000,payment,pay_0034002462,19865,0,0,19865
setl_003400000,payment,pay_0034002487,60863,0,0,60863
setl_003400000,payment,pay_0034002489,107297,0,0,107297
setl_003400000,payment,pay_0034002500,42658,0,0,42658
setl_003400000,payment,pay_0034002539,786318,15726,2831,767761
setl_003400000,payment,pay_0034002551,27914,558,100,27256
setl_003400000,payment,pay_0034002585,97460,0,0,97460
setl_003400000,payment,pay_0034002593,257689,0,0,257689
setl_003400000,payment,pay_0034002631,160090,0,0,160090
setl_003400000,payment,pay_0034002686,69087,0,0,69087
setl_003400000,payment,pay_0034002690,49164,492,89,48583
setl_003400000,payment,pay_0034002713,58765,0,0,58765
setl_003400000,payment,pay_0034002807,103014,0,0,103014
setl_003400000,payment,pay_0034002872,143297,3367,606,139324
setl_003400000,payment,pay_0034002933,27712,0,0,27712
setl_003400000,payment,pay_0034002937,47717,0,0,47717
setl_003400000,payment,pay_0034002939,207718,0,0,207718
setl_003400000,payment,pay_0034002941,118017,0,0,118017
setl_003400000,payment,pay_0034002944,5876,118,21,5737
setl_003400000,payment,pay_0034003031,194763,0,0,194763
setl_003400000,payment,pay_0034003040,102627,0,0,102627
setl_003400000,payment,pay_0034003163,200810,4016,723,196071
setl_003400000,payment,pay_0034003171,179570,0,0,179570
setl_003400000,payment,pay_0034003269,86568,1731,312,84525
setl_003400000,payment,pay_0034003382,43695,0,0,43695
setl_003400000,payment,pay_0034003386,674726,6747,1214,666765
setl_003400000,payment,pay_0034003450,31050,0,0,31050
setl_003400000,payment,pay_0034003472,72899,729,131,72039
setl_003400000,payment,pay_0034003486,88187,882,159,87146
setl_003400000,payment,pay_0034003535,51657,517,93,51047
setl_003400000,payment,pay_0034003546,168837,3377,608,164852
setl_003400000,payment,pay_0034003556,225934,0,0,225934
setl_003400000,payment,pay_0034003699,37288,746,134,36408
setl_003400000,payment,pay_0034003708,52149,521,94,51534
setl_003400000,payment,pay_0034003730,123676,0,0,123676
setl_003400000,payment,pay_0034003769,78467,0,0,78467
setl_003400000,payment,pay_0034003818,174706,0,0,174706
setl_003400000,payment,pay_0034003871,17336,0,0,17336
setl_003400000,payment,pay_0034003890,99712,0,0,99712
setl_003400000,payment,pay_0034003965,72475,1450,261,70764
setl_003400001,payment,pay_0034000126,23047,438,79,22530
setl_003400001,payment,pay_0034000148,41364,0,0,41364
setl_003400001,payment,pay_0034000162,41014,820,148,40046
setl_003400001,payment,pay_0034000222,25861,0,0,25861
setl_003400001,payment,pay_0034000224,35841,0,0,35841
setl_003400001,payment,pay_0034000231,208136,0,0,208136
setl_003400001,payment,pay_0034000243,111532,0,0,111532
setl_003400001,payment,pay_0034000357,42019,798,144,41077
setl_003400001,payment,pay_0034000364,62188,0,0,62188
setl_003400001,payment,pay_0034000401,253005,0,0,253005
setl_003400001,payment,pay_0034000407,163099,3262,587,159250
setl_003400001,payment,pay_0034000589,103515,0,0,103515
setl_003400001,payment,pay_0034000623,45121,0,0,45121
setl_003400001,payment,pay_0034000687,166079,0,0,166079
setl_003400001,payment,pay_0034000692,111694,2234,20105,89355
setl_003400001,payment,pay_0034000727,132866,0,0,132866
setl_003400001,payment,pay_0034000733,41433,0,0,41433
setl_003400001,payment,pay_0034000743,84751,0,0,84751
setl_003400001,payment,pay_0034000744,302142,6043,1088,295011
setl_003400001,payment,pay_0034000754,60038,1201,216,58621
setl_003400001,payment,pay_0034000826,91527,0,0,91527
setl_003400001,payment,pay_0034000918,127078,2414,435,124229
setl_003400001,payment,pay_0034000931,8012,160,29,7823
setl_003400001,payment,pay_0034000960,72443,1449,261,70733
setl_003400001,payment,pay_0034000975,145279,2906,523,141850
setl_003400001,payment,pay_0034000995,45568,0,0,45568
setl_003400001,payment,pay_0034000998,186221,1862,335,184024
setl_003400001,payment,pay_0034001018,89849,0,0,89849
setl_003400001,payment,pay_0034001044,180398,0,0,180398
setl_003400001,payment,pay_0034001086,72901,1385,249,71267
setl_003400001,payment,pay_0034001108,42790,0,0,42790
setl_003400001,payment,pay_0034001128,32570,0,0,32570
setl_003400001,payment,pay_0034001217,34108,0,0,34108
setl_003400001,payment,pay_0034001224,85785,0,0,85785
setl_003400001,payment,pay_0034001279,20650,413,74,20163
setl_003400001,payment,pay_0034001325,134046,2681,483,130882
setl_003400001,payment,pay_0034001372,85004,1700,306,82998
setl_003400001,payment,pay_0034001440,109604,0,0,109604
setl_003400001,payment,pay_0034001455,82890,1658,298,80934
setl_003400001,payment,pay_0034001457,18356,367,66,17923
setl_003400001,payment,pay_0034001477,126373,2401,432,123540
setl_003400001,payment,pay_0034001499,402949,0,0,402949
setl_003400001,payment,pay_0034001629,7877,158,28,7691
setl_003400001,payment,pay_0034001639,367206,6977,1256,358973
setl_003400001,payment,pay_0034001677,49942,0,0,49942
setl_003400001,payment,pay_0034001694,152765,1528,275,150962
setl_003400001,payment,pay_0034001811,35864,681,6456,28727
setl_003400001,payment,pay_0034001820,124409,0,0,124409
setl_003400001,payment,pay_0034001861,33456,0,0,33456
setl_003400001,payment,pay_0034001889,122989,2460,443,120086
setl_003400001,payment,pay_0034001904,30246,0,0,30246
setl_003400001,payment,pay_0034001913,310539,5900,1062,303577
setl_003400001,payment,pay_0034001915,201562,3830,689,197043
setl_003400001,payment,pay_0034001997,14598,277,50,14271
setl_003400001,payment,pay_0034002000,110230,0,0,110230
setl_003400001,payment,pay_0034002029,52156,0,0,52156
setl_003400001,payment,pay_0034002075,51558,0,0,51558
setl_003400001,payment,pay_0034002116,25823,0,0,25823
setl_003400001,payment,pay_0034002155,125295,2381,429,122485
setl_003400001,payment,pay_0034002159,57691,577,104,57010
setl_003400001,payment,pay_0034002199,78449,0,0,78449
setl_003400001,payment,pay_0034002215,9501,0,0,9501
setl_003400001,payment,pay_0034002265,105178,0,0,105178
setl_003400001,payment,pay_0034002316,70669,0,0,70669
setl_003400001,payment,pay_0034002325,179126,0,0,179126
setl_003400001,payment,pay_0034002334,74472,0,0,74472
setl_003400001,payment,pay_0034002336,18574,0,0,18574
setl_003400001,payment,pay_0034002474,408845,0,0,408845
setl_003400001,payment,pay_0034002477,92183,1844,332,90007
setl_003400001,payment,pay_0034002483,129428,0,0,129428
setl_003400001,payment,pay_0034002568,27408,0,0,27408
setl_003400001,payment,pay_0034002591,126574,2531,456,123587
setl_003400001,payment,pay_0034002670,64343,0,0,64343
setl_003400001,payment,pay_0034002679,50657,1013,182,49462
setl_003400001,payment,pay_0034002719,320059,6401,1152,312506
setl_003400001,payment,pay_0034002745,18314,366,66,17882
setl_003400001,payment,pay_0034002767,140302,0,0,140302
setl_003400001,payment,pay_0034002868,43409,868,156,42385
setl_003400001,payment,pay_0034002883,347739,6955,1252,339532
setl_003400001,payment,pay_0034002995,168946,3379,608,164959
setl_003400001,payment,pay_0034003006,125194,0,0,125194
setl_003400001,payment,pay_0034003032,48799,0,0,48799
setl_003400001,payment,pay_0034003150,63198,1264,228,61706
setl_003400001,payment,pay_0034003182,58644,0,0,58644
setl_003400001,payment,pay_0034003196,67728,0,0,67728
setl_003400001,payment,pay_0034003251,229393,4588,826,223979
setl_003400001,payment,pay_0034003270,7130,143,26,6961
setl_003400001,payment,pay_0034003374,391957,7839,1411,382707
setl_003400001,payment,pay_0034003387,94226,0,0,94226
setl_003400001,payment,pay_0034003431,113438,0,0,113438
setl_003400001,payment,pay_0034003451,247375,0,0,247375
setl_003400001,payment,pay_0034003477,60919,0,0,60919
setl_003400001,payment,pay_0034003581,124457,0,0,124457
setl_003400001,payment,pay_0034003665,274247,0,0,274247
setl_003400001,payment,pay_0034003690,79737,0,0,79737
setl_003400001,payment,pay_0034003714,77793,1478,266,76049
setl_003400001,payment,pay_0034003757,108715,0,0,108715
setl_003400001,payment,pay_0034003810,12429,0,0,12429
setl_003400001,payment,pay_0034003843,34450,689,124,33637
setl_003400001,payment,pay_0034003855,604611,0,0,604611
setl_003400001,payment,pay_0034003940,51771,0,0,51771
setl_003400001,payment,pay_0034003943,62973,0,0,62973
setl_003400001,payment,pay_0034003950,102823,2056,370,100397
setl_003400001,payment,pay_0034003968,93340,420,76,92844
setl_003400001,refund,rfnd_0034003757,-108715,0,0,-108715
setl_003400002,payment,pay_0034000068,31970,607,109,31254
setl_003400002,payment,pay_0034000169,30814,585,105,30124
setl_003400002,payment,pay_0034000217,57145,0,0,57145
setl_003400002,payment,pay_0034000263,120433,0,0,120433
setl_003400002,payment,pay_0034000347,124005,0,0,124005
setl_003400002,payment,pay_0034000415,36304,0,0,36304
setl_003400002,payment,pay_0034000416,38176,764,138,37274
setl_003400002,payment,pay_0034000457,20474,205,37,20232
setl_003400002,payment,pay_0034000484,157295,3146,566,153583
setl_003400002,payment,pay_0034000488,175792,0,0,175792
setl_003400002,payment,pay_0034000491,155409,0,0,155409
setl_003400002,payment,pay_0034000555,77913,0,0,77913
setl_003400002,payment,pay_0034000573,233504,0,0,233504
setl_003400002,payment,pay_0034000575,195515,0,0,195515
setl_003400002,payment,pay_0034000604,63203,0,0,63203
setl_003400002,payment,pay_0034000658,27875,0,0,27875
setl_003400002,payment,pay_0034000659,17630,0,0,17630
setl_003400002,payment,pay_0034000691,104476,0,0,104476
setl_003400002,payment,pay_0034000725,5926,0,0,5926
setl_003400002,payment,pay_0034000742,760086,7601,1368,751117
setl_003400002,payment,pay_0034000839,16121,0,0,16121
setl_003400002,payment,pay_0034000866,77599,0,0,77599
setl_003400002,payment,pay_0034000877,163052,0,0,163052
setl_003400002,payment,pay_0034000959,52623,0,0,52623
setl_003400002,payment,pay_0034000964,25545,0,0,25545
setl_003400002,payment,pay_0034000996,37159,706,127,36326
setl_003400002,payment,pay_0034001006,48402,968,174,47260
setl_003400002,payment,pay_0034001043,27206,0,0,27206
setl_003400002,payment,pay_0034001056,449284,0,0,449284
setl_003400002,payment,pay_0034001094,107601,0,0,107601
setl_003400002,payment,pay_0034001096,20307,0,0,20307
setl_003400002,payment,pay_0034001129,79869,0,0,79869
setl_003400002,payment,pay_0034001172,251523,0,0,251523
setl_003400002,payment,pay_0034001188,151888,0,0,151888
setl_003400002,payment,pay_0034001211,27790,556,100,27134
setl_003400002,payment,pay_0034001214,9467,180,32,9255
setl_003400002,payment,pay_0034001219,19338,0,0,19338
setl_003400002,payment,pay_0034001304,70086,0,0,70086
setl_003400002,payment,pay_0034001319,190934,0,0,190934
setl_003400002,payment,pay_0034001331,136366,2727,491,133148
setl_003400002,payment,pay_0034001354,41220,0,0,41220
setl_003400002,payment,pay_0034001438,34097,682,123,33292
setl_003400002,payment,pay_0034001495,59939,1798,324,57817
setl_003400002,payment,pay_0034001538,267302,0,0,267302
setl_003400002,payment,pay_0034001586,417333,0,0,417333
setl_003400002,payment,pay_0034001603,31969,0,0,31969
setl_003400002,payment,pay_0034001667,61066,0,0,61066
setl_003400002,payment,pay_0034001682,15882,0,0,15882
setl_003400002,payment,pay_0034001713,66194,0,0,66194
setl_003400002,payment,pay_0034001795,18420,0,0,18420
setl_003400002,payment,pay_0034001805,63346,1267,228,61851
setl_003400002,payment,pay_0034001871,157826,0,0,157826
setl_003400002,payment,pay_0034001921,178295,3566,642,174087
setl_003400002,payment,pay_0034001990,111819,0,0,111819
setl_003400002,payment,pay_0034002021,46097,0,0,46097
setl_003400002,payment,pay_0034002022,142804,0,0,142804
setl_003400002,payment,pay_0034002043,82480,0,0,82480
setl_003400002,payment,pay_0034002067,41973,0,0,41973
setl_003400002,payment,pay_0034002073,60237,0,0,60237
setl_003400002,payment,pay_0034002083,93607,0,0,93607
setl_003400002,payment,pay_0034002136,27770,916,165,26689
setl_003400002,payment,pay_0034002225,185533,3711,668,181154
setl_003400002,payment,pay_0034002227,957063,0,0,957063
setl_003400002,payment,pay_0034002246,37646,0,0,37646
setl_003400002,payment,pay_0034002286,73664,0,0,73664
setl_003400002,payment,pay_0034002299,67027,0,0,67027
setl_003400002,payment,pay_0034002307,48403,0,0,48403
setl_003400002,payment,pay_0034002315,82746,1655,298,80793
setl_003400002,payment,pay_0034002317,61389,0,0,61389
setl_003400002,payment,pay_0034002365,86493,0,0,86493
setl_003400002,payment,pay_0034002497,33006,627,113,32266
setl_003400002,payment,pay_0034002505,137330,0,0,137330
setl_003400002,payment,pay_0034002515,36352,727,131,35494
setl_003400002,payment,pay_0034002522,44826,897,161,43768
setl_003400002,payment,pay_0034002529,38829,777,140,37912
setl_003400002,payment,pay_0034002548,373476,0,0,373476
setl_003400002,payment,pay_0034002564,28259,0,0,28259
setl_003400002,payment,pay_0034002607,61005,1220,220,59565
setl_003400002,payment,pay_0034002674,93777,1876,338,91563
setl_003400002,payment,pay_0034002727,86673,1733,312,84628
setl_003400002,payment,pay_0034002739,89839,1797,323,87719
setl_003400002,payment,pay_0034002798,325974,0,0,325974
setl_003400002,payment,pay_0034002813,23277,233,42,23002
setl_003400002,payment,pay_0034002823,74878,0,0,74878
setl_003400002,payment,pay_0034002829,31838,0,0,31838
setl_003400002,payment,pay_0034002889,302129,3021,544,298564
setl_003400002,payment,pay_0034002945,34062,0,0,34062
setl_003400002,payment,pay_0034003018,66334,0,0,66334
setl_003400002,payment,pay_0034003059,29250,0,0,29250
setl_003400002,payment,pay_0034003095,43877,878,158,42841
setl_003400002,payment,pay_0034003101,16772,335,60,16377
setl_003400002,payment,pay_0034003113,1145434,21763,3917,1119754
setl_003400002,payment,pay_0034003175,160589,0,0,160589
setl_003400002,payment,pay_0034003241,177787,0,0,177787
setl_003400002,payment,pay_0034003255,92364,1847,332,90185
setl_003400002,payment,pay_0034003260,15989,160,29,15800
setl_003400002,payment,pay_0034003318,48387,0,0,48387
setl_003400002,payment,pay_0034003336,80683,0,0,80683
setl_003400002,payment,pay_0034003420,70782,1416,255,69111
setl_003400002,payment,pay_0034003494,123631,1236,222,122173
setl_003400002,payment,pay_0034003500,99688,0,0,99688
setl_003400002,payment,pay_0034003505,23167,0,0,23167
setl_003400002,payment,pay_0034003507,127065,2541,457,124067
setl_003400002,payment,pay_0034003547,144674,0,0,144674
setl_003400002,payment,pay_0034003637,40281,0,0,40281
setl_003400002,payment,pay_0034003659,76347,0,0,76347
setl_003400002,payment,pay_0034003667,57346,0,0,57346
setl_003400002,payment,pay_0034003711,132750,2655,478,129617
setl_003400002,payment,pay_0034003858,350221,7004,1261,341956
setl_003400002,payment,pay_0034003876,39462,789,142,38531
setl_003400002,payment,pay_0034003916,36600,695,125,35780
setl_003400002,payment,pay_0034003919,202009,0,0,202009
setl_003400002,payment,pay_0034003922,59282,0,0,59282
setl_003400002,payment,pay_0034003933,82919,0,0,82919
setl_003400002,payment,pay_0034003952,25271,0,0,25271
setl_003400002,payment,pay_0034003966,29944,299,54,29591
setl_003400002,payment,pay_0034003983,15034,0,0,15034
setl_003400002,payment,pay_0034003990,23345,233,42,23070
setl_003400002,payment,pay_0034003994,75090,1502,270,73318
setl_003400002,refund,rfnd_0034002813,-12276,0,0,-12276
setl_003400003,payment,pay_0034000103,481730,0,0,481730
setl_003400003,payment,pay_0034000108,181300,0,0,181300
setl_003400003,payment,pay_0034000173,38791,0,0,38791
setl_003400003,payment,pay_0034000180,66817,0,0,66817
setl_003400003,payment,pay_0034000181,188192,0,0,188192
setl_003400003,payment,pay_0034000214,64743,1295,233,63215
setl_003400003,payment,pay_0034000216,10847,0,0,10847
setl_003400003,payment,pay_0034000247,75308,0,0,75308
setl_003400003,payment,pay_0034000256,116376,2328,20948,93100
setl_003400003,payment,pay_0034000301,12287,0,0,12287
setl_003400003,payment,pay_0034000356,54405,1034,186,53185
setl_003400003,payment,pay_0034000378,35120,0,0,35120
setl_003400003,payment,pay_0034000396,132391,2648,477,129266
setl_003400003,payment,pay_0034000426,130196,2604,469,127123
setl_003400003,payment,pay_0034000477,17811,356,64,17391
setl_003400003,payment,pay_0034000544,17641,353,64,17224
setl_003400003,payment,pay_0034000558,109099,0,0,109099
setl_003400003,payment,pay_0034000682,93056,1861,335,90860
setl_003400003,payment,pay_0034000731,84031,0,0,84031
setl_003400003,payment,pay_0034000804,23918,0,0,23918
setl_003400003,payment,pay_0034000814,42616,0,0,42616
setl_003400003,payment,pay_0034000824,95571,3154,568,91849
setl_003400003,payment,pay_0034000832,42309,0,0,42309
setl_003400003,payment,pay_0034000845,150192,3004,541,146647
setl_003400003,payment,pay_0034000870,432913,0,0,432913
setl_003400003,payment,pay_0034000872,289758,0,0,289758
setl_003400003,payment,pay_0034000900,68449,684,123,67642
setl_003400003,payment,pay_0034000933,44654,893,161,43600
setl_003400003,payment,pay_0034000938,79108,0,0,79108
setl_003400003,payment,pay_0034000950,25510,255,46,25209
setl_003400003,payment,pay_0034000967,23206,232,42,22932
setl_003400003,payment,pay_0034001046,151871,0,0,151871
setl_003400003,payment,pay_0034001075,172985,3460,623,168902
setl_003400003,payment,pay_0034001099,53664,1073,193,52398
setl_003400003,payment,pay_0034001122,91927,0,0,91927
setl_003400003,payment,pay_0034001181,94304,0,0,94304
setl_003400003,payment,pay_0034001192,115521,0,0,115521
setl_003400003,payment,pay_0034001239,85557,1711,308,83538
setl_003400003,payment,pay_0034001269,20354,204,37,20113
setl_003400003,payment,pay_0034001272,64676,647,116,63913
setl_003400003,payment,pay_0034001299,135442,0,0,135442
setl_003400003,payment,pay_0034001322,44646,446,80,44120
setl_003400003,payment,pay_0034001422,60690,0,0,60690
setl_003400003,payment,pay_0034001444,73342,1467,264,71611
setl_003400003,payment,pay_0034001446,143507,0,0,143507
setl_003400003,payment,pay_0034001532,10150,0,0,10150
setl_003400003,payment,pay_0034001597,92210,0,0,92210
setl_003400003,payment,pay_0034001598,41995,840,151,41004
setl_003400003,payment,pay_0034001617,116639,2216,399,114024
setl_003400003,payment,pay_0034001618,10287,103,19,10165
setl_003400003,payment,pay_0034001663,308850,0,0,308850
setl_003400003,payment,pay_0034001697,102748,0,0,102748
setl_003400003,payment,pay_0034001733,85833,1717,309,83807
setl_003400003,payment,pay_0034001808,171293,0,0,171293
setl_003400003,payment,pay_0034001815,31056,621,112,30323
setl_003400003,payment,pay_0034001825,163047,3098,558,159391
setl_003400003,payment,pay_0034001891,42574,0,0,42574
setl_003400003,payment,pay_0034001937,41470,0,0,41470
setl_003400003,payment,pay_0034001947,19328,0,0,19328
setl_003400003,payment,pay_0034001951,8398,0,0,8398
setl_003400003,payment,pay_0034002061,230355,4607,829,224919
setl_003400003,payment,pay_0034002101,286578,0,0,286578
setl_003400003,payment,pay_0034002105,45138,858,154,44126
setl_003400003,payment,pay_0034002106,43787,832,150,42805
setl_003400003,payment,pay_0034002146,30445,609,110,29726
setl_003400003,payment,pay_0034002157,171225,3253,586,167386
setl_003400003,payment,pay_0034002186,60686,0,0,60686
setl_003400003,payment,pay_0034002212,115655,0,0,115655
setl_003400003,payment,pay_0034002264,236412,0,0,236412
setl_003400003,payment,pay_0034002279,24040,0,0,24040
setl_003400003,payment,pay_0034002283,67793,0,0,67793
setl_003400003,payment,pay_0034002362,103960,0,0,103960
setl_003400003,payment,pay_0034002401,189355,0,0,189355
setl_003400003,payment,pay_0034002412,128011,0,0,128011
setl_003400003,payment,pay_0034002413,56091,0,0,56091
setl_003400003,payment,pay_0034002421,38142,763,137,37242
setl_003400003,payment,pay_0034002496,28037,0,0,28037
setl_003400003,payment,pay_0034002520,74728,0,0,74728
setl_003400003,payment,pay_0034002527,47557,951,171,46435
setl_003400003,payment,pay_0034002565,133127,0,0,133127
setl_003400003,payment,pay_0034002600,37187,0,0,37187
setl_003400003,payment,pay_0034002641,167960,1680,302,165978
setl_003400003,payment,pay_0034002647,336501,0,0,336501
setl_003400003,payment,pay_0034002649,76973,0,0,76973
setl_003400003,payment,pay_0034002683,40981,820,148,40013
setl_003400003,payment,pay_0034002721,35196,704,127,34365
setl_003400003,payment,pay_0034002756,92667,1853,334,90480
setl_003400003,payment,pay_0034002792,24802,0,0,24802
setl_003400003,payment,pay_0034002843,14090,282,51,13757
setl_003400003,payment,pay_0034002848,21599,0,0,21599
setl_003400003,payment,pay_0034002873,79000,0,0,79000
setl_003400003,payment,pay_0034002880,18459,369,66,18024
setl_003400003,payment,pay_0034002898,52942,1747,314,50881
setl_003400003,payment,pay_0034002914,46461,0,0,46461
setl_003400003,payment,pay_0034003015,159091,0,0,159091
setl_003400003,payment,pay_0034003026,41727,0,0,41727
setl_003400003,payment,pay_0034003036,142793,2856,514,139423
setl_003400003,payment,pay_0034003054,275955,0,0,275955
setl_003400003,payment,pay_0034003072,38450,0,0,38450
setl_003400003,payment,pay_0034003103,69720,0,0,69720
setl_003400003,payment,pay_0034003134,71449,714,129,70606
setl_003400003,payment,pay_0034003156,73757,0,0,73757
setl_003400003,payment,pay_0034003173,15752,0,0,15752
setl_003400003,payment,pay_0034003183,165075,3302,594,161179
setl_003400003,payment,pay_0034003184,116876,0,0,116876
setl_003400003,payment,pay_0034003208,24294,0,0,24294
setl_003400003,payment,pay_0034003209,33238,0,0,33238
setl_003400003,payment,pay_0034003288,40947,819,147,39981
setl_003400003,payment,pay_0034003299,71545,0,0,71545
setl_003400003,payment,pay_0034003333,129743,1297,233,128213
setl_003400003,payment,pay_0034003335,64128,1218,219,62691
setl_003400003,payment,pay_0034003377,50793,0,0,50793
setl_003400003,payment,pay_0034003404,551168,0,0,551168
setl_003400003,payment,pay_0034003491,321754,0,0,321754
setl_003400003,payment,pay_0034003508,37762,755,136,36871
setl_003400003,payment,pay_0034003511,455643,0,0,455643
setl_003400003,payment,pay_0034003528,294465,5595,1007,287863
setl_003400003,payment,pay_0034003564,37532,0,0,37532
setl_003400003,payment,pay_0034003572,37618,715,129,36774
setl_003400003,payment,pay_0034003594,32126,643,116,31367
setl_003400003,payment,pay_0034003608,20313,386,69,19858
setl_003400003,payment,pay_0034003689,319263,6385,1149,311729
setl_003400003,payment,pay_0034003696,72611,0,0,72611
setl_003400003,payment,pay_0034003770,118601,0,0,118601
setl_003400003,payment,pay_0034003782,564038,0,0,564038
setl_003400003,payment,pay_0034003795,45844,0,0,45844
setl_003400003,payment,pay_0034003867,180815,0,0,180815
setl_003400003,payment,pay_0034003910,185090,5553,1000,178537
setl_003400003,payment,pay_0034003913,73072,0,0,73072
setl_003400003,payment,pay_0034003928,57028,0,0,57028
setl_003400003,refund,rfnd_0034000051,-333943,0,0,-333943
setl_003400003,refund,rfnd_0034001753,-62047,0,0,-62047
setl_003400004,payment,pay_0034000002,30175,0,0,30175
setl_003400004,payment,pay_0034000059,154463,3089,556,150818
setl_003400004,payment,pay_0034000096,72753,0,0,72753
setl_003400004,payment,pay_0034000156,95677,0,0,95677
setl_003400004,payment,pay_0034000185,62011,0,0,62011
setl_003400004,payment,pay_0034000258,20570,0,0,20570
setl_003400004,payment,pay_0034000284,112119,0,0,112119
setl_003400004,payment,pay_0034000312,547886,0,0,547886
setl_003400004,payment,pay_0034000333,75929,0,0,75929
setl_003400004,payment,pay_0034000335,227489,0,0,227489
setl_003400004,payment,pay_0034000344,137903,2758,496,134649
setl_003400004,payment,pay_0034000469,106520,2024,364,104132
setl_003400004,payment,pay_0034000475,57067,1141,205,55721
setl_003400004,payment,pay_0034000517,124470,2365,426,121679
setl_003400004,payment,pay_0034000569,50589,0,0,50589
setl_003400004,payment,pay_0034000629,49791,0,0,49791
setl_003400004,payment,pay_0034000673,46851,0,0,46851
setl_003400004,payment,pay_0034000680,33503,670,121,32712
setl_003400004,payment,pay_0034000689,119712,2275,410,117027
setl_003400004,payment,pay_0034000722,24863,497,89,24277
setl_003400004,payment,pay_0034000730,277781,5278,950,271553
setl_003400004,payment,pay_0034000772,20716,414,75,20227
setl_003400004,payment,pay_0034000817,283707,0,0,283707
setl_003400004,payment,pay_0034000841,20598,412,74,20112
setl_003400004,payment,pay_0034000878,13719,261,47,13411
setl_003400004,payment,pay_0034000880,53828,0,0,53828
setl_003400004,payment,pay_0034000882,67686,0,0,67686
setl_003400004,payment,pay_0034001010,345412,0,0,345412
setl_003400004,payment,pay_0034001019,224919,0,0,224919
setl_003400004,payment,pay_0034001077,119859,0,0,119859
setl_003400004,payment,pay_0034001092,88495,0,0,88495
setl_003400004,payment,pay_0034001111,44631,0,0,44631
setl_003400004,payment,pay_0034001147,34762,0,0,34762
setl_003400004,payment,pay_0034001148,146235,0,0,146235
setl_003400004,payment,pay_0034001182,90770,908,163,89699
setl_003400004,payment,pay_0034001190,100752,2015,363,98374
setl_003400004,payment,pay_0034001229,63397,1268,228,61901
setl_003400004,payment,pay_0034001246,184831,1848,333,182650
setl_003400004,payment,pay_0034001252,102822,0,0,102822
setl_003400004,payment,pay_0034001296,45889,918,165,44806
setl_003400004,payment,pay_0034001303,72719,0,0,72719
setl_003400004,payment,pay_0034001326,63432,0,0,63432
setl_003400004,payment,pay_0034001416,118035,2361,425,115249
setl_003400004,payment,pay_0034001439,87579,1752,315,85512
setl_003400004,payment,pay_0034001464,65540,0,0,65540
setl_003400004,payment,pay_0034001468,97958,0,0,97958
setl_003400004,payment,pay_0034001579,165838,3151,567,162120
setl_003400004,payment,pay_0034001649,181477,3630,653,177194
setl_003400004,payment,pay_0034001702,419590,8392,1511,409687
setl_003400004,payment,pay_0034001715,43094,0,0,43094
setl_003400004,payment,pay_0034001756,81729,1635,294,79800
setl_003400004,payment,pay_0034001794,55467,1054,190,54223
setl_003400004,payment,pay_0034001816,82206,1644,296,80266
setl_003400004,payment,pay_0034001939,165645,0,0,165645
setl_003400004,payment,pay_0034001995,30619,0,0,30619
setl_003400004,payment,pay_0034002015,124728,0,0,124728
setl_003400004,payment,pay_0034002023,72160,1443,260,70457
setl_003400004,payment,pay_0034002037,22043,441,79,21523
setl_003400004,payment,pay_0034002125,9446,0,0,9446
setl_003400004,payment,pay_0034002168,20167,0,0,20167
setl_003400004,payment,pay_0034002247,144528,0,0,144528
setl_003400004,payment,pay_0034002253,43340,433,78,42829
setl_003400004,payment,pay_0034002314,76632,0,0,76632
setl_003400004,payment,pay_0034002397,59093,591,106,58396
setl_003400004,payment,pay_0034002409,318182,0,0,318182
setl_003400004,payment,pay_0034002441,126141,0,0,126141
setl_003400004,payment,pay_0034002485,18058,0,0,18058
setl_003400004,payment,pay_0034002550,76522,1530,275,74717
setl_003400004,payment,pay_0034002592,15564,0,0,15564
setl_003400004,payment,pay_0034002597,258234,0,0,258234
setl_003400004,payment,pay_0034002620,69103,0,0,69103
setl_003400004,payment,pay_0034002678,26735,535,96,26104
setl_003400004,payment,pay_0034002685,64728,0,0,64728
setl_003400004,payment,pay_0034002730,60829,0,0,60829
setl_003400004,payment,pay_0034002779,131167,1312,236,129619
setl_003400004,payment,pay_0034002835,256661,0,0,256661
setl_003400004,payment,pay_0034002846,101723,0,0,101723
setl_003400004,payment,pay_0034002864,201962,0,0,201962
setl_003400004,payment,pay_0034002893,105463,0,0,105463
setl_003400004,payment,pay_0034002907,56425,0,0,56425
setl_003400004,payment,pay_0034002934,22603,0,0,22603
setl_003400004,payment,pay_0034002956,11052,0,0,11052
setl_003400004,payment,pay_0034003122,281921,5356,964,275601
setl_003400004,payment,pay_0034003162,108533,0,0,108533
setl_003400004,payment,pay_0034003219,51273,0,0,51273
setl_003400004,payment,pay_0034003275,34947,349,6290,28308
setl_003400004,payment,pay_0034003286,22742,0,0,22742
setl_003400004,payment,pay_0034003370,89117,1782,321,87014
setl_003400004,payment,pay_0034003423,16139,0,0,16139
setl_003400004,payment,pay_0034003502,160759,0,0,160759
setl_003400004,payment,pay_0034003567,64208,1284,231,62693
setl_003400004,payment,pay_0034003654,25697,514,93,25090
setl_003400004,payment,pay_0034003669,38683,774,139,37770
setl_003400004,payment,pay_0034003671,186290,0,0,186290
setl_003400004,payment,pay_0034003749,25244,0,0,25244
setl_003400004,payment,pay_0034003751,98816,0,0,98816
setl_003400004,payment,pay_0034003815,130590,0,0,130590
setl_003400004,payment,pay_0034003878,63427,285,51,63091
setl_003400004,payment,pay_0034003905,72971,1459,263,71249
setl_003400004,payment,pay_0034003938,99334,1987,358,96989
setl_003400004,payment,pay_0034003969,98331,0,0,98331
setl_003400004,refund,rfnd_0034000301,-3446,0,0,-3446
setl_003400004,refund,rfnd_0034002336,-18574,0,0,-18574
setl_003400004,refund,rfnd_0034003477,-39037,0,0,-39037
setl_003400005,payment,pay_0034000009,49041,0,0,49041
setl_003400005,payment,pay_0034000066,176184,0,0,176184
setl_003400005,payment,pay_0034000093,30341,0,0,30341
setl_003400005,payment,pay_0034000101,115361,0,0,115361
setl_003400005,payment,pay_0034000274,105879,0,0,105879
setl_003400005,payment,pay_0034000289,118920,1189,214,117517
setl_003400005,payment,pay_0034000293,67408,0,0,67408
setl_003400005,payment,pay_0034000309,31092,0,0,31092
setl_003400005,payment,pay_0034000368,405044,0,0,405044
setl_003400005,payment,pay_0034000446,56015,0,0,56015
setl_003400005,payment,pay_0034000500,9601,0,0,9601
setl_003400005,payment,pay_0034000527,96815,0,0,96815
setl_003400005,payment,pay_0034000531,98063,0,0,98063
setl_003400005,payment,pay_0034000542,110023,0,0,110023
setl_003400005,payment,pay_0034000546,26435,264,48,26123
setl_003400005,payment,pay_0034000605,74032,0,0,74032
setl_003400005,payment,pay_0034000607,88252,0,0,88252
setl_003400005,payment,pay_0034000615,110956,0,0,110956
setl_003400005,payment,pay_0034000664,244810,5998,1080,237732
setl_003400005,payment,pay_0034000739,231061,0,0,231061
setl_003400005,payment,pay_0034000764,93625,0,0,93625
setl_003400005,payment,pay_0034000785,104231,0,0,104231
setl_003400005,payment,pay_0034000834,92414,1756,316,90342
setl_003400005,payment,pay_0034000844,244115,0,0,244115
setl_003400005,payment,pay_0034000927,136862,2737,493,133632
setl_003400005,payment,pay_0034000944,18408,368,66,17974
setl_003400005,payment,pay_0034001016,33570,0,0,33570
setl_003400005,payment,pay_0034001029,19148,0,0,19148
setl_003400005,payment,pay_0034001131,33679,0,0,33679
setl_003400005,payment,pay_0034001179,41235,0,0,41235
setl_003400005,payment,pay_0034001238,33643,0,0,33643
setl_003400005,payment,pay_0034001305,16602,315,57,16230
setl_003400005,payment,pay_0034001367,55003,1815,327,52861
setl_003400005,payment,pay_0034001406,24519,245,44,24230
setl_003400005,payment,pay_0034001505,72408,1376,248,70784
setl_003400005,payment,pay_0034001524,73618,1472,265,71881
setl_003400005,payment,pay_0034001531,38788,776,140,37872
setl_003400005,payment,pay_0034001537,37141,0,0,37141
setl_003400005,payment,pay_0034001550,556075,11122,2002,542951
setl_003400005,payment,pay_0034001583,27463,0,0,27463
setl_003400005,payment,pay_0034001604,85557,0,0,85557
setl_003400005,payment,pay_0034001616,50262,1005,181,49076
setl_003400005,payment,pay_0034001633,59794,0,0,59794
setl_003400005,payment,pay_0034001650,28332,0,0,28332
setl_003400005,payment,pay_0034001669,52267,0,0,52267
setl_003400005,payment,pay_0034001683,63644,0,0,63644
setl_003400005,payment,pay_0034001708,45422,0,0,45422
setl_003400005,payment,pay_0034001784,27853,557,100,27196
setl_003400005,payment,pay_0034001877,279163,2792,503,275868
setl_003400005,payment,pay_0034001900,178244,3565,642,174037
setl_003400005,payment,pay_0034002013,134533,0,0,134533
setl_003400005,payment,pay_0034002046,87846,1757,316,85773
setl_003400005,payment,pay_0034002048,39241,392,71,38778
setl_003400005,payment,pay_0034002087,55807,1060,191,54556
setl_003400005,payment,pay_0034002198,52379,0,0,52379
setl_003400005,payment,pay_0034002206,124387,0,0,124387
setl_003400005,payment,pay_0034002237,236221,4724,850,230647
setl_003400005,payment,pay_0034002259,41624,0,0,41624
setl_003400005,payment,pay_0034002273,70304,0,0,70304
setl_003400005,payment,pay_0034002276,182987,0,0,182987
setl_003400005,payment,pay_0034002332,189934,0,0,189934
setl_003400005,payment,pay_0034002359,1001941,0,0,1001941
setl_003400005,payment,pay_0034002372,141554,0,0,141554
setl_003400005,payment,pay_0034002439,233913,4678,842,228393
setl_003400005,payment,pay_0034002519,73207,0,0,73207
setl_003400005,payment,pay_0034002580,80124,0,0,80124
setl_003400005,payment,pay_0034002581,245591,4912,884,239795
setl_003400005,payment,pay_0034002667,147504,0,0,147504
setl_003400005,payment,pay_0034002673,48415,968,174,47273
setl_003400005,payment,pay_0034002871,34731,660,119,33952
setl_003400005,payment,pay_0034002891,121565,0,0,121565
setl_003400005,payment,pay_0034002942,32376,0,0,32376
setl_003400005,payment,pay_0034003067,93998,0,0,93998
setl_003400005,payment,pay_0034003076,175086,0,0,175086
setl_003400005,payment,pay_0034003096,222019,0,0,222019
setl_003400005,payment,pay_0034003124,75343,0,0,75343
setl_003400005,payment,pay_0034003129,182005,3640,655,177710
setl_003400005,payment,pay_0034003148,488999,9780,1760,477459
setl_003400005,payment,pay_0034003169,194472,3889,700,189883
setl_003400005,payment,pay_0034003254,313279,0,0,313279
setl_003400005,payment,pay_0034003265,34069,0,0,34069
setl_003400005,payment,pay_0034003277,25619,0,0,25619
setl_003400005,payment,pay_0034003281,155022,0,0,155022
setl_003400005,payment,pay_0034003292,158605,3172,571,154862
setl_003400005,payment,pay_0034003304,524626,0,0,524626
setl_003400005,payment,pay_0034003305,89206,0,0,89206
setl_003400005,payment,pay_0034003362,27419,0,0,27419
setl_003400005,payment,pay_0034003368,124540,0,0,124540
setl_003400005,payment,pay_0034003390,16316,326,59,15931
setl_003400005,payment,pay_0034003476,57011,1710,308,54993
setl_003400005,payment,pay_0034003536,45646,0,0,45646
setl_003400005,payment,pay_0034003607,106477,0,0,106477
setl_003400005,payment,pay_0034003797,91138,0,0,91138
setl_003400005,payment,pay_0034003853,44510,0,0,44510
setl_003400005,payment,pay_0034003869,196617,3736,672,192209
setl_003400005,payment,pay_0034003915,242293,4846,872,236575
setl_003400005,payment,pay_0034003951,72471,1449,261,70761
setl_003400005,refund,rfnd_0034000401,-253005,0,0,-253005
setl_003400005,refund,rfnd_0034001367,-55003,0,0,-55003
setl_003400005,refund,rfnd_0034002116,-25823,0,0,-25823
setl_003400005,refund,rfnd_0034002283,-67793,0,0,-67793
setl_003400005,refund,rfnd_0034002401,-189355,0,0,-189355
setl_003400005,refund,rfnd_0034003103,-17564,0,0,-17564
setl_003400005,refund,rfnd_0034003404,-551168,0,0,-551168
setl_003400005,refund,rfnd_0034003451,-192906,0,0,-192906
setl_003400006,payment,pay_0034000021,206504,0,0,206504
setl_003400006,payment,pay_0034000029,13729,275,50,13404
setl_003400006,payment,pay_0034000036,165594,0,0,165594
setl_003400006,payment,pay_0034000112,206923,0,0,206923
setl_003400006,payment,pay_0034000128,60087,0,0,60087
setl_003400006,payment,pay_0034000150,741465,0,0,741465
setl_003400006,payment,pay_0034000189,144433,1444,260,142729
setl_003400006,payment,pay_0034000190,53960,1079,194,52687
setl_003400006,payment,pay_0034000203,8452,0,0,8452
setl_003400006,payment,pay_0034000234,51401,0,0,51401
setl_003400006,payment,pay_0034000281,216043,7129,1283,207631
setl_003400006,payment,pay_0034000320,105551,0,0,105551
setl_003400006,payment,pay_0034000341,57875,0,0,57875
setl_003400006,payment,pay_0034000349,319708,6394,1151,312163
setl_003400006,payment,pay_0034000393,667635,13353,2404,651878
setl_003400006,payment,pay_0034000417,63026,0,0,63026
setl_003400006,payment,pay_0034000442,436777,0,0,436777
setl_003400006,payment,pay_0034000448,77040,0,0,77040
setl_003400006,payment,pay_0034000453,30336,0,0,30336
setl_003400006,payment,pay_0034000466,75687,1514,273,73900
setl_003400006,payment,pay_0034000502,118196,0,0,118196
setl_003400006,payment,pay_0034000515,156574,3131,564,152879
setl_003400006,payment,pay_0034000519,333480,0,0,333480
setl_003400006,payment,pay_0034000534,266953,0,0,266953
setl_003400006,payment,pay_0034000590,29046,668,120,28258
setl_003400006,payment,pay_0034000593,23330,467,84,22779
setl_003400006,payment,pay_0034000611,220755,0,0,220755
setl_003400006,payment,pay_0034000621,107018,0,0,107018
setl_003400006,payment,pay_0034000706,139364,0,0,139364
setl_003400006,payment,pay_0034000708,28442,569,102,27771
setl_003400006,payment,pay_0034000714,79536,0,0,79536
setl_003400006,payment,pay_0034000726,151814,0,0,151814
setl_003400006,payment,pay_0034000775,34699,0,0,34699
setl_003400006,payment,pay_0034000781,149675,1497,269,147909
setl_003400006,payment,pay_0034000820,570611,10842,1952,557817
setl_003400006,payment,pay_0034000863,15681,314,57,15310
setl_003400006,payment,pay_0034000868,120888,2418,435,118035
setl_003400006,payment,pay_0034000929,29759,298,54,29407
setl_003400006,payment,pay_0034000940,111039,0,0,111039
setl_003400006,payment,pay_0034000984,114610,0,0,114610
setl_003400006,payment,pay_0034000989,46950,1080,194,45676
setl_003400006,payment,pay_0034001023,111285,0,0,111285
setl_003400006,payment,pay_0034001024,225646,0,0,225646
setl_003400006,payment,pay_0034001042,30469,0,0,30469
setl_003400006,payment,pay_0034001072,251933,0,0,251933
setl_003400006,payment,pay_0034001241,147791,0,0,147791
setl_003400006,payment,pay_0034001254,145195,2759,497,141939
setl_003400006,payment,pay_0034001289,15882,318,57,15507
setl_003400006,payment,pay_0034001350,210317,0,0,210317
setl_003400006,payment,pay_0034001351,129545,0,0,129545
setl_003400006,payment,pay_0034001398,36532,694,125,35713
setl_003400006,payment,pay_0034001417,23584,0,0,23584
setl_003400006,payment,pay_0034001450,15946,0,0,15946
setl_003400006,payment,pay_0034001472,295651,0,0,295651
setl_003400006,payment,pay_0034001502,56421,1072,193,55156
setl_003400006,payment,pay_0034001508,47415,0,0,47415
setl_003400006,payment,pay_0034001522,233285,4666,840,227779
setl_003400006,payment,pay_0034001573,430200,0,0,430200
setl_003400006,payment,pay_0034001610,26924,0,0,26924
setl_003400006,payment,pay_0034001658,95282,1906,343,93033
setl_003400006,payment,pay_0034001706,53515,0,0,53515
setl_003400006,payment,pay_0034001725,170483,0,0,170483
setl_003400006,payment,pay_0034001730,197749,0,0,197749
setl_003400006,payment,pay_0034001768,86369,0,0,86369
setl_003400006,payment,pay_0034001789,33352,634,114,32604
setl_003400006,payment,pay_0034001798,125706,0,0,125706
setl_003400006,payment,pay_0034001800,80363,0,0,80363
setl_003400006,payment,pay_0034001838,78374,0,0,78374
setl_003400006,payment,pay_0034001840,447264,0,0,447264
setl_003400006,payment,pay_0034001856,54823,548,99,54176
setl_003400006,payment,pay_0034001858,287334,0,0,287334
setl_003400006,payment,pay_0034001869,103749,2075,374,101300
setl_003400006,payment,pay_0034001888,44249,885,159,43205
setl_003400006,payment,pay_0034001940,104740,2095,377,102268
setl_003400006,payment,pay_0034001999,98073,0,0,98073
setl_003400006,payment,pay_0034002085,71984,1440,259,70285
setl_003400006,payment,pay_0034002173,211719,0,0,211719
setl_003400006,payment,pay_0034002240,40799,0,0,40799
setl_003400006,payment,pay_0034002267,33034,661,119,32254
setl_003400006,payment,pay_0034002339,59212,0,0,59212
setl_003400006,payment,pay_0034002355,54193,0,0,54193
setl_003400006,payment,pay_0034002364,32105,0,0,32105
setl_003400006,payment,pay_0034002373,154135,1541,277,152317
setl_003400006,payment,pay_0034002400,110502,0,0,110502
setl_003400006,payment,pay_0034002411,352635,0,0,352635
setl_003400006,payment,pay_0034002475,48882,978,176,47728
setl_003400006,payment,pay_0034002484,47466,0,0,47466
setl_003400006,payment,pay_0034002528,178364,0,0,178364
setl_003400006,payment,pay_0034002537,216047,0,0,216047
setl_003400006,payment,pay_0034002538,24543,577,104,23862
setl_003400006,payment,pay_0034002618,72450,1449,261,70740
setl_003400006,payment,pay_0034002640,67623,0,0,67623
setl_003400006,payment,pay_0034002643,23430,0,0,23430
setl_003400006,payment,pay_0034002675,74437,0,0,74437
setl_003400006,payment,pay_0034002694,87415,0,0,87415
setl_003400006,payment,pay_0034002822,57052,571,103,56378
setl_003400006,payment,pay_0034002863,29409,559,101,28749
setl_003400006,payment,pay_0034002874,131270,0,0,131270
setl_003400006,payment,pay_0034002899,28127,281,51,27795
setl_003400006,payment,pay_0034002903,43311,866,156,42289
setl_003400006,payment,pay_0034002949,51215,0,0,51215
setl_003400006,payment,pay_0034003013,21959,0,0,21959
setl_003400006,payment,pay_0034003063,210326,0,0,210326
setl_003400006,payment,pay_0034003116,198440,0,0,198440
setl_003400006,payment,pay_0034003119,33890,0,0,33890
setl_003400006,payment,pay_0034003121,418146,8363,1505,408278
setl_003400006,payment,pay_0034003200,92998,0,0,92998
setl_003400006,payment,pay_0034003227,18229,0,0,18229
setl_003400006,payment,pay_0034003302,156116,3122,562,152432
setl_003400006,payment,pay_0034003343,39521,1186,213,38122
setl_003400006,payment,pay_0034003345,93364,1867,336,91161
setl_003400006,payment,pay_0034003470,135930,2719,489,132722
setl_003400006,payment,pay_0034003474,76420,0,0,76420
setl_003400006,payment,pay_0034003504,19151,0,0,19151
setl_003400006,payment,pay_0034003510,136572,0,0,136572
setl_003400006,payment,pay_0034003513,138996,2641,475,135880
setl_003400006,payment,pay_0034003523,80358,1607,289,78462
setl_003400006,payment,pay_0034003530,121213,0,0,121213
setl_003400006,payment,pay_0034003554,393472,0,0,393472
setl_003400006,payment,pay_0034003576,105269,0,0,105269
setl_003400006,payment,pay_0034003739,128364,0,0,128364
setl_003400006,payment,pay_0034003742,65059,0,0,65059
setl_003400006,payment,pay_0034003764,177265,0,0,177265
setl_003400006,payment,pay_0034003822,29368,0,0,29368
setl_003400006,payment,pay_0034003828,77311,1546,278,75487
setl_003400006,payment,pay_0034003840,31636,0,0,31636
setl_003400006,payment,pay_0034003892,29479,0,0,29479
setl_003400006,payment,pay_0034003974,126752,2535,456,123761
setl_003400006,payment,pay_0034003978,21080,0,0,21080
setl_003400006,refund,rfnd_0034000403,-284878,0,0,-284878
setl_003400006,refund,rfnd_0034000659,-17630,0,0,-17630
setl_003400006,refund,rfnd_0034002618,-18313,0,0,-18313
setl_003400006,refund,rfnd_0034002647,-336501,0,0,-336501
setl_003400006,refund,rfnd_0034002798,-325974,0,0,-325974
setl_003400006,refund,rfnd_0034002933,-16005,0,0,-16005
setl_003400006,refund,rfnd_0034003576,-105269,0,0,-105269
setl_003400006,refund,rfnd_0034003608,-20313,0,0,-20313
setl_003400007,payment,pay_0034000022,75751,0,0,75751
setl_003400007,payment,pay_0034000024,24753,0,0,24753
setl_003400007,payment,pay_0034000035,348656,0,0,348656
setl_003400007,payment,pay_0034000084,67916,1358,244,66314
setl_003400007,payment,pay_0034000122,125577,2512,452,122613
setl_003400007,payment,pay_0034000146,59393,1188,214,57991
setl_003400007,payment,pay_0034000197,14367,287,52,14028
setl_003400007,payment,pay_0034000311,321271,0,0,321271
setl_003400007,payment,pay_0034000351,37231,0,0,37231
setl_003400007,payment,pay_0034000394,114579,0,0,114579
setl_003400007,payment,pay_0034000397,77298,1469,264,75565
setl_003400007,payment,pay_0034000494,110190,2204,397,107589
setl_003400007,payment,pay_0034000521,65051,0,0,65051
setl_003400007,payment,pay_0034000561,33687,0,0,33687
setl_003400007,payment,pay_0034000596,83544,0,0,83544
setl_003400007,payment,pay_0034000608,154132,2929,527,150676
setl_003400007,payment,pay_0034000646,98181,1865,336,95980
setl_003400007,payment,pay_0034000663,34625,0,0,34625
setl_003400007,payment,pay_0034000671,368239,6997,1259,359983
setl_003400007,payment,pay_0034000827,164847,0,0,164847
setl_003400007,payment,pay_0034000831,375126,0,0,375126
setl_003400007,payment,pay_0034000994,165239,0,0,165239
setl_003400007,payment,pay_0034001011,33320,0,0,33320
setl_003400007,payment,pay_0034001076,78548,0,0,78548
setl_003400007,payment,pay_0034001165,68503,0,0,68503
setl_003400007,payment,pay_0034001187,249690,2497,449,246744
setl_003400007,payment,pay_0034001195,81974,0,0,81974
setl_003400007,payment,pay_0034001215,206035,3915,705,201415
setl_003400007,payment,pay_0034001287,30768,615,111,30042
setl_003400007,payment,pay_0034001306,300534,0,0,300534
setl_003400007,payment,pay_0034001368,23214,464,84,22666
setl_003400007,payment,pay_0034001388,207903,0,0,207903
setl_003400007,payment,pay_0034001396,78078,1562,281,76235
setl_003400007,payment,pay_0034001415,20639,0,0,20639
setl_003400007,payment,pay_0034001461,18964,190,34,18740
setl_003400007,payment,pay_0034001462,44097,0,0,44097
setl_003400007,payment,pay_0034001498,295005,5900,1062,288043
setl_003400007,payment,pay_0034001523,47394,0,0,47394
setl_003400007,payment,pay_0034001542,1468942,29379,5288,1434275
setl_003400007,payment,pay_0034001543,77333,0,0,77333
setl_003400007,payment,pay_0034001606,110632,0,0,110632
setl_003400007,payment,pay_0034001613,115944,2203,397,113344
setl_003400007,payment,pay_0034001644,193764,3682,663,189419
setl_003400007,payment,pay_0034001681,114652,0,0,114652
setl_003400007,payment,pay_0034001746,58011,1160,209,56642
setl_003400007,payment,pay_0034001758,18849,0,0,18849
setl_003400007,payment,pay_0034001770,301235,0,0,301235
setl_003400007,payment,pay_0034001842,27272,0,0,27272
setl_003400007,payment,pay_0034002017,226000,0,0,226000
setl_003400007,payment,pay_0034002076,101112,1921,346,98845
setl_003400007,payment,pay_0034002082,51190,0,0,51190
setl_003400007,payment,pay_0034002090,39284,0,0,39284
setl_003400007,payment,pay_0034002147,185441,3709,668,181064
setl_003400007,payment,pay_0034002165,78145,0,0,78145
setl_003400007,payment,pay_0034002174,47781,0,0,47781
setl_003400007,payment,pay_0034002192,62294,0,0,62294
setl_003400007,payment,pay_0034002195,121790,0,0,121790
setl_003400007,payment,pay_0034002200,8097,0,0,8097
setl_003400007,payment,pay_0034002203,30158,0,0,30158
setl_003400007,payment,pay_0034002347,98361,0,0,98361
setl_003400007,payment,pay_0034002415,63909,0,0,63909
setl_003400007,payment,pay_0034002447,239711,0,0,239711
setl_003400007,payment,pay_0034002467,288457,0,0,288457
setl_003400007,payment,pay_0034002531,182482,3650,657,178175
setl_003400007,payment,pay_0034002602,38276,766,138,37372
setl_003400007,payment,pay_0034002668,45000,900,162,43938
setl_003400007,payment,pay_0034002808,48474,0,0,48474
setl_003400007,payment,pay_0034002977,28824,0,0,28824
setl_003400007,payment,pay_0034002983,196882,0,0,196882
setl_003400007,payment,pay_0034002989,85785,1716,309,83760
setl_003400007,payment,pay_0034003010,573354,10894,1961,560499
setl_003400007,payment,pay_0034003041,55184,0,0,55184
setl_003400007,payment,pay_0034003058,24411,0,0,24411
setl_003400007,payment,pay_0034003066,156476,0,0,156476
setl_003400007,payment,pay_0034003106,21759,435,78,21246
setl_003400007,payment,pay_0034003174,51797,984,177,50636
setl_003400007,payment,pay_0034003240,35802,0,0,35802
setl_003400007,payment,pay_0034003352,140511,0,0,140511
setl_003400007,payment,pay_0034003361,96281,0,0,96281
setl_003400007,payment,pay_0034003409,30070,0,0,30070
setl_003400007,payment,pay_0034003426,83203,0,0,83203
setl_003400007,payment,pay_0034003435,91289,0,0,91289
setl_003400007,payment,pay_0034003440,201087,0,0,201087
setl_003400007,payment,pay_0034003467,24167,0,0,24167
setl_003400007,payment,pay_0034003490,337336,6747,1214,329375
setl_003400007,payment,pay_0034003506,62129,621,112,61396
setl_003400007,payment,pay_0034003544,196400,0,0,196400
setl_003400007,payment,pay_0034003577,209128,4183,753,204192
setl_003400007,payment,pay_0034003600,4900,98,18,4784
setl_003400007,payment,pay_0034003643,83228,0,0,83228
setl_003400007,payment,pay_0034003651,29078,0,0,29078
setl_003400007,payment,pay_0034003691,56712,1078,194,55440
setl_003400007,payment,pay_0034003701,29570,591,106,28873
setl_003400007,payment,pay_0034003702,64874,0,0,64874
setl_003400007,payment,pay_0034003725,24618,492,89,24037
setl_003400007,payment,pay_0034003838,162660,3253,586,158821
setl_003400007,payment,pay_0034003893,109386,2188,394,106804
setl_003400007,payment,pay_0034003931,162858,0,0,162858
setl_003400007,payment,pay_0034003942,88091,0,0,88091
setl_003400007,payment,pay_0034003958,31098,0,0,31098
setl_003400007,payment,pay_0034003967,75658,0,0,75658
setl_003400007,refund,rfnd_0034000727,-102155,0,0,-102155
setl_003400007,refund,rfnd_0034001072,-251933,0,0,-251933
setl_003400007,refund,rfnd_0034001195,-81974,0,0,-81974
setl_003400007,refund,rfnd_0034001639,-240040,0,0,-240040
setl_003400007,refund,rfnd_0034001858,-287334,0,0,-287334
setl_003400007,refund,rfnd_0034002136,-27770,0,0,-27770
setl_003400007,refund,rfnd_0034002673,-22742,0,0,-22742
setl_003400007,refund,rfnd_0034002937,-47717,0,0,-47717
setl_003400008,payment,pay_0034000005,30786,616,111,30059
setl_003400008,payment,pay_0034000023,501555,0,0,501555
setl_003400008,payment,pay_0034000025,18354,367,66,17921
setl_003400008,payment,pay_0034000124,32913,625,113,32175
setl_003400008,payment,pay_0034000157,63259,0,0,63259
setl_003400008,payment,pay_0034000205,31403,628,113,30662
setl_003400008,payment,pay_0034000278,36444,0,0,36444
setl_003400008,payment,pay_0034000388,961882,0,0,961882
setl_003400008,payment,pay_0034000424,151294,1513,272,149509
setl_003400008,payment,pay_0034000425,492590,0,0,492590
setl_003400008,payment,pay_0034000482,88388,0,0,88388
setl_003400008,payment,pay_0034000525,42094,0,0,42094
setl_003400008,payment,pay_0034000578,31840,637,115,31088
setl_003400008,payment,pay_0034000707,105753,0,0,105753
setl_003400008,payment,pay_0034000712,97568,0,0,97568
setl_003400008,payment,pay_0034000740,30677,614,111,29952
setl_003400008,payment,pay_0034000778,229760,0,0,229760
setl_003400008,payment,pay_0034000838,54885,0,0,54885
setl_003400008,payment,pay_0034000843,51353,0,0,51353
setl_003400008,payment,pay_0034000879,95496,1814,327,93355
setl_003400008,payment,pay_0034000909,118032,2361,425,115246
setl_003400008,payment,pay_0034001015,20255,0,0,20255
setl_003400008,payment,pay_0034001022,38839,777,140,37922
setl_003400008,payment,pay_0034001026,35807,824,148,34835
setl_003400008,payment,pay_0034001038,149831,0,0,149831
setl_003400008,payment,pay_0034001050,35490,710,128,34652
setl_003400008,payment,pay_0034001080,125963,0,0,125963
setl_003400008,payment,pay_0034001089,183183,0,0,183183
setl_003400008,payment,pay_0034001127,172970,3459,623,168888
setl_003400008,payment,pay_0034001138,44345,0,0,44345
setl_003400008,payment,pay_0034001163,11821,0,0,11821
setl_003400008,payment,pay_0034001173,29555,0,0,29555
setl_003400008,payment,pay_0034001313,159361,0,0,159361
setl_003400008,payment,pay_0034001330,68818,688,124,68006
setl_003400008,payment,pay_0034001339,70120,0,0,70120
setl_003400008,payment,pay_0034001346,124134,2483,447,121204
setl_003400008,payment,pay_0034001387,86519,0,0,86519
setl_003400008,payment,pay_0034001392,18049,0,0,18049
setl_003400008,payment,pay_0034001413,129585,2592,467,126526
setl_003400008,payment,pay_0034001465,279684,0,0,279684
setl_003400008,payment,pay_0034001491,60379,1208,217,58954
setl_003400008,payment,pay_0034001578,97009,1940,349,94720
setl_003400008,payment,pay_0034001676,148289,0,0,148289
setl_003400008,payment,pay_0034001743,767071,15341,2761,748969
setl_003400008,payment,pay_0034001836,99196,0,0,99196
setl_003400008,payment,pay_0034001847,37936,759,137,37040
setl_003400008,payment,pay_0034001850,10198,0,0,10198
setl_003400008,payment,pay_0034001866,38705,735,132,37838
setl_003400008,payment,pay_0034001873,142873,643,116,142114
setl_003400008,payment,pay_0034001893,60897,1157,208,59532
setl_003400008,payment,pay_0034001910,84709,0,0,84709
setl_003400008,payment,pay_0034001942,68690,0,0,68690
setl_003400008,payment,pay_0034001975,443126,0,0,443126
setl_003400008,payment,pay_0034002007,47418,0,0,47418
setl_003400008,payment,pay_0034002058,26105,0,0,26105
setl_003400008,payment,pay_0034002092,33869,644,116,33109
setl_003400008,payment,pay_0034002095,34601,0,0,34601
setl_003400008,payment,pay_0034002112,90836,1817,327,88692
setl_003400008,payment,pay_0034002123,25814,0,0,25814
setl_003400008,payment,pay_0034002133,16662,167,30,16465
setl_003400008,payment,pay_0034002138,880239,16725,3011,860503
setl_003400008,payment,pay_0034002163,86439,0,0,86439
setl_003400008,payment,pay_0034002308,82966,0,0,82966
setl_003400008,payment,pay_0034002311,196345,0,0,196345
setl_003400008,payment,pay_0034002313,103945,2079,374,101492
setl_003400008,payment,pay_0034002319,49541,991,178,48372
setl_003400008,payment,pay_0034002321,22648,453,82,22113
setl_003400008,payment,pay_0034002331,48291,966,174,47151
setl_003400008,payment,pay_0034002380,51262,1025,185,50052
setl_003400008,payment,pay_0034002405,77570,0,0,77570
setl_003400008,payment,pay_0034002440,218268,0,0,218268
setl_003400008,payment,pay_0034002454,72294,0,0,72294
setl_003400008,payment,pay_0034002535,362583,0,0,362583
setl_003400008,payment,pay_0034002547,216736,4335,780,211621
setl_003400008,payment,pay_0034002598,299883,0,0,299883
setl_003400008,payment,pay_0034002609,136889,2738,493,133658
setl_003400008,payment,pay_0034002695,133724,2674,481,130569
setl_003400008,payment,pay_0034002706,159954,5278,950,153726
setl_003400008,payment,pay_0034002743,19197,192,35,18970
setl_003400008,payment,pay_0034002749,79886,0,0,79886
setl_003400008,payment,pay_0034002770,18754,375,68,18311
setl_003400008,payment,pay_0034002777,63594,0,0,63594
setl_003400008,payment,pay_0034002820,80299,0,0,80299
setl_003400008,payment,pay_0034002837,96057,0,0,96057
setl_003400008,payment,pay_0034002876,28993,0,0,28993
setl_003400008,payment,pay_0034002966,159616,0,0,159616
setl_003400008,payment,pay_0034002978,39053,0,0,39053
setl_003400008,payment,pay_0034002992,110836,2217,399,108220
setl_003400008,payment,pay_0034003052,55149,0,0,55149
setl_003400008,payment,pay_0034003083,37195,0,0,37195
setl_003400008,payment,pay_0034003120,48939,979,176,47784
setl_003400008,payment,pay_0034003144,85818,1716,309,83793
setl_003400008,payment,pay_0034003157,49508,0,0,49508
setl_003400008,payment,pay_0034003187,100434,0,0,100434
setl_003400008,payment,pay_0034003198,88190,0,0,88190
setl_003400008,payment,pay_0034003232,106227,2125,383,103719
setl_003400008,payment,pay_0034003252,170414,0,0,170414
setl_003400008,payment,pay_0034003328,82774,1655,298,80821
setl_003400008,payment,pay_0034003342,58584,0,0,58584
setl_003400008,payment,pay_0034003350,75889,0,0,75889
setl_003400008,payment,pay_0034003422,121030,2421,436,118173
setl_003400008,payment,pay_0034003478,12766,0,0,12766
setl_003400008,payment,pay_0034003479,778388,0,0,778388
setl_003400008,payment,pay_0034003548,64954,1299,234,63421
setl_003400008,payment,pay_0034003562,52681,0,0,52681
setl_003400008,payment,pay_0034003573,156273,3125,563,152585
setl_003400008,payment,pay_0034003585,119664,2274,409,116981
setl_003400008,payment,pay_0034003599,37592,752,135,36705
setl_003400008,payment,pay_0034003686,138344,0,0,138344
setl_003400008,payment,pay_0034003745,124007,0,0,124007
setl_003400008,payment,pay_0034003762,108686,0,0,108686
setl_003400008,payment,pay_0034003803,164782,3296,593,160893
setl_003400008,payment,pay_0034003804,131677,0,0,131677
setl_003400008,payment,pay_0034003825,165841,0,0,165841
setl_003400008,payment,pay_0034003826,501972,0,0,501972
setl_003400008,payment,pay_0034003839,165801,0,0,165801
setl_003400008,payment,pay_0034003895,37295,0,0,37295
setl_003400008,payment,pay_0034003923,28763,0,0,28763
setl_003400008,payment,pay_0034003937,42889,858,154,41877
setl_003400008,payment,pay_0034003954,20870,417,75,20378
setl_003400008,payment,pay_0034003984,141005,2679,482,137844
setl_003400008,refund,rfnd_0034000578,-31840,0,0,-31840
setl_003400008,refund,rfnd_0034000731,-35346,0,0,-35346
setl_003400008,refund,rfnd_0034001287,-30768,0,0,-30768
setl_003400008,refund,rfnd_0034001702,-419590,0,0,-419590
setl_003400008,refund,rfnd_0034001840,-447264,0,0,-447264
setl_003400008,refund,rfnd_0034002043,-49674,0,0,-49674
setl_003400008,refund,rfnd_0034002745,-18314,0,0,-18314
setl_003400008,refund,rfnd_0034003148,-488999,0,0,-488999
setl_003400008,refund,rfnd_0034003968,-93340,0,0,-93340
setl_003400009,payment,pay_0034000003,57530,0,0,57530
setl_003400009,payment,pay_0034000007,298333,5668,1020,291645
setl_003400009,payment,pay_0034000060,50073,1001,180,48892
setl_003400009,payment,pay_0034000078,50160,0,0,50160
setl_003400009,payment,pay_0034000097,159530,0,0,159530
setl_003400009,payment,pay_0034000129,267173,0,0,267173
setl_003400009,payment,pay_0034000131,50692,0,0,50692
setl_003400009,payment,pay_0034000170,58083,0,0,58083
setl_003400009,payment,pay_0034000183,50379,0,0,50379
setl_003400009,payment,pay_0034000198,306462,0,0,306462
setl_003400009,payment,pay_0034000201,55926,0,0,55926
setl_003400009,payment,pay_0034000228,26279,499,90,25690
setl_003400009,payment,pay_0034000269,139968,2799,504,136665
setl_003400009,payment,pay_0034000271,70365,1407,253,68705
setl_003400009,payment,pay_0034000328,63069,0,0,63069
setl_003400009,payment,pay_0034000348,11500,0,0,11500
setl_003400009,payment,pay_0034000398,29351,558,100,28693
setl_003400009,payment,pay_0034000402,253122,0,0,253122
setl_003400009,payment,pay_0034000419,10889,0,0,10889
setl_003400009,payment,pay_0034000427,84271,0,0,84271
setl_003400009,payment,pay_0034000438,71882,1366,246,70270
setl_003400009,payment,pay_0034000602,29954,0,0,29954
setl_003400009,payment,pay_0034000628,55461,1109,200,54152
setl_003400009,payment,pay_0034000634,27016,0,0,27016
setl_003400009,payment,pay_0034000657,33770,0,0,33770
setl_003400009,payment,pay_0034000667,179534,0,0,179534
setl_003400009,payment,pay_0034000715,25307,0,0,25307
setl_003400009,payment,pay_0034000794,36304,0,0,36304
setl_003400009,payment,pay_0034000851,62003,1240,223,60540
setl_003400009,payment,pay_0034000854,147171,0,0,147171
setl_003400009,payment,pay_0034000885,18330,0,0,18330
setl_003400009,payment,pay_0034000921,29984,0,0,29984
setl_003400009,payment,pay_0034000952,29320,293,53,28974
setl_003400009,payment,pay_0034000997,250105,5002,900,244203
setl_003400009,payment,pay_0034001057,19672,0,0,19672
setl_003400009,payment,pay_0034001109,57274,0,0,57274
setl_003400009,payment,pay_0034001115,58515,0,0,58515
setl_003400009,payment,pay_0034001120,295030,2950,531,291549
setl_003400009,payment,pay_0034001152,47908,0,0,47908
setl_003400009,payment,pay_0034001154,119694,0,0,119694
setl_003400009,payment,pay_0034001203,722425,16616,2991,702818
setl_003400009,payment,pay_0034001222,85643,0,0,85643
setl_003400009,payment,pay_0034001232,96166,962,173,95031
setl_003400009,payment,pay_0034001236,96855,0,0,96855
setl_003400009,payment,pay_0034001247,124714,0,0,124714
setl_003400009,payment,pay_0034001249,120729,2415,435,117879
setl_003400009,payment,pay_0034001261,628925,18868,3396,606661
setl_003400009,payment,pay_0034001290,45681,914,165,44602
setl_003400009,payment,pay_0034001353,66112,298,54,65760
setl_003400009,payment,pay_0034001395,191325,0,0,191325
setl_003400009,payment,pay_0034001459,55719,0,0,55719
setl_003400009,payment,pay_0034001460,237387,7122,1282,228983
setl_003400009,payment,pay_0034001481,23549,0,0,23549
setl_003400009,payment,pay_0034001483,130524,0,0,130524
setl_003400009,payment,pay_0034001517,106597,0,0,106597
setl_003400009,payment,pay_0034001567,19522,390,70,19062
setl_003400009,payment,pay_0034001568,254349,0,0,254349
setl_003400009,payment,pay_0034001588,168060,0,0,168060
setl_003400009,payment,pay_0034001620,62838,628,113,62097
setl_003400009,payment,pay_0034001635,126377,0,0,126377
setl_003400009,payment,pay_0034001723,52131,0,0,52131
setl_003400009,payment,pay_0034001729,58622,0,0,58622
setl_003400009,payment,pay_0034001740,352286,0,0,352286
setl_003400009,payment,pay_0034001778,47812,1434,258,46120
setl_003400009,payment,pay_0034001783,43444,0,0,43444
setl_003400009,payment,pay_0034001846,26375,0,0,26375
setl_003400009,payment,pay_0034001865,21145,0,0,21145
setl_003400009,payment,pay_0034001892,96081,1922,346,93813
setl_003400009,payment,pay_0034001911,26855,0,0,26855
setl_003400009,payment,pay_0034001914,10870,0,0,10870
setl_003400009,payment,pay_0034001920,19307,0,0,19307
setl_003400009,payment,pay_0034001926,52579,0,0,52579
setl_003400009,payment,pay_0034001963,25182,0,0,25182
setl_003400009,payment,pay_0034002049,47818,0,0,47818
setl_003400009,payment,pay_0034002065,169246,0,0,169246
setl_003400009,payment,pay_0034002102,163994,0,0,163994
setl_003400009,payment,pay_0034002130,79134,0,0,79134
setl_003400009,payment,pay_0034002187,460908,0,0,460908
setl_003400009,payment,pay_0034002222,56235,562,101,55572
setl_003400009,payment,pay_0034002223,59740,0,0,59740
setl_003400009,payment,pay_0034002231,218030,0,0,218030
setl_003400009,payment,pay_0034002258,44397,0,0,44397
setl_003400009,payment,pay_0034002275,155527,0,0,155527
setl_003400009,payment,pay_0034002287,214387,0,0,214387
setl_003400009,payment,pay_0034002354,117653,0,0,117653
setl_003400009,payment,pay_0034002358,177459,0,0,177459
setl_003400009,payment,pay_0034002361,55228,0,0,55228
setl_003400009,payment,pay_0034002366,63026,0,0,63026
setl_003400009,payment,pay_0034002419,117413,0,0,117413
setl_003400009,payment,pay_0034002478,165291,3306,595,161390
setl_003400009,payment,pay_0034002488,160401,6015,1083,153303
setl_003400009,payment,pay_0034002493,324935,0,0,324935
setl_003400009,payment,pay_0034002559,38725,0,0,38725
setl_003400009,payment,pay_0034002561,80518,0,0,80518
setl_003400009,payment,pay_0034002594,185374,0,0,185374
setl_003400009,payment,pay_0034002744,172933,3459,623,168851
setl_003400009,payment,pay_0034002762,123893,0,0,123893
setl_003400009,payment,pay_0034002858,28513,542,98,27873
setl_003400009,payment,pay_0034002900,13662,0,0,13662
setl_003400009,payment,pay_0034002938,72889,1458,262,71169
setl_003400009,payment,pay_0034003025,64975,0,0,64975
setl_003400009,payment,pay_0034003038,40837,0,0,40837
setl_003400009,payment,pay_0034003046,15862,0,0,15862
setl_003400009,payment,pay_0034003089,174905,0,0,174905
setl_003400009,payment,pay_0034003092,143190,2864,516,139810
setl_003400009,payment,pay_0034003097,482017,4820,868,476329
setl_003400009,payment,pay_0034003109,182015,5460,983,175572
setl_003400009,payment,pay_0034003133,51106,0,0,51106
setl_003400009,payment,pay_0034003189,95103,951,171,93981
setl_003400009,payment,pay_0034003207,172742,0,0,172742
setl_003400009,payment,pay_0034003228,68258,1365,246,66647
setl_003400009,payment,pay_0034003246,26591,0,0,26591
setl_003400009,payment,pay_0034003257,179761,0,0,179761
setl_003400009,payment,pay_0034003261,43495,0,0,43495
setl_003400009,payment,pay_0034003317,34600,692,125,33783
setl_003400009,payment,pay_0034003334,40811,0,0,40811
setl_003400009,payment,pay_0034003338,47167,943,170,46054
setl_003400009,payment,pay_0034003413,22764,0,0,22764
setl_003400009,payment,pay_0034003437,186515,0,0,186515
setl_003400009,payment,pay_0034003475,104638,0,0,104638
setl_003400009,payment,pay_0034003516,26391,0,0,26391
setl_003400009,payment,pay_0034003540,76585,1110,200,75275
setl_003400009,payment,pay_0034003559,140570,0,0,140570
setl_003400009,payment,pay_0034003580,49051,932,168,47951
setl_003400009,payment,pay_0034003590,49359,0,0,49359
setl_003400009,payment,pay_0034003606,19370,0,0,19370
setl_003400009,payment,pay_0034003633,38582,0,0,38582
setl_003400009,payment,pay_0034003668,234022,4680,842,228500
setl_003400009,payment,pay_0034003736,69455,0,0,69455
setl_003400009,payment,pay_0034003740,68466,1369,246,66851
setl_003400009,payment,pay_0034003743,91369,0,0,91369
setl_003400009,payment,pay_0034003771,5621,0,0,5621
setl_003400009,payment,pay_0034003772,10340,0,0,10340
setl_003400009,payment,pay_0034003789,42314,846,152,41316
setl_003400009,payment,pay_0034003999,22740,0,0,22740
setl_003400009,refund,rfnd_0034001181,-70602,0,0,-70602
setl_003400009,refund,rfnd_0034002431,-11731,0,0,-11731
setl_003400009,refund,rfnd_0034003342,-58584,0,0,-58584
setl_003400009,refund,rfnd_0034003572,-21121,0,0,-21121
setl_003400009,refund,rfnd_0034003958,-20214,0,0,-20214
setl_003400010,payment,pay_0034000052,52508,0,0,52508
setl_003400010,payment,pay_0034000057,115224,0,0,115224
setl_003400010,payment,pay_0034000067,179533,0,0,179533
setl_003400010,payment,pay_0034000080,1122207,0,0,1122207
setl_003400010,payment,pay_0034000083,84735,0,0,84735
setl_003400010,payment,pay_0034000110,116665,0,0,116665
setl_003400010,payment,pay_0034000143,57593,1152,207,56234
setl_003400010,payment,pay_0034000211,209903,0,0,209903
setl_003400010,payment,pay_0034000252,115037,0,0,115037
setl_003400010,payment,pay_0034000259,37067,0,0,37067
setl_003400010,payment,pay_0034000302,25315,0,0,25315
setl_003400010,payment,pay_0034000339,73216,0,0,73216
setl_003400010,payment,pay_0034000352,56892,0,0,56892
setl_003400010,payment,pay_0034000384,326085,0,0,326085
setl_003400010,payment,pay_0034000387,93077,1768,318,90991
setl_003400010,payment,pay_0034000437,385920,0,0,385920
setl_003400010,payment,pay_0034000483,28242,565,102,27575
setl_003400010,payment,pay_0034000498,103686,0,0,103686
setl_003400010,payment,pay_0034000533,271282,0,0,271282
setl_003400010,payment,pay_0034000635,74815,1496,269,73050
setl_003400010,payment,pay_0034000637,36675,0,0,36675
setl_003400010,payment,pay_0034000641,127273,0,0,127273
setl_003400010,payment,pay_0034000709,247713,0,0,247713
setl_003400010,payment,pay_0034000768,10400,0,0,10400
setl_003400010,payment,pay_0034000799,143016,2717,489,139810
setl_003400010,payment,pay_0034000867,97174,0,0,97174
setl_003400010,payment,pay_0034000876,27760,278,50,27432
setl_003400010,payment,pay_0034000934,123768,2475,446,120847
setl_003400010,payment,pay_0034000977,51003,0,0,51003
setl_003400010,payment,pay_0034000985,61979,1240,223,60516
setl_003400010,payment,pay_0034001033,68296,0,0,68296
setl_003400010,payment,pay_0034001062,103734,1037,187,102510
setl_003400010,payment,pay_0034001065,21303,0,0,21303
setl_003400010,payment,pay_0034001169,140587,0,0,140587
setl_003400010,payment,pay_0034001212,87488,0,0,87488
setl_003400010,payment,pay_0034001220,35235,352,63,34820
setl_003400010,payment,pay_0034001223,75855,0,0,75855
setl_003400010,payment,pay_0034001253,170192,0,0,170192
setl_003400010,payment,pay_0034001292,51016,0,0,51016
setl_003400010,payment,pay_0034001293,260629,0,0,260629
setl_003400010,payment,pay_0034001311,338747,0,0,338747
setl_003400010,payment,pay_0034001340,275412,6334,1140,267938
setl_003400010,payment,pay_0034001358,74660,1493,269,72898
setl_003400010,payment,pay_0034001381,37823,0,0,37823
setl_003400010,payment,pay_0034001425,13291,266,48,12977
setl_003400010,payment,pay_0034001557,45438,0,0,45438
setl_003400010,payment,pay_0034001602,53187,1064,192,51931
setl_003400010,payment,pay_0034001647,106276,0,0,106276
setl_003400010,payment,pay_0034001657,146785,2936,528,143321
setl_003400010,payment,pay_0034001672,62628,0,0,62628
setl_003400010,payment,pay_0034001689,20224,384,69,19771
setl_003400010,payment,pay_0034001845,116994,2223,400,114371
setl_003400010,payment,pay_0034001857,4900,0,0,4900
setl_003400010,payment,pay_0034001859,123617,0,0,123617
setl_003400010,payment,pay_0034001918,20974,399,72,20503
setl_003400010,payment,pay_0034001959,20645,413,74,20158
setl_003400010,payment,pay_0034001966,70261,0,0,70261
setl_003400010,payment,pay_0034001977,149464,0,0,149464
setl_003400010,payment,pay_0034001978,21815,414,75,21326
setl_003400010,payment,pay_0034002018,32746,0,0,32746
setl_003400010,payment,pay_0034002054,31072,0,0,31072
setl_003400010,payment,pay_0034002120,49431,989,178,48264
setl_003400010,payment,pay_0034002194,17912,358,64,17490
setl_003400010,payment,pay_0034002251,290514,5810,1046,283658
setl_003400010,payment,pay_0034002260,63660,0,0,63660
setl_003400010,payment,pay_0034002322,219281,4166,750,214365
setl_003400010,payment,pay_0034002423,37438,0,0,37438
setl_003400010,payment,pay_0034002470,78376,0,0,78376
setl_003400010,payment,pay_0034002582,67249,0,0,67249
setl_003400010,payment,pay_0034002603,137080,0,0,137080
setl_003400010,payment,pay_0034002606,156731,0,0,156731
setl_003400010,payment,pay_0034002610,51180,0,0,51180
setl_003400010,payment,pay_0034002621,36028,0,0,36028
setl_003400010,payment,pay_0034002665,17491,0,0,17491
setl_003400010,payment,pay_0034002710,22907,0,0,22907
setl_003400010,payment,pay_0034002720,26196,0,0,26196
setl_003400010,payment,pay_0034002774,51808,0,0,51808
setl_003400010,payment,pay_0034002801,170862,1709,308,168845
setl_003400010,payment,pay_0034002831,34165,0,0,34165
setl_003400010,payment,pay_0034002838,45956,919,165,44872
setl_003400010,payment,pay_0034002866,104337,0,0,104337
setl_003400010,payment,pay_0034002909,866942,0,0,866942
setl_003400010,payment,pay_0034002964,107558,0,0,107558
setl_003400010,payment,pay_0034003099,49404,0,0,49404
setl_003400010,payment,pay_0034003123,390523,0,0,390523
setl_003400010,payment,pay_0034003127,279296,2793,503,276000
setl_003400010,payment,pay_0034003130,35590,0,0,35590
setl_003400010,payment,pay_0034003139,167701,0,0,167701
setl_003400010,payment,pay_0034003147,52305,1046,188,51071
setl_003400010,payment,pay_0034003151,56578,1132,204,55242
setl_003400010,payment,pay_0034003155,163135,3100,558,159477
setl_003400010,payment,pay_0034003166,73706,0,0,73706
setl_003400010,payment,pay_0034003181,15663,0,0,15663
setl_003400010,payment,pay_0034003185,248608,4972,895,242741
setl_003400010,payment,pay_0034003263,7859,0,0,7859
setl_003400010,payment,pay_0034003306,189142,0,0,189142
setl_003400010,payment,pay_0034003322,43679,0,0,43679
setl_003400010,payment,pay_0034003380,15398,0,0,15398
setl_003400010,payment,pay_0034003408,10901,0,0,10901
setl_003400010,payment,pay_0034003557,127261,2545,458,124258
setl_003400010,payment,pay_0034003587,71240,1425,257,69558
setl_003400010,payment,pay_0034003636,71820,0,0,71820
setl_003400010,payment,pay_0034003642,38922,0,0,38922
setl_003400010,payment,pay_0034003681,55093,0,0,55093
setl_003400010,payment,pay_0034003688,97288,1946,350,94992
setl_003400010,payment,pay_0034003694,87365,1660,299,85406
setl_003400010,payment,pay_0034003732,79749,0,0,79749
setl_003400010,payment,pay_0034003733,84090,1682,303,82105
setl_003400010,payment,pay_0034003785,43980,0,0,43980
setl_003400010,payment,pay_0034003790,89378,0,0,89378
setl_003400010,payment,pay_0034003837,18111,362,65,17684
setl_003400010,payment,pay_0034003857,146817,2936,528,143353
setl_003400010,payment,pay_0034003888,57518,0,0,57518
setl_003400010,payment,pay_0034003907,80707,0,0,80707
setl_003400010,payment,pay_0034003962,91490,0,0,91490
setl_003400010,payment,pay_0034003991,72541,1451,261,70829
setl_003400010,refund,rfnd_0034000706,-139364,0,0,-139364
setl_003400010,refund,rfnd_0034001019,-224919,0,0,-224919
setl_003400010,refund,rfnd_0034002548,-373476,0,0,-373476
setl_003400010,refund,rfnd_0034003950,-68641,0,0,-68641
setl_003400011,payment,pay_0034000026,399810,0,0,399810
setl_003400011,payment,pay_0034000038,96726,0,0,96726
setl_003400011,payment,pay_0034000039,209056,4181,753,204122
setl_003400011,payment,pay_0034000094,148709,0,0,148709
setl_003400011,payment,pay_0034000095,255514,5110,920,249484
setl_003400011,payment,pay_0034000127,90407,1808,325,88274
setl_003400011,payment,pay_0034000192,43208,821,148,42239
setl_003400011,payment,pay_0034000195,117924,0,0,117924
setl_003400011,payment,pay_0034000199,49132,0,0,49132
setl_003400011,payment,pay_0034000239,10379,208,37,10134
setl_003400011,payment,pay_0034000322,25410,0,0,25410
setl_003400011,payment,pay_0034000374,23633,0,0,23633
setl_003400011,payment,pay_0034000399,64185,0,0,64185
setl_003400011,payment,pay_0034000532,40042,400,72,39570
setl_003400011,payment,pay_0034000554,42958,859,155,41944
setl_003400011,payment,pay_0034000588,95606,0,0,95606
setl_003400011,payment,pay_0034000618,29857,597,107,29153
setl_003400011,payment,pay_0034000639,19563,0,0,19563
setl_003400011,payment,pay_0034000677,62425,1249,225,60951
setl_003400011,payment,pay_0034000694,28317,0,0,28317
setl_003400011,payment,pay_0034000755,47061,0,0,47061
setl_003400011,payment,pay_0034000771,150709,0,0,150709
setl_003400011,payment,pay_0034000790,153426,0,0,153426
setl_003400011,payment,pay_0034000822,57790,0,0,57790
setl_003400011,payment,pay_0034000898,30583,612,110,29861
setl_003400011,payment,pay_0034000969,4900,98,18,4784
setl_003400011,payment,pay_0034000981,27359,547,98,26714
setl_003400011,payment,pay_0034000999,39817,796,143,38878
setl_003400011,payment,pay_0034001004,98925,0,0,98925
setl_003400011,payment,pay_0034001045,30825,617,111,30097
setl_003400011,payment,pay_0034001074,11330,215,39,11076
setl_003400011,payment,pay_0034001151,1030795,19585,3525,1007685
setl_003400011,payment,pay_0034001208,62197,1244,224,60729
setl_003400011,payment,pay_0034001245,50956,0,0,50956
setl_003400011,payment,pay_0034001262,181052,3621,652,176779
setl_003400011,payment,pay_0034001352,160380,1604,289,158487
setl_003400011,payment,pay_0034001412,498390,0,0,498390
setl_003400011,payment,pay_0034001441,76209,1524,274,74411
setl_003400011,payment,pay_0034001453,209561,0,0,209561
setl_003400011,payment,pay_0034001488,143203,0,0,143203
setl_003400011,payment,pay_0034001497,26970,0,0,26970
setl_003400011,payment,pay_0034001534,86703,0,0,86703
setl_003400011,payment,pay_0034001622,79224,1505,271,77448
setl_003400011,payment,pay_0034001642,80440,0,0,80440
setl_003400011,payment,pay_0034001656,74306,1412,254,72640
setl_003400011,payment,pay_0034001688,86383,1641,295,84447
setl_003400011,payment,pay_0034001712,125216,0,0,125216
setl_003400011,payment,pay_0034001727,64176,0,0,64176
setl_003400011,payment,pay_0034001736,81197,0,0,81197
setl_003400011,payment,pay_0034001748,75489,0,0,75489
setl_003400011,payment,pay_0034001750,55930,1119,201,54610
setl_003400011,payment,pay_0034001777,35808,0,0,35808
setl_003400011,payment,pay_0034001780,47531,951,171,46409
setl_003400011,payment,pay_0034001824,88463,1769,318,86376
setl_003400011,payment,pay_0034001835,19456,389,3502,15565
setl_003400011,payment,pay_0034001880,130383,0,0,130383
setl_003400011,payment,pay_0034001965,101237,0,0,101237
setl_003400011,payment,pay_0034001994,87216,872,157,86187
setl_003400011,payment,pay_0034002016,171658,3262,587,167809
setl_003400011,payment,pay_0034002060,83321,0,0,83321
setl_003400011,payment,pay_0034002137,318806,0,0,318806
setl_003400011,payment,pay_0034002257,92309,923,166,91220
setl_003400011,payment,pay_0034002269,12517,250,45,12222
setl_003400011,payment,pay_0034002298,73565,736,132,72697
setl_003400011,payment,pay_0034002344,87064,1741,313,85010
setl_003400011,payment,pay_0034002376,15526,0,0,15526
setl_003400011,payment,pay_0034002392,6942,229,41,6672
setl_003400011,payment,pay_0034002408,53655,0,0,53655
setl_003400011,payment,pay_0034002418,172907,3285,591,169031
setl_003400011,payment,pay_0034002428,50493,505,91,49897
setl_003400011,payment,pay_0034002468,44292,0,0,44292
setl_003400011,payment,pay_0034002516,235536,0,0,235536
setl_003400011,payment,pay_0034002524,58466,0,0,58466
setl_003400011,payment,pay_0034002554,19771,0,0,19771
setl_003400011,payment,pay_0034002566,80880,0,0,80880
setl_003400011,payment,pay_0034002577,51070,0,0,51070
setl_003400011,payment,pay_0034002611,45341,0,0,45341
setl_003400011,payment,pay_0034002703,184836,0,0,184836
setl_003400011,payment,pay_0034002704,32011,640,115,31256
setl_003400011,payment,pay_0034002725,23096,439,79,22578
setl_003400011,payment,pay_0034002780,53791,1022,184,52585
setl_003400011,payment,pay_0034002875,24871,497,89,24285
setl_003400011,payment,pay_0034002927,64033,1281,231,62521
setl_003400011,payment,pay_0034002957,28629,573,103,27953
setl_003400011,payment,pay_0034002979,84313,1602,288,82423
setl_003400011,payment,pay_0034002981,13564,0,0,13564
setl_003400011,payment,pay_0034002997,92451,0,0,92451
setl_003400011,payment,pay_0034003003,194422,0,0,194422
setl_003400011,payment,pay_0034003042,9362,0,0,9362
setl_003400011,payment,pay_0034003085,184157,3683,663,179811
setl_003400011,payment,pay_0034003087,101991,1020,184,100787
setl_003400011,payment,pay_0034003110,38874,739,133,38002
setl_003400011,payment,pay_0034003179,279878,0,0,279878
setl_003400011,payment,pay_0034003221,68431,1369,246,66816
setl_003400011,payment,pay_0034003233,213787,0,0,213787
setl_003400011,payment,pay_0034003242,167928,3359,605,163964
setl_003400011,payment,pay_0034003268,44044,0,0,44044
setl_003400011,payment,pay_0034003279,464912,0,0,464912
setl_003400011,payment,pay_0034003313,73586,1472,265,71849
setl_003400011,payment,pay_0034003344,45595,0,0,45595
setl_003400011,payment,pay_0034003349,16636,333,60,16243
setl_003400011,payment,pay_0034003357,22992,460,83,22449
setl_003400011,payment,pay_0034003385,62504,1250,225,61029
setl_003400011,payment,pay_0034003405,226828,0,0,226828
setl_003400011,payment,pay_0034003615,31329,627,113,30589
setl_003400011,payment,pay_0034003620,53551,0,0,53551
setl_003400011,payment,pay_0034003632,107134,0,0,107134
setl_003400011,payment,pay_0034003653,87178,2615,471,84092
setl_003400011,payment,pay_0034003672,220575,4412,794,215369
setl_003400011,payment,pay_0034003674,37641,0,0,37641
setl_003400011,payment,pay_0034003675,217548,0,0,217548
setl_003400011,payment,pay_0034003706,11975,228,41,11706
setl_003400011,payment,pay_0034003744,54317,1086,195,53036
setl_003400011,payment,pay_0034003793,19915,398,72,19445
setl_003400011,payment,pay_0034003845,233157,0,0,233157
setl_003400011,payment,pay_0034003847,148995,2831,510,145654
setl_003400011,payment,pay_0034003854,197137,0,0,197137
setl_003400011,payment,pay_0034003862,26281,0,0,26281
setl_003400011,payment,pay_0034003874,253755,0,0,253755
setl_003400011,payment,pay_0034003906,51389,0,0,51389
setl_003400011,payment,pay_0034003981,43930,0,0,43930
setl_003400011,refund,rfnd_0034000068,-31970,0,0,-31970
setl_003400011,refund,rfnd_0034000637,-36675,0,0,-36675
setl_003400011,refund,rfnd_0034000950,-25510,0,0,-25510
setl_003400011,refund,rfnd_0034001610,-21100,0,0,-21100
setl_003400011,refund,rfnd_0034002603,-137080,0,0,-137080
setl_003400011,refund,rfnd_0034003665,-274247,0,0,-274247
setl_003400012,payment,pay_0034000004,62327,0,0,62327
setl_003400012,payment,pay_0034000043,84485,0,0,84485
setl_003400012,payment,pay_0034000070,10479,199,36,10244
setl_003400012,payment,pay_0034000140,26465,0,0,26465
setl_003400012,payment,pay_0034000155,28945,579,104,28262
setl_003400012,payment,pay_0034000172,110595,2212,398,107985
setl_003400012,payment,pay_0034000202,23083,0,0,23083
setl_003400012,payment,pay_0034000277,71588,1432,258,69898
setl_003400012,payment,pay_0034000291,308384,0,0,308384
setl_003400012,payment,pay_0034000360,32976,627,113,32236
setl_003400012,payment,pay_0034000367,153655,0,0,153655
setl_003400012,payment,pay_0034000376,54451,0,0,54451
setl_003400012,payment,pay_0034000383,122522,2450,441,119631
setl_003400012,payment,pay_0034000405,90394,0,0,90394
setl_003400012,payment,pay_0034000406,66057,1321,238,64498
setl_003400012,payment,pay_0034000430,136175,0,0,136175
setl_003400012,payment,pay_0034000501,135176,1352,243,133581
setl_003400012,payment,pay_0034000523,110681,0,0,110681
setl_003400012,payment,pay_0034000560,249504,0,0,249504
setl_003400012,payment,pay_0034000592,38445,0,0,38445
setl_003400012,payment,pay_0034000662,168237,0,0,168237
setl_003400012,payment,pay_0034000681,31275,626,113,30536
setl_003400012,payment,pay_0034000699,22163,443,80,21640
setl_003400012,payment,pay_0034000750,83427,1669,300,81458
setl_003400012,payment,pay_0034000783,118457,2369,426,115662
setl_003400012,payment,pay_0034000789,44607,892,161,43554
setl_003400012,payment,pay_0034000805,32904,0,0,32904
setl_003400012,payment,pay_0034000821,130956,0,0,130956
setl_003400012,payment,pay_0034000853,526263,0,0,526263
setl_003400012,payment,pay_0034000907,28089,562,101,27426
setl_003400012,payment,pay_0034000913,241323,0,0,241323
setl_003400012,payment,pay_0034000956,55092,551,99,54442
setl_003400012,payment,pay_0034000987,27364,547,98,26719
setl_003400012,payment,pay_0034001000,397347,0,0,397347
setl_003400012,payment,pay_0034001007,24705,247,44,24414
setl_003400012,payment,pay_0034001073,54883,1098,198,53587
setl_003400012,payment,pay_0034001083,345730,0,0,345730
setl_003400012,payment,pay_0034001112,225919,0,0,225919
setl_003400012,payment,pay_0034001140,299512,5990,1078,292444
setl_003400012,payment,pay_0034001144,31439,0,0,31439
setl_003400012,payment,pay_0034001145,35183,704,127,34352
setl_003400012,payment,pay_0034001178,187121,3742,674,182705
setl_003400012,payment,pay_0034001273,23692,0,0,23692
setl_003400012,payment,pay_0034001298,13612,0,0,13612
setl_003400012,payment,pay_0034001382,229280,0,0,229280
setl_003400012,payment,pay_0034001397,173419,1734,312,171373
setl_003400012,payment,pay_0034001420,119730,2275,410,117045
setl_003400012,payment,pay_0034001433,120288,2406,433,117449
setl_003400012,payment,pay_0034001484,16210,0,0,16210
setl_003400012,payment,pay_0034001486,783006,0,0,783006
setl_003400012,payment,pay_0034001547,59172,0,0,59172
setl_003400012,payment,pay_0034001551,62735,0,0,62735
setl_003400012,payment,pay_0034001569,17721,337,61,17323
setl_003400012,payment,pay_0034001572,17523,0,0,17523
setl_003400012,payment,pay_0034001623,519002,0,0,519002
setl_003400012,payment,pay_0034001661,761666,15233,2742,743691
setl_003400012,payment,pay_0034001673,142137,0,0,142137
setl_003400012,payment,pay_0034001705,6242,0,0,6242
setl_003400012,payment,pay_0034001707,117620,0,0,117620
setl_003400012,payment,pay_0034001709,147029,0,0,147029
setl_003400012,payment,pay_0034001716,88844,1777,320,86747
setl_003400012,payment,pay_0034001765,13416,0,0,13416
setl_003400012,payment,pay_0034001814,150139,0,0,150139
setl_003400012,payment,pay_0034001821,29989,600,108,29281
setl_003400012,payment,pay_0034001885,81938,2704,487,78747
setl_003400012,payment,pay_0034001907,458949,0,0,458949
setl_003400012,payment,pay_0034001908,30958,0,0,30958
setl_003400012,payment,pay_0034001930,55211,0,0,55211
setl_003400012,payment,pay_0034001933,81420,0,0,81420
setl_003400012,payment,pay_0034001949,46016,0,0,46016
setl_003400012,payment,pay_0034002034,161758,0,0,161758
setl_003400012,payment,pay_0034002050,43952,835,150,42967
setl_003400012,payment,pay_0034002056,248358,0,0,248358
setl_003400012,payment,pay_0034002096,88057,1761,317,85979
setl_003400012,payment,pay_0034002109,54386,0,0,54386
setl_003400012,payment,pay_0034002122,245569,0,0,245569
setl_003400012,payment,pay_0034002140,49327,0,0,49327
setl_003400012,payment,pay_0034002148,337336,0,0,337336
setl_003400012,payment,pay_0034002189,476083,0,0,476083
setl_003400012,payment,pay_0034002214,409484,7780,1400,400304
setl_003400012,payment,pay_0034002238,92813,1763,317,90733
setl_003400012,payment,pay_0034002242,25961,519,93,25349
setl_003400012,payment,pay_0034002280,33487,0,0,33487
setl_003400012,payment,pay_0034002297,37857,0,0,37857
setl_003400012,payment,pay_0034002396,82591,0,0,82591
setl_003400012,payment,pay_0034002402,79177,0,0,79177
setl_003400012,payment,pay_0034002427,71817,1436,258,70123
setl_003400012,payment,pay_0034002445,49618,0,0,49618
setl_003400012,payment,pay_0034002464,17734,337,61,17336
setl_003400012,payment,pay_0034002523,155223,0,0,155223
setl_003400012,payment,pay_0034002648,71719,0,0,71719
setl_003400012,payment,pay_0034002671,49001,0,0,49001
setl_003400012,payment,pay_0034002700,184721,0,0,184721
setl_003400012,payment,pay_0034002707,109359,492,89,108778
setl_003400012,payment,pay_0034002722,215041,0,0,215041
setl_003400012,payment,pay_0034002776,93901,1784,321,91796
setl_003400012,payment,pay_0034002778,52346,0,0,52346
setl_003400012,payment,pay_0034002790,61364,0,0,61364
setl_003400012,payment,pay_0034002810,32460,0,0,32460
setl_003400012,payment,pay_0034002847,38435,0,0,38435
setl_003400012,payment,pay_0034002865,404369,7683,1383,395303
setl_003400012,payment,pay_0034002869,59061,0,0,59061
setl_003400012,payment,pay_0034002878,50385,0,0,50385
setl_003400012,payment,pay_0034002910,188708,0,0,188708
setl_003400012,payment,pay_0034002911,50357,0,0,50357
setl_003400012,payment,pay_0034002917,78897,0,0,78897
setl_003400012,payment,pay_0034002929,67303,0,0,67303
setl_003400012,payment,pay_0034002958,114028,1140,205,112683
setl_003400012,payment,pay_0034002962,16635,333,60,16242
setl_003400012,payment,pay_0034003033,134514,0,0,134514
setl_003400012,payment,pay_0034003045,126406,0,0,126406
setl_003400012,payment,pay_0034003047,36882,701,126,36055
setl_003400012,payment,pay_0034003205,197660,3953,712,192995
setl_003400012,payment,pay_0034003258,137664,2753,496,134415
setl_003400012,payment,pay_0034003363,52031,0,0,52031
setl_003400012,payment,pay_0034003371,82937,1203,217,81517
setl_003400012,payment,pay_0034003441,105999,0,0,105999
setl_003400012,payment,pay_0034003493,10904,109,20,10775
setl_003400012,payment,pay_0034003497,15462,0,0,15462
setl_003400012,payment,pay_0034003586,190585,0,0,190585
setl_003400012,payment,pay_0034003593,186151,3723,670,181758
setl_003400012,payment,pay_0034003602,118364,0,0,118364
setl_003400012,payment,pay_0034003644,1532362,0,0,1532362
setl_003400012,payment,pay_0034003720,19175,0,0,19175
setl_003400012,payment,pay_0034003759,185437,0,0,185437
setl_003400012,payment,pay_0034003765,122462,0,0,122462
setl_003400012,payment,pay_0034003781,22530,0,0,22530
setl_003400012,payment,pay_0034003808,130956,0,0,130956
setl_003400012,payment,pay_0034003832,82219,0,0,82219
setl_003400012,payment,pay_0034003834,27540,275,50,27215
setl_003400012,payment,pay_0034003850,47823,956,172,46695
setl_003400012,payment,pay_0034003870,412242,9688,1744,400810
setl_003400012,payment,pay_0034003879,48166,482,87,47597
setl_003400012,payment,pay_0034003977,42997,0,0,42997
setl_003400012,refund,rfnd_0034000131,-50692,0,0,-50692
setl_003400012,refund,rfnd_0034001016,-33570,0,0,-33570
setl_003400012,refund,rfnd_0034001382,-229280,0,0,-229280
setl_003400012,refund,rfnd_0034001586,-305158,0,0,-305158
setl_003400012,refund,rfnd_0034001597,-69259,0,0,-69259
setl_003400012,refund,rfnd_0034002332,-111069,0,0,-111069
setl_003400012,refund,rfnd_0034003385,-62504,0,0,-62504
setl_003400012,dispute,disp_0034000764,-93625,0,0,-93625
setl_003400013,payment,pay_0034000132,378570,0,0,378570
setl_003400013,payment,pay_0034000165,213288,2133,384,210771
setl_003400013,payment,pay_0034000200,187566,3751,675,183140
setl_003400013,payment,pay_0034000221,65046,1301,234,63511
setl_003400013,payment,pay_0034000226,13035,248,45,12742
setl_003400013,payment,pay_0034000249,36438,729,131,35578
setl_003400013,payment,pay_0034000282,483106,0,0,483106
setl_003400013,payment,pay_0034000285,46255,0,0,46255
setl_003400013,payment,pay_0034000303,14796,296,53,14447
setl_003400013,payment,pay_0034000381,153458,2916,525,150017
setl_003400013,payment,pay_0034000414,231953,4639,835,226479
setl_003400013,payment,pay_0034000543,112092,1121,202,110769
setl_003400013,payment,pay_0034000571,23444,0,0,23444
setl_003400013,payment,pay_0034000580,182078,0,0,182078
setl_003400013,payment,pay_0034000598,25555,0,0,25555
setl_003400013,payment,pay_0034000648,198096,0,0,198096
setl_003400013,payment,pay_0034000711,73245,0,0,73245
setl_003400013,payment,pay_0034000721,159134,3183,573,155378
setl_003400013,payment,pay_0034000732,18635,373,67,18195
setl_003400013,payment,pay_0034000786,32763,0,0,32763
setl_003400013,payment,pay_0034000835,27968,0,0,27968
setl_003400013,payment,pay_0034000842,206904,0,0,206904
setl_003400013,payment,pay_0034000855,45499,0,0,45499
setl_003400013,payment,pay_0034000865,27591,0,0,27591
setl_003400013,payment,pay_0034000893,52644,1000,180,51464
setl_003400013,payment,pay_0034000936,199363,3987,718,194658
setl_003400013,payment,pay_0034000937,257503,0,0,257503
setl_003400013,payment,pay_0034000941,349348,0,0,349348
setl_003400013,payment,pay_0034000947,383571,7288,1312,374971
setl_003400013,payment,pay_0034000955,32762,0,0,32762
setl_003400013,payment,pay_0034000965,100924,0,0,100924
setl_003400013,payment,pay_0034000974,26117,0,0,26117
setl_003400013,payment,pay_0034000988,327144,6216,1119,319809
setl_003400013,payment,pay_0034000992,104967,2099,378,102490
setl_003400013,payment,pay_0034001055,6549,0,0,6549
setl_003400013,payment,pay_0034001060,602970,0,0,602970
setl_003400013,payment,pay_0034001102,21438,0,0,21438
setl_003400013,payment,pay_0034001104,50061,0,0,50061
setl_003400013,payment,pay_0034001125,58464,1169,210,57085
setl_003400013,payment,pay_0034001137,22726,455,82,22189
setl_003400013,payment,pay_0034001167,394781,0,0,394781
setl_003400013,payment,pay_0034001237,302063,6041,1087,294935
setl_003400013,payment,pay_0034001248,155862,0,0,155862
setl_003400013,payment,pay_0034001270,88448,0,0,88448
setl_003400013,payment,pay_0034001281,41460,0,0,41460
setl_003400013,payment,pay_0034001349,54201,1084,195,52922
setl_003400013,payment,pay_0034001371,74395,1488,268,72639
setl_003400013,payment,pay_0034001437,125642,2513,452,122677
setl_003400013,payment,pay_0034001492,167769,0,0,167769
setl_003400013,payment,pay_0034001509,83089,0,0,83089
setl_003400013,payment,pay_0034001527,332023,0,0,332023
setl_003400013,payment,pay_0034001540,25654,513,92,25049
setl_003400013,payment,pay_0034001587,173337,0,0,173337
setl_003400013,payment,pay_0034001614,325425,6183,1113,318129
setl_003400013,payment,pay_0034001648,313468,0,0,313468
setl_003400013,payment,pay_0034001651,550414,0,0,550414
setl_003400013,payment,pay_0034001679,14115,0,0,14115
setl_003400013,payment,pay_0034001696,275544,0,0,275544
setl_003400013,payment,pay_0034001719,32296,646,116,31534
setl_003400013,payment,pay_0034001751,114314,2286,411,111617
setl_003400013,payment,pay_0034001754,122184,0,0,122184
setl_003400013,payment,pay_0034001764,154111,0,0,154111
setl_003400013,payment,pay_0034001776,56190,562,101,55527
setl_003400013,payment,pay_0034001855,174423,0,0,174423
setl_003400013,payment,pay_0034001883,134623,2692,485,131446
setl_003400013,payment,pay_0034001956,496952,9442,1700,485810
setl_003400013,payment,pay_0034001986,24242,0,0,24242
setl_003400013,payment,pay_0034001988,44830,448,81,44301
setl_003400013,payment,pay_0034001992,80457,805,145,79507
setl_003400013,payment,pay_0034002066,41666,0,0,41666
setl_003400013,payment,pay_0034002072,83213,0,0,83213
setl_003400013,payment,pay_0034002086,54948,1813,326,52809
setl_003400013,payment,pay_0034002169,57777,1156,208,56413
setl_003400013,payment,pay_0034002218,104050,0,0,104050
setl_003400013,payment,pay_0034002221,25271,0,0,25271
setl_003400013,payment,pay_0034002239,14243,0,0,14243
setl_003400013,payment,pay_0034002241,32430,324,58,32048
setl_003400013,payment,pay_0034002278,382745,3827,689,378229
setl_003400013,payment,pay_0034002281,80401,0,0,80401
setl_003400013,payment,pay_0034002292,35057,701,126,34230
setl_003400013,payment,pay_0034002341,106156,0,0,106156
setl_003400013,payment,pay_0034002368,85391,0,0,85391
setl_003400013,payment,pay_0034002417,424686,0,0,424686
setl_003400013,payment,pay_0034002472,90606,0,0,90606
setl_003400013,payment,pay_0034002486,118484,2370,427,115687
setl_003400013,payment,pay_0034002502,129193,0,0,129193
setl_003400013,payment,pay_0034002536,201814,0,0,201814
setl_003400013,payment,pay_0034002560,34861,697,125,34039
setl_003400013,payment,pay_0034002567,106415,2128,383,103904
setl_003400013,payment,pay_0034002574,43981,0,0,43981
setl_003400013,payment,pay_0034002596,72427,0,0,72427
setl_003400013,payment,pay_0034002615,76015,760,137,75118
setl_003400013,payment,pay_0034002627,14692,0,0,14692
setl_003400013,payment,pay_0034002632,69795,0,0,69795
setl_003400013,payment,pay_0034002742,58756,1116,201,57439
setl_003400013,payment,pay_0034002766,88631,1773,319,86539
setl_003400013,payment,pay_0034002782,221003,995,179,219829
setl_003400013,payment,pay_0034002794,171031,0,0,171031
setl_003400013,payment,pay_0034002799,73343,0,0,73343
setl_003400013,payment,pay_0034002826,27402,0,0,27402
setl_003400013,payment,pay_0034002833,208293,0,0,208293
setl_003400013,payment,pay_0034002851,23465,446,80,22939
setl_003400013,payment,pay_0034002860,81554,1550,279,79725
setl_003400013,payment,pay_0034002885,108564,0,0,108564
setl_003400013,payment,pay_0034002930,492097,0,0,492097
setl_003400013,payment,pay_0034002971,35470,709,128,34633
setl_003400013,payment,pay_0034003039,68454,0,0,68454
setl_003400013,payment,pay_0034003050,19495,0,0,19495
setl_003400013,payment,pay_0034003080,32868,0,0,32868
setl_003400013,payment,pay_0034003098,18651,0,0,18651
setl_003400013,payment,pay_0034003194,62089,1242,224,60623
setl_003400013,payment,pay_0034003293,218024,0,0,218024
setl_003400013,payment,pay_0034003312,67629,1353,244,66032
setl_003400013,payment,pay_0034003394,28858,577,104,28177
setl_003400013,payment,pay_0034003417,408624,0,0,408624
setl_003400013,payment,pay_0034003418,115240,2190,394,112656
setl_003400013,payment,pay_0034003485,49215,492,89,48634
setl_003400013,payment,pay_0034003492,143610,0,0,143610
setl_003400013,payment,pay_0034003498,29170,0,0,29170
setl_003400013,payment,pay_0034003521,38875,0,0,38875
setl_003400013,payment,pay_0034003550,112402,0,0,112402
setl_003400013,payment,pay_0034003574,35809,716,129,34964
setl_003400013,payment,pay_0034003635,173627,0,0,173627
setl_003400013,payment,pay_0034003692,96128,0,0,96128
setl_003400013,payment,pay_0034003698,160980,0,0,160980
setl_003400013,payment,pay_0034003809,190890,0,0,190890
setl_003400013,payment,pay_0034003811,58464,0,0,58464
setl_003400013,payment,pay_0034003813,165287,0,0,165287
setl_003400013,payment,pay_0034003827,36787,736,132,35919
setl_003400013,payment,pay_0034003866,66112,0,0,66112
setl_003400013,payment,pay_0034003959,23533,0,0,23533
setl_003400013,refund,rfnd_0034000005,-30786,0,0,-30786
setl_003400013,refund,rfnd_0034000394,-114579,0,0,-114579
setl_003400013,refund,rfnd_0034001092,-88495,0,0,-88495
setl_003400013,refund,rfnd_0034001138,-44345,0,0,-44345
setl_003400013,refund,rfnd_0034001498,-295005,0,0,-295005
setl_003400013,refund,rfnd_0034001656,-74306,0,0,-74306
setl_003400013,refund,rfnd_0034002173,-146709,0,0,-146709
setl_003400013,refund,rfnd_0034002206,-124387,0,0,-124387
setl_003400013,refund,rfnd_0034002419,-59468,0,0,-59468
setl_003400013,refund,rfnd_0034003599,-37592,0,0,-37592
setl_003400013,refund,rfnd_0034003759,-142590,0,0,-142590
setl_003400013,dispute,disp_0034001783,-43444,0,0,-43444
setl_003400014,payment,pay_0034000033,376042,0,0,376042
setl_003400014,payment,pay_0034000050,65207,0,0,65207
setl_003400014,payment,pay_0034000063,171129,0,0,171129
setl_003400014,payment,pay_0034000092,122539,0,0,122539
setl_003400014,payment,pay_0034000147,19490,390,70,19030
setl_003400014,payment,pay_0034000182,128043,0,0,128043
setl_003400014,payment,pay_0034000283,9505,190,34,9281
setl_003400014,payment,pay_0034000296,22065,0,0,22065
setl_003400014,payment,pay_0034000307,163786,0,0,163786
setl_003400014,payment,pay_0034000310,14678,0,0,14678
setl_003400014,payment,pay_0034000461,558436,11169,2010,545257
setl_003400014,payment,pay_0034000474,43786,0,0,43786
setl_003400014,payment,pay_0034000497,45611,0,0,45611
setl_003400014,payment,pay_0034000616,266606,0,0,266606
setl_003400014,payment,pay_0034000638,328516,3285,591,324640
setl_003400014,payment,pay_0034000686,37535,751,135,36649
setl_003400014,payment,pay_0034000720,116128,0,0,116128
setl_003400014,payment,pay_0034000747,46580,885,159,45536
setl_003400014,payment,pay_0034000759,40212,804,145,39263
setl_003400014,payment,pay_0034000782,32018,0,0,32018
setl_003400014,payment,pay_0034000823,32348,1067,192,31089
setl_003400014,payment,pay_0034000905,18201,0,0,18201
setl_003400014,payment,pay_0034000953,67956,1359,245,66352
setl_003400014,payment,pay_0034000963,362062,0,0,362062
setl_003400014,payment,pay_0034001119,418661,0,0,418661
setl_003400014,payment,pay_0034001130,75902,1518,273,74111
setl_003400014,payment,pay_0034001142,63976,0,0,63976
setl_003400014,payment,pay_0034001164,55165,0,0,55165
setl_003400014,payment,pay_0034001170,68686,0,0,68686
setl_003400014,payment,pay_0034001175,157494,3150,567,153777
setl_003400014,payment,pay_0034001308,36286,726,131,35429
setl_003400014,payment,pay_0034001335,192221,3844,692,187685
setl_003400014,payment,pay_0034001356,193871,0,0,193871
setl_003400014,payment,pay_0034001432,131485,2630,473,128382
setl_003400014,payment,pay_0034001466,81937,0,0,81937
setl_003400014,payment,pay_0034001487,33368,0,0,33368
setl_003400014,payment,pay_0034001489,43617,0,0,43617
setl_003400014,payment,pay_0034001512,294449,0,0,294449
setl_003400014,payment,pay_0034001529,186232,0,0,186232
setl_003400014,payment,pay_0034001554,4900,0,0,4900
setl_003400014,payment,pay_0034001624,20458,0,0,20458
setl_003400014,payment,pay_0034001655,18560,0,0,18560
setl_003400014,payment,pay_0034001721,39050,781,141,38128
setl_003400014,payment,pay_0034001772,57891,1100,198,56593
setl_003400014,payment,pay_0034001785,122234,0,0,122234
setl_003400014,payment,pay_0034001796,225045,4501,810,219734
setl_003400014,payment,pay_0034001802,36551,731,132,35688
setl_003400014,payment,pay_0034001829,196492,0,0,196492
setl_003400014,payment,pay_0034001830,9355,187,34,9134
setl_003400014,payment,pay_0034001860,12988,247,44,12697
setl_003400014,payment,pay_0034001945,29581,0,0,29581
setl_003400014,payment,pay_0034001958,60294,0,0,60294
setl_003400014,payment,pay_0034001972,87240,1658,298,85284
setl_003400014,payment,pay_0034001976,84961,0,0,84961
setl_003400014,payment,pay_0034002027,64522,0,0,64522
setl_003400014,payment,pay_0034002028,106952,0,0,106952
setl_003400014,payment,pay_0034002044,32211,145,26,32040
setl_003400014,payment,pay_0034002055,219441,4389,790,214262
setl_003400014,payment,pay_0034002128,230907,4618,831,225458
setl_003400014,payment,pay_0034002129,122061,0,0,122061
setl_003400014,payment,pay_0034002158,398815,7976,1436,389403
setl_003400014,payment,pay_0034002209,153474,0,0,153474
setl_003400014,payment,pay_0034002224,44400,844,152,43404
setl_003400014,payment,pay_0034002263,22055,0,0,22055
setl_003400014,payment,pay_0034002288,39271,0,0,39271
setl_003400014,payment,pay_0034002300,181323,0,0,181323
setl_003400014,payment,pay_0034002416,14139,0,0,14139
setl_003400014,payment,pay_0034002449,47754,0,0,47754
setl_003400014,payment,pay_0034002471,51164,0,0,51164
setl_003400014,payment,pay_0034002481,39525,0,0,39525
setl_003400014,payment,pay_0034002544,297913,5958,1072,290883
setl_003400014,payment,pay_0034002573,187746,1877,338,185531
setl_003400014,payment,pay_0034002576,220742,0,0,220742
setl_003400014,payment,pay_0034002657,34302,686,123,33493
setl_003400014,payment,pay_0034002684,361606,0,0,361606
setl_003400014,payment,pay_0034002733,20865,0,0,20865
setl_003400014,payment,pay_0034002751,164808,0,0,164808
setl_003400014,payment,pay_0034002781,62449,0,0,62449
setl_003400014,payment,pay_0034002791,295466,5909,1064,288493
setl_003400014,payment,pay_0034002805,154930,0,0,154930
setl_003400014,payment,pay_0034002819,374515,0,0,374515
setl_003400014,payment,pay_0034002834,100225,0,0,100225
setl_003400014,payment,pay_0034002935,22439,449,81,21909
setl_003400014,payment,pay_0034003034,94720,0,0,94720
setl_003400014,payment,pay_0034003056,282911,0,0,282911
setl_003400014,payment,pay_0034003082,23227,0,0,23227
setl_003400014,payment,pay_0034003138,93023,0,0,93023
setl_003400014,payment,pay_0034003142,79656,1513,272,77871
setl_003400014,payment,pay_0034003167,44552,0,0,44552
setl_003400014,payment,pay_0034003186,82257,0,0,82257
setl_003400014,payment,pay_0034003247,78974,0,0,78974
setl_003400014,payment,pay_0034003271,76692,1457,262,74973
setl_003400014,payment,pay_0034003294,144366,2887,520,140959
setl_003400014,payment,pay_0034003473,56930,0,0,56930
setl_003400014,payment,pay_0034003531,619421,12388,2230,604803
setl_003400014,payment,pay_0034003628,59304,1127,203,57974
setl_003400014,payment,pay_0034003726,30051,0,0,30051
setl_003400014,payment,pay_0034003778,43705,437,79,43189
setl_003400014,payment,pay_0034003817,277668,2777,500,274391
setl_003400014,payment,pay_0034003848,53948,0,0,53948
setl_003400014,payment,pay_0034003898,26289,526,95,25668
setl_003400014,payment,pay_0034003899,86830,1737,313,84780
setl_003400014,payment,pay_0034003917,227148,0,0,227148
setl_003400014,payment,pay_0034003975,32731,655,118,31958
setl_003400014,payment,pay_0034003986,102895,0,0,102895
setl_003400014,payment,pay_0034003997,20712,0,0,20712
setl_003400014,refund,rfnd_0034000799,-143016,0,0,-143016
setl_003400014,refund,rfnd_0034001253,-170192,0,0,-170192
setl_003400014,refund,rfnd_0034001290,-45681,0,0,-45681
setl_003400014,refund,rfnd_0034003096,-222019,0,0,-222019
setl_003400014,refund,rfnd_0034003275,-34947,0,0,-34947
setl_003400015,payment,pay_0034000031,72292,0,0,72292
setl_003400015,payment,pay_0034000042,42384,0,0,42384
setl_003400015,payment,pay_0034000054,93994,1786,321,91887
setl_003400015,payment,pay_0034000072,97873,0,0,97873
setl_003400015,payment,pay_0034000109,572336,0,0,572336
setl_003400015,payment,pay_0034000125,251821,2518,453,248850
setl_003400015,payment,pay_0034000196,96452,1833,330,94289
setl_003400015,payment,pay_0034000210,36190,0,0,36190
setl_003400015,payment,pay_0034000215,241881,0,0,241881
setl_003400015,payment,pay_0034000240,30028,0,0,30028
setl_003400015,payment,pay_0034000245,11393,216,39,11138
setl_003400015,payment,pay_0034000319,24088,458,4336,19294
setl_003400015,payment,pay_0034000321,46462,929,167,45366
setl_003400015,payment,pay_0034000377,53813,0,0,53813
setl_003400015,payment,pay_0034000379,20790,0,0,20790
setl_003400015,payment,pay_0034000404,97077,0,0,97077
setl_003400015,payment,pay_0034000409,94237,0,0,94237
setl_003400015,payment,pay_0034000452,22038,0,0,22038
setl_003400015,payment,pay_0034000459,39664,0,0,39664
setl_003400015,payment,pay_0034000541,61674,1233,222,60219
setl_003400015,payment,pay_0034000581,21235,425,77,20733
setl_003400015,payment,pay_0034000619,21716,0,0,21716
setl_003400015,payment,pay_0034000620,224080,4258,766,219056
setl_003400015,payment,pay_0034000644,260362,1172,211,258979
setl_003400015,payment,pay_0034000684,8381,0,0,8381
setl_003400015,payment,pay_0034000837,27702,0,0,27702
setl_003400015,payment,pay_0034000910,99774,0,0,99774
setl_003400015,payment,pay_0034000917,39456,395,71,38990
setl_003400015,payment,pay_0034000970,36702,367,66,36269
setl_003400015,payment,pay_0034000976,119805,0,0,119805
setl_003400015,payment,pay_0034001025,62176,0,0,62176
setl_003400015,payment,pay_0034001027,32132,321,58,31753
setl_003400015,payment,pay_0034001040,86184,0,0,86184
setl_003400015,payment,pay_0034001068,84915,0,0,84915
setl_003400015,payment,pay_0034001084,92075,0,0,92075
setl_003400015,payment,pay_0034001090,47075,942,170,45963
setl_003400015,payment,pay_0034001228,44262,443,80,43739
setl_003400015,payment,pay_0034001234,109259,0,0,109259
setl_003400015,payment,pay_0034001312,85856,0,0,85856
setl_003400015,payment,pay_0034001494,28359,0,0,28359
setl_003400015,payment,pay_0034001564,166199,0,0,166199
setl_003400015,payment,pay_0034001570,54452,0,0,54452
setl_003400015,payment,pay_0034001580,10548,200,36,10312
setl_003400015,payment,pay_0034001593,21805,0,0,21805
setl_003400015,payment,pay_0034001605,124648,0,0,124648
setl_003400015,payment,pay_0034001638,15415,0,0,15415
setl_003400015,payment,pay_0034001737,32248,645,116,31487
setl_003400015,payment,pay_0034001807,36649,0,0,36649
setl_003400015,payment,pay_0034001813,6488,65,12,6411
setl_003400015,payment,pay_0034001872,87200,0,0,87200
setl_003400015,payment,pay_0034001894,70737,0,0,70737
setl_003400015,payment,pay_0034001934,29724,297,53,29374
setl_003400015,payment,pay_0034001953,162456,0,0,162456
setl_003400015,payment,pay_0034002019,92834,1857,334,90643
setl_003400015,payment,pay_0034002026,795486,0,0,795486
setl_003400015,payment,pay_0034002057,48145,0,0,48145
setl_003400015,payment,pay_0034002068,103011,0,0,103011
setl_003400015,payment,pay_0034002077,240261,0,0,240261
setl_003400015,payment,pay_0034002103,25121,0,0,25121
setl_003400015,payment,pay_0034002121,108966,0,0,108966
setl_003400015,payment,pay_0034002270,246430,2464,44357,199609
setl_003400015,payment,pay_0034002282,73999,1480,266,72253
setl_003400015,payment,pay_0034002290,97527,0,0,97527
setl_003400015,payment,pay_0034002291,81699,0,0,81699
setl_003400015,payment,pay_0034002320,90420,0,0,90420
setl_003400015,payment,pay_0034002382,34380,0,0,34380
setl_003400015,payment,pay_0034002387,46276,0,0,46276
setl_003400015,payment,pay_0034002444,108341,2167,390,105784
setl_003400015,payment,pay_0034002457,11859,0,0,11859
setl_003400015,payment,pay_0034002458,7578,152,27,7399
setl_003400015,payment,pay_0034002473,55198,1104,199,53895
setl_003400015,payment,pay_0034002504,192798,0,0,192798
setl_003400015,payment,pay_0034002530,44539,0,0,44539
setl_003400015,payment,pay_0034002604,180161,0,0,180161
setl_003400015,payment,pay_0034002608,16202,324,58,15820
setl_003400015,payment,pay_0034002626,115990,1160,209,114621
setl_003400015,payment,pay_0034002709,261148,5223,940,254985
setl_003400015,payment,pay_0034002769,226321,4526,815,220980
setl_003400015,payment,pay_0034002830,28973,0,0,28973
setl_003400015,payment,pay_0034002839,117738,1177,212,116349
setl_003400015,payment,pay_0034002879,426318,0,0,426318
setl_003400015,payment,pay_0034002998,120018,0,0,120018
setl_003400015,payment,pay_0034003014,38392,768,138,37486
setl_003400015,payment,pay_0034003225,206631,2066,372,204193
setl_003400015,payment,pay_0034003298,82644,0,0,82644
setl_003400015,payment,pay_0034003316,82771,0,0,82771
setl_003400015,payment,pay_0034003364,85411,0,0,85411
setl_003400015,payment,pay_0034003375,41806,0,0,41806
setl_003400015,payment,pay_0034003443,4900,22,4,4874
setl_003400015,payment,pay_0034003469,328370,3284,591,324495
setl_003400015,payment,pay_0034003483,276548,5254,946,270348
setl_003400015,payment,pay_0034003542,173894,3304,595,169995
setl_003400015,payment,pay_0034003549,13744,275,50,13419
setl_003400015,payment,pay_0034003569,405529,0,0,405529
setl_003400015,payment,pay_0034003616,17946,359,65,17522
setl_003400015,payment,pay_0034003630,311763,6235,1122,304406
setl_003400015,payment,pay_0034003647,27548,0,0,27548
setl_003400015,payment,pay_0034003704,90076,0,0,90076
setl_003400015,payment,pay_0034003746,109716,0,0,109716
setl_003400015,payment,pay_0034003754,155403,3108,559,151736
setl_003400015,payment,pay_0034003807,134808,0,0,134808
setl_003400015,payment,pay_0034003816,127035,0,0,127035
setl_003400015,payment,pay_0034003877,22060,0,0,22060
setl_003400015,payment,pay_0034003996,98716,0,0,98716
setl_003400015,refund,rfnd_0034000283,-9505,0,0,-9505
setl_003400015,refund,rfnd_0034000289,-118920,0,0,-118920
setl_003400015,refund,rfnd_0034002209,-153474,0,0,-153474
setl_003400015,refund,rfnd_0034002640,-35892,0,0,-35892
setl_003400015,refund,rfnd_0034003557,-127261,0,0,-127261
setl_003400016,payment,pay_0034000000,179356,3408,613,175335
setl_003400016,payment,pay_0034000006,57704,0,0,57704
setl_003400016,payment,pay_0034000010,128429,0,0,128429
setl_003400016,payment,pay_0034000065,245354,4662,839,239853
setl_003400016,payment,pay_0034000098,106203,2124,382,103697
setl_003400016,payment,pay_0034000141,4900,0,0,4900
setl_003400016,payment,pay_0034000149,136995,2740,493,133762
setl_003400016,payment,pay_0034000164,167844,0,0,167844
setl_003400016,payment,pay_0034000230,86378,0,0,86378
setl_003400016,payment,pay_0034000265,41499,0,0,41499
setl_003400016,payment,pay_0034000323,33941,679,122,33140
setl_003400016,payment,pay_0034000343,130426,2609,470,127347
setl_003400016,payment,pay_0034000346,58940,1179,212,57549
setl_003400016,payment,pay_0034000359,42089,0,0,42089
setl_003400016,payment,pay_0034000365,163488,0,0,163488
setl_003400016,payment,pay_0034000371,13174,0,0,13174
setl_003400016,payment,pay_0034000423,74990,0,0,74990
setl_003400016,payment,pay_0034000433,29380,0,0,29380
setl_003400016,payment,pay_0034000463,48848,0,0,48848
setl_003400016,payment,pay_0034000464,493568,9378,1688,482502
setl_003400016,payment,pay_0034000489,22363,0,0,22363
setl_003400016,payment,pay_0034000493,70665,0,0,70665
setl_003400016,payment,pay_0034000503,32255,0,0,32255
setl_003400016,payment,pay_0034000610,33539,1006,181,32352
setl_003400016,payment,pay_0034000640,74586,0,0,74586
setl_003400016,payment,pay_0034000653,134539,0,0,134539
setl_003400016,payment,pay_0034000668,27521,523,94,26904
setl_003400016,payment,pay_0034000705,114509,2290,412,111807
setl_003400016,payment,pay_0034000748,49606,0,0,49606
setl_003400016,payment,pay_0034000815,182331,1823,328,180180
setl_003400016,payment,pay_0034000828,55842,558,100,55184
setl_003400016,payment,pay_0034000883,45908,0,0,45908
setl_003400016,payment,pay_0034000911,73319,0,0,73319
setl_003400016,payment,pay_0034000972,743980,0,0,743980
setl_003400016,payment,pay_0034000991,112565,0,0,112565
setl_003400016,payment,pay_0034001041,59533,0,0,59533
setl_003400016,payment,pay_0034001048,36542,0,0,36542
setl_003400016,payment,pay_0034001150,36956,0,0,36956
setl_003400016,payment,pay_0034001280,32091,0,0,32091
setl_003400016,payment,pay_0034001399,110925,0,0,110925
setl_003400016,payment,pay_0034001493,31463,0,0,31463
setl_003400016,payment,pay_0034001659,446496,0,0,446496
setl_003400016,payment,pay_0034001728,21602,0,0,21602
setl_003400016,payment,pay_0034001747,243851,0,0,243851
setl_003400016,payment,pay_0034001775,99710,1894,341,97475
setl_003400016,payment,pay_0034001782,53369,0,0,53369
setl_003400016,payment,pay_0034001831,102824,0,0,102824
setl_003400016,payment,pay_0034001834,51171,0,0,51171
setl_003400016,payment,pay_0034001844,221240,5420,976,214844
setl_003400016,payment,pay_0034001887,66368,1327,239,64802
setl_003400016,payment,pay_0034001950,631595,0,0,631595
setl_003400016,payment,pay_0034001985,105340,474,85,104781
setl_003400016,payment,pay_0034001993,15881,0,0,15881
setl_003400016,payment,pay_0034002035,22005,0,0,22005
setl_003400016,payment,pay_0034002277,108371,0,0,108371
setl_003400016,payment,pay_0034002340,31550,631,114,30805
setl_003400016,payment,pay_0034002453,7861,157,28,7676
setl_003400016,payment,pay_0034002521,144628,0,0,144628
setl_003400016,payment,pay_0034002578,133292,2533,456,130303
setl_003400016,payment,pay_0034002616,19606,373,67,19166
setl_003400016,payment,pay_0034002625,76942,0,0,76942
setl_003400016,payment,pay_0034002628,283972,8519,1533,273920
setl_003400016,payment,pay_0034002634,20158,403,73,19682
setl_003400016,payment,pay_0034002636,43988,0,0,43988
setl_003400016,payment,pay_0034002658,764269,14521,2614,747134
setl_003400016,payment,pay_0034002661,38947,0,0,38947
setl_003400016,payment,pay_0034002797,200631,0,0,200631
setl_003400016,payment,pay_0034002803,49127,0,0,49127
setl_003400016,payment,pay_0034002827,44258,0,0,44258
setl_003400016,payment,pay_0034002926,47635,905,163,46567
setl_003400016,payment,pay_0034002963,10031,100,18,9913
setl_003400016,payment,pay_0034002991,53459,0,0,53459
setl_003400016,payment,pay_0034003051,491521,0,0,491521
setl_003400016,payment,pay_0034003074,54240,1085,195,52960
setl_003400016,payment,pay_0034003078,42220,802,144,41274
setl_003400016,payment,pay_0034003081,108872,0,0,108872
setl_003400016,payment,pay_0034003117,82365,824,148,81393
setl_003400016,payment,pay_0034003213,11483,0,0,11483
setl_003400016,payment,pay_0034003297,66362,0,0,66362
setl_003400016,payment,pay_0034003311,360984,0,0,360984
setl_003400016,payment,pay_0034003321,99439,994,179,98266
setl_003400016,payment,pay_0034003348,40237,0,0,40237
setl_003400016,payment,pay_0034003388,108489,0,0,108489
setl_003400016,payment,pay_0034003393,439307,8786,1581,428940
setl_003400016,payment,pay_0034003400,35598,712,128,34758
setl_003400016,payment,pay_0034003433,48255,0,0,48255
setl_003400016,payment,pay_0034003468,64320,0,0,64320
setl_003400016,payment,pay_0034003499,232145,0,0,232145
setl_003400016,payment,pay_0034003512,128026,2432,438,125156
setl_003400016,payment,pay_0034003551,181101,0,0,181101
setl_003400016,payment,pay_0034003552,33500,670,121,32709
setl_003400016,payment,pay_0034003560,37185,0,0,37185
setl_003400016,payment,pay_0034003605,40242,805,145,39292
setl_003400016,payment,pay_0034003609,36097,0,0,36097
setl_003400016,payment,pay_0034003660,13443,0,0,13443
setl_003400016,payment,pay_0034003663,25323,0,0,25323
setl_003400016,payment,pay_0034003676,39326,0,0,39326
setl_003400016,payment,pay_0034003684,129927,0,0,129927
setl_003400016,payment,pay_0034003693,189959,0,0,189959
setl_003400016,payment,pay_0034003760,174567,0,0,174567
setl_003400016,payment,pay_0034003774,12992,0,0,12992
setl_003400016,payment,pay_0034003779,86214,0,0,86214
setl_003400016,payment,pay_0034003783,82912,0,0,82912
setl_003400016,payment,pay_0034003794,12497,0,0,12497
setl_003400016,payment,pay_0034003799,38765,0,0,38765
setl_003400016,payment,pay_0034003821,338614,0,0,338614
setl_003400016,payment,pay_0034003920,197511,0,0,197511
setl_003400016,payment,pay_0034003935,15226,0,0,15226
setl_003400016,payment,pay_0034003988,66558,0,0,66558
setl_003400016,refund,rfnd_0034000384,-326085,0,0,-326085
setl_003400016,refund,rfnd_0034000419,-10889,0,0,-10889
setl_003400016,refund,rfnd_0034000534,-85842,0,0,-85842
setl_003400016,refund,rfnd_0034000883,-45908,0,0,-45908
setl_003400016,refund,rfnd_0034001578,-97009,0,0,-97009
setl_003400016,refund,rfnd_0034002095,-34601,0,0,-34601
setl_003400016,refund,rfnd_0034002137,-160723,0,0,-160723
setl_003400016,refund,rfnd_0034002344,-35549,0,0,-35549
setl_003400016,refund,rfnd_0034002428,-10728,0,0,-10728
setl_003400016,refund,rfnd_0034002611,-45341,0,0,-45341
setl_003400016,refund,rfnd_0034003041,-55184,0,0,-55184
setl_003400017,payment,pay_0034000011,130399,2608,469,127322
setl_003400017,payment,pay_0034000053,288218,0,0,288218
setl_003400017,payment,pay_0034000061,56622,1132,204,55286
setl_003400017,payment,pay_0034000077,39047,0,0,39047
setl_003400017,payment,pay_0034000081,21014,210,38,20766
setl_003400017,payment,pay_0034000087,8070,0,0,8070
setl_003400017,payment,pay_0034000158,130231,0,0,130231
setl_003400017,payment,pay_0034000238,367983,0,0,367983
setl_003400017,payment,pay_0034000260,188333,0,0,188333
setl_003400017,payment,pay_0034000270,18177,0,0,18177
setl_003400017,payment,pay_0034000275,16608,0,0,16608
setl_003400017,payment,pay_0034000366,579578,17387,3130,559061
setl_003400017,payment,pay_0034000372,85643,0,0,85643
setl_003400017,payment,pay_0034000386,111860,2237,403,109220
setl_003400017,payment,pay_0034000413,13580,0,0,13580
setl_003400017,payment,pay_0034000447,21093,0,0,21093
setl_003400017,payment,pay_0034000451,28018,0,0,28018
setl_003400017,payment,pay_0034000468,25568,0,0,25568
setl_003400017,payment,pay_0034000476,56734,1135,204,55395
setl_003400017,payment,pay_0034000495,59458,0,0,59458
setl_003400017,payment,pay_0034000552,47750,0,0,47750
setl_003400017,payment,pay_0034000585,53582,0,0,53582
setl_003400017,payment,pay_0034000613,38151,763,137,37251
setl_003400017,payment,pay_0034000654,308701,0,0,308701
setl_003400017,payment,pay_0034000703,28766,0,0,28766
setl_003400017,payment,pay_0034000713,65256,1240,223,63793
setl_003400017,payment,pay_0034000729,107005,2033,366,104606
setl_003400017,payment,pay_0034000736,199473,0,0,199473
setl_003400017,payment,pay_0034000780,126698,0,0,126698
setl_003400017,payment,pay_0034000801,134855,2562,461,131832
setl_003400017,payment,pay_0034000856,110827,0,0,110827
setl_003400017,payment,pay_0034000869,91095,1822,328,88945
setl_003400017,payment,pay_0034000915,67875,1358,244,66273
setl_003400017,payment,pay_0034000939,232249,0,0,232249
setl_003400017,payment,pay_0034000942,121321,0,0,121321
setl_003400017,payment,pay_0034000946,15850,71,13,15766
setl_003400017,payment,pay_0034000993,15418,293,53,15072
setl_003400017,payment,pay_0034001005,91033,0,0,91033
setl_003400017,payment,pay_0034001013,29870,597,107,29166
setl_003400017,payment,pay_0034001020,172289,0,0,172289
setl_003400017,payment,pay_0034001070,122156,0,0,122156
setl_003400017,payment,pay_0034001087,94814,0,0,94814
setl_003400017,payment,pay_0034001088,80202,0,0,80202
setl_003400017,payment,pay_0034001123,30646,0,0,30646
setl_003400017,payment,pay_0034001153,59453,1189,214,58050
setl_003400017,payment,pay_0034001166,135211,2569,462,132180
setl_003400017,payment,pay_0034001168,153510,0,0,153510
setl_003400017,payment,pay_0034001221,20197,0,0,20197
setl_003400017,payment,pay_0034001226,19457,0,0,19457
setl_003400017,payment,pay_0034001250,38712,0,0,38712
setl_003400017,payment,pay_0034001276,75505,0,0,75505
setl_003400017,payment,pay_0034001277,26645,0,0,26645
setl_003400017,payment,pay_0034001338,46515,884,159,45472
setl_003400017,payment,pay_0034001365,141232,0,0,141232
setl_003400017,payment,pay_0034001377,33209,0,0,33209
setl_003400017,payment,pay_0034001385,79328,0,0,79328
setl_003400017,payment,pay_0034001426,16239,0,0,16239
setl_003400017,payment,pay_0034001427,39732,0,0,39732
setl_003400017,payment,pay_0034001456,70909,0,0,70909
setl_003400017,payment,pay_0034001513,4900,0,0,4900
setl_003400017,payment,pay_0034001520,51529,979,176,50374
setl_003400017,payment,pay_0034001533,62261,0,0,62261
setl_003400017,payment,pay_0034001607,29366,0,0,29366
setl_003400017,payment,pay_0034001611,111030,0,0,111030
setl_003400017,payment,pay_0034001643,109743,0,0,109743
setl_003400017,payment,pay_0034001680,66137,661,119,65357
setl_003400017,payment,pay_0034001699,25655,0,0,25655
setl_003400017,payment,pay_0034001724,128619,0,0,128619
setl_003400017,payment,pay_0034001732,104258,0,0,104258
setl_003400017,payment,pay_0034001826,125466,0,0,125466
setl_003400017,payment,pay_0034001863,56595,0,0,56595
setl_003400017,payment,pay_0034001886,27048,0,0,27048
setl_003400017,payment,pay_0034001899,225670,4513,812,220345
setl_003400017,payment,pay_0034001983,500615,0,0,500615
setl_003400017,payment,pay_0034001989,95397,0,0,95397
setl_003400017,payment,pay_0034002009,42670,0,0,42670
setl_003400017,payment,pay_0034002098,636755,19103,3439,614213
setl_003400017,payment,pay_0034002132,117791,0,0,117791
setl_003400017,payment,pay_0034002171,237727,0,0,237727
setl_003400017,payment,pay_0034002185,21278,0,0,21278
setl_003400017,payment,pay_0034002236,139351,4181,753,134417
setl_003400017,payment,pay_0034002244,31034,140,25,30869
setl_003400017,payment,pay_0034002310,14860,0,0,14860
setl_003400017,payment,pay_0034002335,139260,2785,501,135974
setl_003400017,payment,pay_0034002337,96206,1924,346,93936
setl_003400017,payment,pay_0034002377,65922,0,0,65922
setl_003400017,payment,pay_0034002390,78277,0,0,78277
setl_003400017,payment,pay_0034002410,30302,0,0,30302
setl_003400017,payment,pay_0034002438,48376,968,174,47234
setl_003400017,payment,pay_0034002479,99877,999,180,98698
setl_003400017,payment,pay_0034002482,129885,0,0,129885
setl_003400017,payment,pay_0034002557,1119463,0,0,1119463
setl_003400017,payment,pay_0034002613,157188,3144,566,153478
setl_003400017,payment,pay_0034002622,32836,0,0,32836
setl_003400017,payment,pay_0034002662,283594,4112,740,278742
setl_003400017,payment,pay_0034002680,145293,2906,523,141864
setl_003400017,payment,pay_0034002701,360573,0,0,360573
setl_003400017,payment,pay_0034002732,33008,0,0,33008
setl_003400017,payment,pay_0034002735,86604,1732,312,84560
setl_003400017,payment,pay_0034002757,86173,1637,295,84241
setl_003400017,payment,pay_0034002793,167364,0,0,167364
setl_003400017,payment,pay_0034002816,109533,0,0,109533
setl_003400017,payment,pay_0034002832,105866,0,0,105866
setl_003400017,payment,pay_0034002867,45425,863,155,44407
setl_003400017,payment,pay_0034002924,18524,370,67,18087
setl_003400017,payment,pay_0034002953,42878,0,0,42878
setl_003400017,payment,pay_0034003021,208930,0,0,208930
setl_003400017,payment,pay_0034003057,78231,0,0,78231
setl_003400017,payment,pay_0034003146,113769,0,0,113769
setl_003400017,payment,pay_0034003160,39556,0,0,39556
setl_003400017,payment,pay_0034003192,559637,0,0,559637
setl_003400017,payment,pay_0034003210,109441,2189,394,106858
setl_003400017,payment,pay_0034003211,94342,1887,340,92115
setl_003400017,payment,pay_0034003256,59232,0,0,59232
setl_003400017,payment,pay_0034003264,82827,1657,298,80872
setl_003400017,payment,pay_0034003320,39550,0,0,39550
setl_003400017,payment,pay_0034003331,27646,0,0,27646
setl_003400017,payment,pay_0034003341,47511,903,163,46445
setl_003400017,payment,pay_0034003446,93582,1872,337,91373
setl_003400017,payment,pay_0034003448,26732,0,0,26732
setl_003400017,payment,pay_0034003457,10444,0,0,10444
setl_003400017,payment,pay_0034003460,42331,0,0,42331
setl_003400017,payment,pay_0034003482,236357,0,0,236357
setl_003400017,payment,pay_0034003517,206741,0,0,206741
setl_003400017,payment,pay_0034003520,56951,1082,195,55674
setl_003400017,payment,pay_0034003634,12495,250,45,12200
setl_003400017,payment,pay_0034003705,51473,0,0,51473
setl_003400017,payment,pay_0034003712,52593,0,0,52593
setl_003400017,payment,pay_0034003729,26632,799,144,25689
setl_003400017,payment,pay_0034003741,77186,0,0,77186
setl_003400017,payment,pay_0034003787,241609,4832,870,235907
setl_003400017,payment,pay_0034003788,89848,0,0,89848
setl_003400017,payment,pay_0034003833,82596,1652,297,80647
setl_003400017,payment,pay_0034003868,404572,8091,1456,395025
setl_003400017,payment,pay_0034003872,68377,0,0,68377
setl_003400017,payment,pay_0034003912,16169,162,29,15978
setl_003400017,payment,pay_0034003939,92085,0,0,92085
setl_003400017,payment,pay_0034003998,21224,0,0,21224
setl_003400017,refund,rfnd_0034000155,-12921,0,0,-12921
setl_003400017,refund,rfnd_0034000497,-23278,0,0,-23278
setl_003400017,refund,rfnd_0034001353,-66112,0,0,-66112
setl_003400017,refund,rfnd_0034001540,-25654,0,0,-25654
setl_003400017,refund,rfnd_0034002978,-17109,0,0,-17109
setl_003400017,refund,rfnd_0034003778,-20518,0,0,-20518
setl_003400018,payment,pay_0034000027,152359,0,0,152359
setl_003400018,payment,pay_0034000048,55397,1108,199,54090
setl_003400018,payment,pay_0034000100,26129,0,0,26129
setl_003400018,payment,pay_0034000111,147649,0,0,147649
setl_003400018,payment,pay_0034000175,187964,0,0,187964
setl_003400018,payment,pay_0034000177,104213,0,0,104213
setl_003400018,payment,pay_0034000186,18532,0,0,18532
setl_003400018,payment,pay_0034000194,123614,0,0,123614
setl_003400018,payment,pay_0034000242,756231,0,0,756231
setl_003400018,payment,pay_0034000276,66353,1261,227,64865
setl_003400018,payment,pay_0034000279,135136,2568,462,132106
setl_003400018,payment,pay_0034000290,54769,1095,197,53477
setl_003400018,payment,pay_0034000292,82119,0,0,82119
setl_003400018,payment,pay_0034000421,798320,0,0,798320
setl_003400018,payment,pay_0034000479,60150,0,0,60150
setl_003400018,payment,pay_0034000538,242707,4854,874,236979
setl_003400018,payment,pay_0034000540,322892,0,0,322892
setl_003400018,payment,pay_0034000557,21570,431,78,21061
setl_003400018,payment,pay_0034000586,4900,98,18,4784
setl_003400018,payment,pay_0034000609,149159,0,0,149159
setl_003400018,payment,pay_0034000642,31914,606,109,31199
setl_003400018,payment,pay_0034000661,213909,0,0,213909
setl_003400018,payment,pay_0034000666,397529,0,0,397529
setl_003400018,payment,pay_0034000674,20629,392,71,20166
setl_003400018,payment,pay_0034000678,39100,782,141,38177
setl_003400018,payment,pay_0034000710,181040,3440,619,176981
setl_003400018,payment,pay_0034000769,157674,4730,851,152093
setl_003400018,payment,pay_0034000776,69363,0,0,69363
setl_003400018,payment,pay_0034000798,29964,569,102,29293
setl_003400018,payment,pay_0034000809,47173,943,170,46060
setl_003400018,payment,pay_0034000848,49707,0,0,49707
setl_003400018,payment,pay_0034000858,88447,0,0,88447
setl_003400018,payment,pay_0034000860,29883,0,0,29883
setl_003400018,payment,pay_0034000890,28239,0,0,28239
setl_003400018,payment,pay_0034000899,36789,0,0,36789
setl_003400018,payment,pay_0034000925,64682,1229,11643,51810
setl_003400018,payment,pay_0034001002,57229,0,0,57229
setl_003400018,payment,pay_0034001028,146738,0,0,146738
setl_003400018,payment,pay_0034001061,270589,0,0,270589
setl_003400018,payment,pay_0034001189,11251,225,41,10985
setl_003400018,payment,pay_0034001235,49873,0,0,49873
setl_003400018,payment,pay_0034001263,173896,0,0,173896
setl_003400018,payment,pay_0034001414,115092,2187,394,112511
setl_003400018,payment,pay_0034001419,24773,0,0,24773
setl_003400018,payment,pay_0034001424,492718,0,0,492718
setl_003400018,payment,pay_0034001436,38463,769,138,37556
setl_003400018,payment,pay_0034001442,37041,741,133,36167
setl_003400018,payment,pay_0034001467,43295,0,0,43295
setl_003400018,payment,pay_0034001474,22548,451,81,22016
setl_003400018,payment,pay_0034001516,18555,0,0,18555
setl_003400018,payment,pay_0034001545,121657,0,0,121657
setl_003400018,payment,pay_0034001558,85117,0,0,85117
setl_003400018,payment,pay_0034001566,29690,594,107,28989
setl_003400018,payment,pay_0034001576,217293,0,0,217293
setl_003400018,payment,pay_0034001585,16727,335,60,16332
setl_003400018,payment,pay_0034001627,9364,187,34,9143
setl_003400018,payment,pay_0034001654,27743,555,100,27088
setl_003400018,payment,pay_0034001664,4900,0,0,4900
setl_003400018,payment,pay_0034001762,19952,379,68,19505
setl_003400018,payment,pay_0034001792,30914,0,0,30914
setl_003400018,payment,pay_0034001793,295311,5611,1010,288690
setl_003400018,payment,pay_0034001823,116683,0,0,116683
setl_003400018,payment,pay_0034001852,215918,0,0,215918
setl_003400018,payment,pay_0034001874,188368,0,0,188368
setl_003400018,payment,pay_0034001879,26911,538,97,26276
setl_003400018,payment,pay_0034001882,88099,0,0,88099
setl_003400018,payment,pay_0034001895,252652,1137,205,251310
setl_003400018,payment,pay_0034001903,121336,2427,437,118472
setl_003400018,payment,pay_0034001957,75400,0,0,75400
setl_003400018,payment,pay_0034001971,90218,0,0,90218
setl_003400018,payment,pay_0034001998,34613,692,125,33796
setl_003400018,payment,pay_0034002107,179924,0,0,179924
setl_003400018,payment,pay_0034002108,33431,0,0,33431
setl_003400018,payment,pay_0034002150,42103,842,152,41109
setl_003400018,payment,pay_0034002151,216545,4114,741,211690
setl_003400018,payment,pay_0034002208,75826,1517,273,74036
setl_003400018,payment,pay_0034002245,73595,0,0,73595
setl_003400018,payment,pay_0034002262,52805,528,95,52182
setl_003400018,payment,pay_0034002309,39853,0,0,39853
setl_003400018,payment,pay_0034002345,132952,0,0,132952
setl_003400018,payment,pay_0034002370,87686,1754,316,85616
setl_003400018,payment,pay_0034002378,236201,0,0,236201
setl_003400018,payment,pay_0034002422,20994,0,0,20994
setl_003400018,payment,pay_0034002426,42647,0,0,42647
setl_003400018,payment,pay_0034002433,296649,5636,1014,289999
setl_003400018,payment,pay_0034002436,31123,0,0,31123
setl_003400018,payment,pay_0034002494,13264,265,48,12951
setl_003400018,payment,pay_0034002506,46720,934,168,45618
setl_003400018,payment,pay_0034002562,363720,0,0,363720
setl_003400018,payment,pay_0034002572,159682,3194,575,155913
setl_003400018,payment,pay_0034002595,47160,0,0,47160
setl_003400018,payment,pay_0034002691,126327,568,102,125657
setl_003400018,payment,pay_0034002698,115207,0,0,115207
setl_003400018,payment,pay_0034002712,72702,0,0,72702
setl_003400018,payment,pay_0034002731,34598,692,125,33781
setl_003400018,payment,pay_0034002787,103980,1040,187,102753
setl_003400018,payment,pay_0034002901,19308,193,35,19080
setl_003400018,payment,pay_0034002906,129595,0,0,129595
setl_003400018,payment,pay_0034002919,67641,0,0,67641
setl_003400018,payment,pay_0034002921,269796,0,0,269796
setl_003400018,payment,pay_0034002951,65708,0,0,65708
setl_003400018,payment,pay_0034002980,64926,0,0,64926
setl_003400018,payment,pay_0034002984,248073,4961,893,242219
setl_003400018,payment,pay_0034003061,97725,0,0,97725
setl_003400018,payment,pay_0034003070,67858,1289,232,66337
setl_003400018,payment,pay_0034003136,20051,0,0,20051
setl_003400018,payment,pay_0034003143,18088,0,0,18088
setl_003400018,payment,pay_0034003172,36373,0,0,36373
setl_003400018,payment,pay_0034003282,117937,0,0,117937
setl_003400018,payment,pay_0034003307,22738,432,78,22228
setl_003400018,payment,pay_0034003308,305130,0,0,305130
setl_003400018,payment,pay_0034003323,13492,270,49,13173
setl_003400018,payment,pay_0034003325,97740,0,0,97740
setl_003400018,payment,pay_0034003332,30713,307,55,30351
setl_003400018,payment,pay_0034003369,66119,0,0,66119
setl_003400018,payment,pay_0034003378,7523,0,0,7523
setl_003400018,payment,pay_0034003379,18599,372,67,18160
setl_003400018,payment,pay_0034003419,203502,0,0,203502
setl_003400018,payment,pay_0034003425,279607,0,0,279607
setl_003400018,payment,pay_0034003429,6833,0,0,6833
setl_003400018,payment,pay_0034003449,55020,1100,198,53722
setl_003400018,payment,pay_0034003514,95354,1812,326,93216
setl_003400018,payment,pay_0034003533,51679,0,0,51679
setl_003400018,payment,pay_0034003543,120688,2414,435,117839
setl_003400018,payment,pay_0034003624,51639,516,93,51030
setl_003400018,payment,pay_0034003640,52969,1059,191,51719
setl_003400018,payment,pay_0034003718,22014,418,75,21521
setl_003400018,payment,pay_0034003737,243733,0,0,243733
setl_003400018,payment,pay_0034003752,52668,1053,190,51425
setl_003400018,payment,pay_0034003755,20451,389,70,19992
setl_003400018,payment,pay_0034003776,19140,383,69,18688
setl_003400018,payment,pay_0034003884,165653,0,0,165653
setl_003400018,payment,pay_0034003901,33487,0,0,33487
setl_003400018,payment,pay_0034003911,26943,512,92,26339
setl_003400018,refund,rfnd_0034000124,-24460,0,0,-24460
setl_003400018,refund,rfnd_0034000249,-36438,0,0,-36438
setl_003400018,refund,rfnd_0034001661,-761666,0,0,-761666
setl_003400018,refund,rfnd_0034002416,-14139,0,0,-14139
setl_003400018,refund,rfnd_0034002962,-16635,0,0,-16635
setl_003400018,refund,rfnd_0034003025,-32264,0,0,-32264
setl_003400018,refund,rfnd_0034003279,-464912,0,0,-464912
setl_003400018,refund,rfnd_0034003448,-15353,0,0,-15353
setl_003400018,refund,rfnd_0034003821,-338614,0,0,-338614
setl_003400018,refund,rfnd_0034003991,-40807,0,0,-40807
setl_003400019,payment,pay_0034000123,19078,362,65,18651
setl_003400019,payment,pay_0034000178,26741,0,0,26741
setl_003400019,payment,pay_0034000187,38068,0,0,38068
setl_003400019,payment,pay_0034000191,91826,0,0,91826
setl_003400019,payment,pay_0034000208,36798,368,66,36364
setl_003400019,payment,pay_0034000219,93292,1866,336,91090
setl_003400019,payment,pay_0034000241,36628,366,66,36196
setl_003400019,payment,pay_0034000266,58758,0,0,58758
setl_003400019,payment,pay_0034000350,106489,1065,192,105232
setl_003400019,payment,pay_0034000400,25023,0,0,25023
setl_003400019,payment,pay_0034000428,207546,0,0,207546
setl_003400019,payment,pay_0034000449,319260,3193,575,315492
setl_003400019,payment,pay_0034000455,39787,0,0,39787
setl_003400019,payment,pay_0034000470,363558,0,0,363558
setl_003400019,payment,pay_0034000513,44592,0,0,44592
setl_003400019,payment,pay_0034000522,14565,0,0,14565
setl_003400019,payment,pay_0034000539,122704,0,0,122704
setl_003400019,payment,pay_0034000553,11106,211,38,10857
setl_003400019,payment,pay_0034000599,11966,0,0,11966
setl_003400019,payment,pay_0034000695,41995,0,0,41995
setl_003400019,payment,pay_0034000698,22377,0,0,22377
setl_003400019,payment,pay_0034000765,30865,0,0,30865
setl_003400019,payment,pay_0034000797,6527,160,29,6338
setl_003400019,payment,pay_0034000849,10513,210,38,10265
setl_003400019,payment,pay_0034000903,56276,0,0,56276
setl_003400019,payment,pay_0034000928,56803,568,102,56133
setl_003400019,payment,pay_0034000990,100606,0,0,100606
setl_003400019,payment,pay_0034001064,36733,0,0,36733
setl_003400019,payment,pay_0034001098,150477,3010,542,146925
setl_003400019,payment,pay_0034001100,419953,8399,1512,410042
setl_003400019,payment,pay_0034001196,26267,0,0,26267
setl_003400019,payment,pay_0034001210,30576,0,0,30576
setl_003400019,payment,pay_0034001286,110981,0,0,110981
setl_003400019,payment,pay_0034001314,294473,2945,530,290998
setl_003400019,payment,pay_0034001317,325570,6186,1113,318271
setl_003400019,payment,pay_0034001323,150188,0,0,150188
setl_003400019,payment,pay_0034001324,103528,2071,373,101084
setl_003400019,payment,pay_0034001329,385646,0,0,385646
setl_003400019,payment,pay_0034001379,73684,0,0,73684
setl_003400019,payment,pay_0034001525,70150,1403,253,68494
setl_003400019,payment,pay_0034001546,121117,2422,436,118259
setl_003400019,payment,pay_0034001574,18069,0,0,18069
setl_003400019,payment,pay_0034001693,16603,0,0,16603
setl_003400019,payment,pay_0034001714,44964,899,162,43903
setl_003400019,payment,pay_0034001749,51405,0,0,51405
setl_003400019,payment,pay_0034001761,397193,7944,1430,387819
setl_003400019,payment,pay_0034001763,30904,0,0,30904
setl_003400019,payment,pay_0034001791,67164,1343,242,65579
setl_003400019,payment,pay_0034001827,129699,2594,467,126638
setl_003400019,payment,pay_0034001854,17677,336,60,17281
setl_003400019,payment,pay_0034001897,153618,0,0,153618
setl_003400019,payment,pay_0034001924,245103,0,0,245103
setl_003400019,payment,pay_0034001927,117017,0,0,117017
setl_003400019,payment,pay_0034001967,143377,0,0,143377
setl_003400019,payment,pay_0034002032,88023,1760,317,85946
setl_003400019,payment,pay_0034002064,27564,0,0,27564
setl_003400019,payment,pay_0034002193,41694,834,150,40710
setl_003400019,payment,pay_0034002234,125085,2502,450,122133
setl_003400019,payment,pay_0034002243,687578,13752,2475,671351
setl_003400019,payment,pay_0034002338,43072,0,0,43072
setl_003400019,payment,pay_0034002399,28980,0,0,28980
setl_003400019,payment,pay_0034002406,73460,331,60,73069
setl_003400019,payment,pay_0034002476,13734,275,50,13409
setl_003400019,payment,pay_0034002501,50126,0,0,50126
setl_003400019,payment,pay_0034002512,65110,0,0,65110
setl_003400019,payment,pay_0034002518,222842,0,0,222842
setl_003400019,payment,pay_0034002532,134206,2550,459,131197
setl_003400019,payment,pay_0034002555,184675,0,0,184675
setl_003400019,payment,pay_0034002584,78390,0,0,78390
setl_003400019,payment,pay_0034002617,193603,1936,348,191319
setl_003400019,payment,pay_0034002645,187869,3570,643,183656
setl_003400019,payment,pay_0034002654,12959,0,0,12959
setl_003400019,payment,pay_0034002771,63062,1261,227,61574
setl_003400019,payment,pay_0034002772,26039,0,0,26039
setl_003400019,payment,pay_0034002800,143394,0,0,143394
setl_003400019,payment,pay_0034002812,100540,1910,344,98286
setl_003400019,payment,pay_0034002884,7373,0,0,7373
setl_003400019,payment,pay_0034002940,318882,6378,1148,311356
setl_003400019,payment,pay_0034002943,124135,0,0,124135
setl_003400019,payment,pay_0034002961,135665,1357,244,134064
setl_003400019,payment,pay_0034003048,37232,0,0,37232
setl_003400019,payment,pay_0034003049,49511,0,0,49511
setl_003400019,payment,pay_0034003077,60101,0,0,60101
setl_003400019,payment,pay_0034003093,125790,0,0,125790
setl_003400019,payment,pay_0034003141,54618,0,0,54618
setl_003400019,payment,pay_0034003177,92452,0,0,92452
setl_003400019,payment,pay_0034003188,36338,0,0,36338
setl_003400019,payment,pay_0034003239,256136,5891,1060,249185
setl_003400019,payment,pay_0034003272,6893,0,0,6893
setl_003400019,payment,pay_0034003295,14210,327,59,13824
setl_003400019,payment,pay_0034003329,257336,0,0,257336
setl_003400019,payment,pay_0034003353,96859,0,0,96859
setl_003400019,payment,pay_0034003356,148557,0,0,148557
setl_003400019,payment,pay_0034003445,231319,0,0,231319
setl_003400019,payment,pay_0034003455,132111,2642,476,128993
setl_003400019,payment,pay_0034003463,50477,959,173,49345
setl_003400019,payment,pay_0034003465,42322,846,152,41324
setl_003400019,payment,pay_0034003489,75436,0,0,75436
setl_003400019,payment,pay_0034003515,389063,0,0,389063
setl_003400019,payment,pay_0034003522,54254,244,44,53966
setl_003400019,payment,pay_0034003596,212731,0,0,212731
setl_003400019,payment,pay_0034003598,47292,473,85,46734
setl_003400019,payment,pay_0034003722,73781,738,133,72910
setl_003400019,payment,pay_0034003728,1365695,27314,4917,1333464
setl_003400019,payment,pay_0034003860,60351,1207,217,58927
setl_003400019,payment,pay_0034003934,68382,1368,246,66768
setl_003400019,refund,rfnd_0034000291,-308384,0,0,-308384
setl_003400019,refund,rfnd_0034001245,-50956,0,0,-50956
setl_003400019,refund,rfnd_0034001335,-192221,0,0,-192221
setl_003400019,refund,rfnd_0034002223,-59740,0,0,-59740
setl_003400019,refund,rfnd_0034002910,-188708,0,0,-188708
setl_003400020,payment,pay_0034000014,52471,0,0,52471
setl_003400020,payment,pay_0034000069,28539,285,51,28203
setl_003400020,payment,pay_0034000107,193965,3685,663,189617
setl_003400020,payment,pay_0034000184,127997,2560,461,124976
setl_003400020,payment,pay_0034000272,73621,1472,265,71884
setl_003400020,payment,pay_0034000287,73597,0,0,73597
setl_003400020,payment,pay_0034000326,82791,0,0,82791
setl_003400020,payment,pay_0034000332,181369,0,0,181369
setl_003400020,payment,pay_0034000429,124046,2481,447,121118
setl_003400020,payment,pay_0034000436,35256,705,127,34424
setl_003400020,payment,pay_0034000439,14583,0,0,14583
setl_003400020,payment,pay_0034000456,128694,0,0,128694
setl_003400020,payment,pay_0034000499,31667,0,0,31667
setl_003400020,payment,pay_0034000512,44149,883,159,43107
setl_003400020,payment,pay_0034000514,114213,2170,391,111652
setl_003400020,payment,pay_0034000529,40676,0,0,40676
setl_003400020,payment,pay_0034000603,303623,0,0,303623
setl_003400020,payment,pay_0034000669,20776,208,37,20531
setl_003400020,payment,pay_0034000688,26132,118,21,25993
setl_003400020,payment,pay_0034000746,212901,4045,728,208128
setl_003400020,payment,pay_0034000806,110227,0,0,110227
setl_003400020,payment,pay_0034000896,323127,0,0,323127
setl_003400020,payment,pay_0034000954,26127,523,94,25510
setl_003400020,payment,pay_0034000958,110313,2096,377,107840
setl_003400020,payment,pay_0034000961,112026,0,0,112026
setl_003400020,payment,pay_0034001001,149716,0,0,149716
setl_003400020,payment,pay_0034001126,79671,1514,273,77884
setl_003400020,payment,pay_0034001135,99814,0,0,99814
setl_003400020,payment,pay_0034001143,260744,0,0,260744
setl_003400020,payment,pay_0034001183,58024,1160,209,56655
setl_003400020,payment,pay_0034001185,84298,0,0,84298
setl_003400020,payment,pay_0034001206,35764,715,129,34920
setl_003400020,payment,pay_0034001295,43472,869,156,42447
setl_003400020,payment,pay_0034001297,13947,0,0,13947
setl_003400020,payment,pay_0034001310,95576,0,0,95576
setl_003400020,payment,pay_0034001334,125575,0,0,125575
setl_003400020,payment,pay_0034001380,51678,0,0,51678
setl_003400020,payment,pay_0034001421,137376,0,0,137376
setl_003400020,payment,pay_0034001430,28506,0,0,28506
setl_003400020,payment,pay_0034001443,26574,0,0,26574
setl_003400020,payment,pay_0034001518,163179,3264,588,159327
setl_003400020,payment,pay_0034001582,336777,6399,1152,329226
setl_003400020,payment,pay_0034001584,36845,368,66,36411
setl_003400020,payment,pay_0034001634,84554,0,0,84554
setl_003400020,payment,pay_0034001646,787560,15751,2835,768974
setl_003400020,payment,pay_0034001652,76023,0,0,76023
setl_003400020,payment,pay_0034001671,70241,0,0,70241
setl_003400020,payment,pay_0034001717,18123,181,33,17909
setl_003400020,payment,pay_0034001757,18539,371,67,18101
setl_003400020,payment,pay_0034001773,236748,0,0,236748
setl_003400020,payment,pay_0034001801,97012,1940,349,94723
setl_003400020,payment,pay_0034001809,77553,0,0,77553
setl_003400020,payment,pay_0034001906,127593,2424,436,124733
setl_003400020,payment,pay_0034001984,480676,0,0,480676
setl_003400020,payment,pay_0034002003,142235,0,0,142235
setl_003400020,payment,pay_0034002038,7010,140,25,6845
setl_003400020,payment,pay_0034002170,36731,0,0,36731
setl_003400020,payment,pay_0034002250,32022,0,0,32022
setl_003400020,payment,pay_0034002395,78716,0,0,78716
setl_003400020,payment,pay_0034002414,132077,0,0,132077
setl_003400020,payment,pay_0034002469,29434,0,0,29434
setl_003400020,payment,pay_0034002490,208538,4171,751,203616
setl_003400020,payment,pay_0034002541,169870,0,0,169870
setl_003400020,payment,pay_0034002629,67698,677,122,66899
setl_003400020,payment,pay_0034002646,250952,0,0,250952
setl_003400020,payment,pay_0034002660,165271,0,0,165271
setl_003400020,payment,pay_0034002681,114547,0,0,114547
setl_003400020,payment,pay_0034002699,47578,0,0,47578
setl_003400020,payment,pay_0034002741,23448,0,0,23448
setl_003400020,payment,pay_0034002754,58506,0,0,58506
setl_003400020,payment,pay_0034002765,292039,0,0,292039
setl_003400020,payment,pay_0034002773,221143,4202,756,216185
setl_003400020,payment,pay_0034002841,174906,0,0,174906
setl_003400020,payment,pay_0034002844,29011,0,0,29011
setl_003400020,payment,pay_0034002855,255426,5109,920,249397
setl_003400020,payment,pay_0034002888,43075,0,0,43075
setl_003400020,payment,pay_0034002925,125705,0,0,125705
setl_003400020,payment,pay_0034002969,169420,3219,579,165622
setl_003400020,payment,pay_0034003020,98469,0,0,98469
setl_003400020,payment,pay_0034003024,31614,0,0,31614
setl_003400020,payment,pay_0034003168,8457,0,0,8457
setl_003400020,payment,pay_0034003180,60982,0,0,60982
setl_003400020,payment,pay_0034003193,20575,0,0,20575
setl_003400020,payment,pay_0034003218,43869,0,0,43869
setl_003400020,payment,pay_0034003274,14460,0,0,14460
setl_003400020,payment,pay_0034003365,32948,0,0,32948
setl_003400020,payment,pay_0034003464,427721,0,0,427721
setl_003400020,payment,pay_0034003481,538386,0,0,538386
setl_003400020,payment,pay_0034003583,47222,0,0,47222
setl_003400020,payment,pay_0034003614,41681,0,0,41681
setl_003400020,payment,pay_0034003661,53184,532,96,52556
setl_003400020,payment,pay_0034003750,45462,864,156,44442
setl_003400020,payment,pay_0034003796,6983,0,0,6983
setl_003400020,payment,pay_0034003864,9642,193,35,9414
setl_003400020,payment,pay_0034003880,61643,0,0,61643
setl_003400020,payment,pay_0034003971,54073,0,0,54073
setl_003400020,refund,rfnd_0034000326,-82791,0,0,-82791
setl_003400020,refund,rfnd_0034001334,-125575,0,0,-125575
setl_003400020,refund,rfnd_0034001826,-41591,0,0,-41591
setl_003400020,refund,rfnd_0034002577,-51070,0,0,-51070
setl_003400020,refund,rfnd_0034003445,-231319,0,0,-231319
setl_003400020,refund,rfnd_0034003675,-217548,0,0,-217548
setl_003400020,dispute,disp_0034000625,-37500,0,0,-37500
setl_003400021,payment,pay_0034000016,176361,3351,603,172407
setl_003400021,payment,pay_0034000047,37855,0,0,37855
setl_003400021,payment,pay_0034000076,53604,0,0,53604
setl_003400021,payment,pay_0034000099,136064,0,0,136064
setl_003400021,payment,pay_0034000102,49513,0,0,49513
setl_003400021,payment,pay_0034000159,62590,1252,225,61113
setl_003400021,payment,pay_0034000255,58342,0,0,58342
setl_003400021,payment,pay_0034000329,225574,0,0,225574
setl_003400021,payment,pay_0034000435,185936,3533,636,181767
setl_003400021,payment,pay_0034000550,71059,1350,243,69466
setl_003400021,payment,pay_0034000665,492419,0,0,492419
setl_003400021,payment,pay_0034000717,11585,0,0,11585
setl_003400021,payment,pay_0034000749,93149,1863,335,90951
setl_003400021,payment,pay_0034000784,12206,0,0,12206
setl_003400021,payment,pay_0034000813,16902,0,0,16902
setl_003400021,payment,pay_0034000818,70249,0,0,70249
setl_003400021,payment,pay_0034000892,14008,0,0,14008
setl_003400021,payment,pay_0034000901,71840,1437,259,70144
setl_003400021,payment,pay_0034000916,99759,0,0,99759
setl_003400021,payment,pay_0034001036,79268,1506,271,77491
setl_003400021,payment,pay_0034001063,18017,360,65,17592
setl_003400021,payment,pay_0034001069,84104,1598,288,82218
setl_003400021,payment,pay_0034001121,82313,1646,296,80371
setl_003400021,payment,pay_0034001180,149628,2843,512,146273
setl_003400021,payment,pay_0034001193,35520,675,122,34723
setl_003400021,payment,pay_0034001282,65811,0,0,65811
setl_003400021,payment,pay_0034001302,65634,1313,236,64085
setl_003400021,payment,pay_0034001364,25168,0,0,25168
setl_003400021,payment,pay_0034001411,34080,0,0,34080
setl_003400021,payment,pay_0034001490,365300,7306,1315,356679
setl_003400021,payment,pay_0034001496,51990,520,94,51376
setl_003400021,payment,pay_0034001535,10327,0,0,10327
setl_003400021,payment,pay_0034001541,68741,0,0,68741
setl_003400021,payment,pay_0034001563,101150,1012,182,99956
setl_003400021,payment,pay_0034001565,73464,735,132,72597
setl_003400021,payment,pay_0034001609,50808,0,0,50808
setl_003400021,payment,pay_0034001630,122404,2448,441,119515
setl_003400021,payment,pay_0034001645,47458,0,0,47458
setl_003400021,payment,pay_0034001674,73199,0,0,73199
setl_003400021,payment,pay_0034001739,73195,0,0,73195
setl_003400021,payment,pay_0034001819,86267,0,0,86267
setl_003400021,payment,pay_0034001952,148082,2962,533,144587
setl_003400021,payment,pay_0034002014,374397,0,0,374397
setl_003400021,payment,pay_0034002025,18700,0,0,18700
setl_003400021,payment,pay_0034002052,35162,0,0,35162
setl_003400021,payment,pay_0034002069,48586,0,0,48586
setl_003400021,payment,pay_0034002139,34851,0,0,34851
setl_003400021,payment,pay_0034002145,40494,0,0,40494
setl_003400021,payment,pay_0034002183,154259,0,0,154259
setl_003400021,payment,pay_0034002196,28465,569,102,27794
setl_003400021,payment,pay_0034002220,47934,959,173,46802
setl_003400021,payment,pay_0034002228,25466,0,0,25466
setl_003400021,payment,pay_0034002326,142206,0,0,142206
setl_003400021,payment,pay_0034002388,18482,0,0,18482
setl_003400021,payment,pay_0034002448,387515,0,0,387515
setl_003400021,payment,pay_0034002450,175855,3517,633,171705
setl_003400021,payment,pay_0034002507,28416,0,0,28416
setl_003400021,payment,pay_0034002570,28582,0,0,28582
setl_003400021,payment,pay_0034002614,71691,0,0,71691
setl_003400021,payment,pay_0034002655,33794,642,116,33036
setl_003400021,payment,pay_0034002711,89675,0,0,89675
setl_003400021,payment,pay_0034002775,13558,0,0,13558
setl_003400021,payment,pay_0034002824,96101,0,0,96101
setl_003400021,payment,pay_0034002850,45117,0,0,45117
setl_003400021,payment,pay_0034002882,13968,0,0,13968
setl_003400021,payment,pay_0034002948,61635,616,111,60908
setl_003400021,payment,pay_0034002970,161887,0,0,161887
setl_003400021,payment,pay_0034002975,17876,358,64,17454
setl_003400021,payment,pay_0034002994,131536,0,0,131536
setl_003400021,payment,pay_0034002996,150527,0,0,150527
setl_003400021,payment,pay_0034003009,55007,1100,198,53709
setl_003400021,payment,pay_0034003016,151231,1512,272,149447
setl_003400021,payment,pay_0034003019,716711,14334,2580,699797
setl_003400021,payment,pay_0034003055,122637,0,0,122637
setl_003400021,payment,pay_0034003132,4900,93,17,4790
setl_003400021,payment,pay_0034003135,39369,0,0,39369
setl_003400021,payment,pay_0034003153,23523,470,85,22968
setl_003400021,payment,pay_0034003159,11138,0,0,11138
setl_003400021,payment,pay_0034003231,101944,0,0,101944
setl_003400021,payment,pay_0034003266,113369,0,0,113369
setl_003400021,payment,pay_0034003291,96801,0,0,96801
setl_003400021,payment,pay_0034003326,14594,0,0,14594
setl_003400021,payment,pay_0034003381,61796,0,0,61796
setl_003400021,payment,pay_0034003412,38374,0,0,38374
setl_003400021,payment,pay_0034003462,39081,1172,211,37698
setl_003400021,payment,pay_0034003509,142168,2843,512,138813
setl_003400021,payment,pay_0034003566,81423,1628,293,79502
setl_003400021,payment,pay_0034003568,94259,1791,322,92146
setl_003400021,payment,pay_0034003575,105353,2002,360,102991
setl_003400021,payment,pay_0034003613,157676,0,0,157676
setl_003400021,payment,pay_0034003619,34383,653,118,33612
setl_003400021,payment,pay_0034003723,28527,571,103,27853
setl_003400021,payment,pay_0034003805,97750,1955,352,95443
setl_003400021,payment,pay_0034003865,148440,0,0,148440
setl_003400021,payment,pay_0034003894,63664,0,0,63664
setl_003400021,payment,pay_0034003914,276565,5531,996,270038
setl_003400021,payment,pay_0034003921,117016,0,0,117016
setl_003400021,refund,rfnd_0034000813,-16902,0,0,-16902
setl_003400021,refund,rfnd_0034002628,-218861,0,0,-218861
setl_003400021,refund,rfnd_0034002661,-8620,0,0,-8620
setl_003400021,refund,rfnd_0034003847,-148995,0,0,-148995
setl_003400022,payment,pay_0034000028,6878,138,25,6715
setl_003400022,payment,pay_0034000034,245918,2459,443,243016
setl_003400022,payment,pay_0034000073,52763,1055,190,51518
setl_003400022,payment,pay_0034000137,102273,1023,184,101066
setl_003400022,payment,pay_0034000171,78853,0,0,78853
setl_003400022,payment,pay_0034000174,88473,1769,318,86386
setl_003400022,payment,pay_0034000176,93684,0,0,93684
setl_003400022,payment,pay_0034000235,69486,0,0,69486
setl_003400022,payment,pay_0034000288,50232,502,90,49640
setl_003400022,payment,pay_0034000300,54722,0,0,54722
setl_003400022,payment,pay_0034000324,18929,435,78,18416
setl_003400022,payment,pay_0034000369,87288,0,0,87288
setl_003400022,payment,pay_0034000410,67913,0,0,67913
setl_003400022,payment,pay_0034000434,154767,0,0,154767
setl_003400022,payment,pay_0034000537,91232,1825,329,89078
setl_003400022,payment,pay_0034000572,120045,2281,411,117353
setl_003400022,payment,pay_0034000583,28341,0,0,28341
setl_003400022,payment,pay_0034000612,529006,0,0,529006
setl_003400022,payment,pay_0034000622,172181,3444,620,168117
setl_003400022,payment,pay_0034000631,146145,0,0,146145
setl_003400022,payment,pay_0034000632,37717,0,0,37717
setl_003400022,payment,pay_0034000633,63438,1269,228,61941
setl_003400022,payment,pay_0034000737,150967,3019,543,147405
setl_003400022,payment,pay_0034000760,12606,0,0,12606
setl_003400022,payment,pay_0034000792,15258,153,28,15077
setl_003400022,payment,pay_0034000840,63050,0,0,63050
setl_003400022,payment,pay_0034000859,54065,0,0,54065
setl_003400022,payment,pay_0034000906,19863,397,71,19395
setl_003400022,payment,pay_0034000949,11473,229,41,11203
setl_003400022,payment,pay_0034001003,74548,1491,268,72789
setl_003400022,payment,pay_0034001021,18790,188,34,18568
setl_003400022,payment,pay_0034001034,215993,4320,778,210895
setl_003400022,payment,pay_0034001097,35505,0,0,35505
setl_003400022,payment,pay_0034001114,238238,0,0,238238
setl_003400022,payment,pay_0034001155,159386,3188,574,155624
setl_003400022,payment,pay_0034001202,38520,770,139,37611
setl_003400022,payment,pay_0034001205,209290,0,0,209290
setl_003400022,payment,pay_0034001251,36652,0,0,36652
setl_003400022,payment,pay_0034001258,172513,0,0,172513
setl_003400022,payment,pay_0034001283,51854,1037,187,50630
setl_003400022,payment,pay_0034001291,317030,0,0,317030
setl_003400022,payment,pay_0034001301,7202,0,0,7202
setl_003400022,payment,pay_0034001348,99251,0,0,99251
setl_003400022,payment,pay_0034001361,54367,0,0,54367
setl_003400022,payment,pay_0034001403,41627,833,150,40644
setl_003400022,payment,pay_0034001409,24101,0,0,24101
setl_003400022,payment,pay_0034001418,163985,0,0,163985
setl_003400022,payment,pay_0034001445,96398,0,0,96398
setl_003400022,payment,pay_0034001479,111433,0,0,111433
setl_003400022,payment,pay_0034001506,50306,956,172,49178
setl_003400022,payment,pay_0034001515,88224,1764,318,86142
setl_003400022,payment,pay_0034001561,138708,0,0,138708
setl_003400022,payment,pay_0034001668,35973,719,129,35125
setl_003400022,payment,pay_0034001690,142073,2841,511,138721
setl_003400022,payment,pay_0034001787,33522,0,0,33522
setl_003400022,payment,pay_0034001849,100118,0,0,100118
setl_003400022,payment,pay_0034001864,50726,0,0,50726
setl_003400022,payment,pay_0034001964,86216,1724,310,84182
setl_003400022,payment,pay_0034002051,409769,7786,73758,328225
setl_003400022,payment,pay_0034002118,57009,0,0,57009
setl_003400022,payment,pay_0034002144,367940,0,0,367940
setl_003400022,payment,pay_0034002179,245398,0,0,245398
setl_003400022,payment,pay_0034002181,251225,0,0,251225
setl_003400022,payment,pay_0034002191,178763,0,0,178763
setl_003400022,payment,pay_0034002232,119749,0,0,119749
setl_003400022,payment,pay_0034002233,92117,0,0,92117
setl_003400022,payment,pay_0034002256,85299,0,0,85299
setl_003400022,payment,pay_0034002434,668948,13379,2408,653161
setl_003400022,payment,pay_0034002511,73422,0,0,73422
setl_003400022,payment,pay_0034002546,18584,372,67,18145
setl_003400022,payment,pay_0034002553,87656,0,0,87656
setl_003400022,payment,pay_0034002637,142034,2841,511,138682
setl_003400022,payment,pay_0034002639,166204,0,0,166204
setl_003400022,payment,pay_0034002651,25068,113,20,24935
setl_003400022,payment,pay_0034002669,55640,1057,190,54393
setl_003400022,payment,pay_0034002715,80479,1610,290,78579
setl_003400022,payment,pay_0034002736,66848,0,0,66848
setl_003400022,payment,pay_0034002753,136154,0,0,136154
setl_003400022,payment,pay_0034002789,56426,564,102,55760
setl_003400022,payment,pay_0034002836,165822,0,0,165822
setl_003400022,payment,pay_0034002845,48196,964,174,47058
setl_003400022,payment,pay_0034002877,29794,0,0,29794
setl_003400022,payment,pay_0034002928,96974,0,0,96974
setl_003400022,payment,pay_0034002946,14989,0,0,14989
setl_003400022,payment,pay_0034002955,16100,0,0,16100
setl_003400022,payment,pay_0034003023,70822,0,0,70822
setl_003400022,payment,pay_0034003065,29022,551,99,28372
setl_003400022,payment,pay_0034003069,96424,0,0,96424
setl_003400022,payment,pay_0034003107,101048,0,0,101048
setl_003400022,payment,pay_0034003125,17018,0,0,17018
setl_003400022,payment,pay_0034003131,324783,0,0,324783
setl_003400022,payment,pay_0034003230,175637,0,0,175637
setl_003400022,payment,pay_0034003244,30375,577,104,29694
setl_003400022,payment,pay_0034003259,97889,441,79,97369
setl_003400022,payment,pay_0034003403,95436,0,0,95436
setl_003400022,payment,pay_0034003434,121075,0,0,121075
setl_003400022,payment,pay_0034003438,29197,0,0,29197
setl_003400022,payment,pay_0034003439,145990,0,0,145990
setl_003400022,payment,pay_0034003496,34653,693,125,33835
setl_003400022,payment,pay_0034003538,84446,0,0,84446
setl_003400022,payment,pay_0034003539,37181,744,134,36303
setl_003400022,payment,pay_0034003561,46193,0,0,46193
setl_003400022,payment,pay_0034003588,66798,1269,228,65301
setl_003400022,payment,pay_0034003618,351549,0,0,351549
setl_003400022,payment,pay_0034003658,246821,0,0,246821
setl_003400022,payment,pay_0034003753,152013,0,0,152013
setl_003400022,payment,pay_0034003780,132320,0,0,132320
setl_003400022,payment,pay_0034003841,379712,7594,1367,370751
setl_003400022,payment,pay_0034003861,165478,0,0,165478
setl_003400022,payment,pay_0034003887,139527,0,0,139527
setl_003400022,payment,pay_0034003972,22286,446,80,21760
setl_003400022,payment,pay_0034003992,34208,684,123,33401
setl_003400022,refund,rfnd_0034001234,-109259,0,0,-109259
setl_003400022,refund,rfnd_0034001426,-16239,0,0,-16239
setl_003400022,refund,rfnd_0034001547,-59172,0,0,-59172
setl_003400022,refund,rfnd_0034002291,-57858,0,0,-57858
setl_003400022,refund,rfnd_0034002812,-22911,0,0,-22911
setl_003400022,dispute,disp_0034000259,-37067,0,0,-37067
setl_003400023,payment,pay_0034000012,63829,0,0,63829
setl_003400023,payment,pay_0034000133,124656,0,0,124656
setl_003400023,payment,pay_0034000138,46259,925,167,45167
setl_003400023,payment,pay_0034000153,30286,0,0,30286
setl_003400023,payment,pay_0034000154,61868,0,0,61868
setl_003400023,payment,pay_0034000161,47080,0,0,47080
setl_003400023,payment,pay_0034000188,78903,0,0,78903
setl_003400023,payment,pay_0034000193,109710,0,0,109710
setl_003400023,payment,pay_0034000212,35254,0,0,35254
setl_003400023,payment,pay_0034000218,154196,3084,555,150557
setl_003400023,payment,pay_0034000248,55988,1120,202,54666
setl_003400023,payment,pay_0034000257,18327,367,66,17894
setl_003400023,payment,pay_0034000345,54840,1097,197,53546
setl_003400023,payment,pay_0034000353,33933,679,122,33132
setl_003400023,payment,pay_0034000375,14736,0,0,14736
setl_003400023,payment,pay_0034000471,376680,0,0,376680
setl_003400023,payment,pay_0034000490,48142,0,0,48142
setl_003400023,payment,pay_0034000530,78159,782,141,77236
setl_003400023,payment,pay_0034000556,11116,211,38,10867
setl_003400023,payment,pay_0034000579,53444,0,0,53444
setl_003400023,payment,pay_0034000643,48897,0,0,48897
setl_003400023,payment,pay_0034000649,845306,8453,1522,835331
setl_003400023,payment,pay_0034000650,32408,324,58,32026
setl_003400023,payment,pay_0034000697,21530,0,0,21530
setl_003400023,payment,pay_0034000753,106607,0,0,106607
setl_003400023,payment,pay_0034000807,194754,0,0,194754
setl_003400023,payment,pay_0034000847,206121,3916,705,201500
setl_003400023,payment,pay_0034000888,138725,0,0,138725
setl_003400023,payment,pay_0034000889,178022,0,0,178022
setl_003400023,payment,pay_0034000912,37635,753,136,36746
setl_003400023,payment,pay_0034000930,47883,0,0,47883
setl_003400023,payment,pay_0034001113,93928,0,0,93928
setl_003400023,payment,pay_0034001162,75296,0,0,75296
setl_003400023,payment,pay_0034001265,137264,0,0,137264
setl_003400023,payment,pay_0034001267,230293,2303,415,227575
setl_003400023,payment,pay_0034001268,56907,569,102,56236
setl_003400023,payment,pay_0034001274,67891,1290,232,66369
setl_003400023,payment,pay_0034001391,35730,715,129,34886
setl_003400023,payment,pay_0034001393,128769,2575,464,125730
setl_003400023,payment,pay_0034001407,332988,6660,1199,325129
setl_003400023,payment,pay_0034001410,27435,0,0,27435
setl_003400023,payment,pay_0034001485,98704,0,0,98704
setl_003400023,payment,pay_0034001544,169138,0,0,169138
setl_003400023,payment,pay_0034001575,264002,5016,903,258083
setl_003400023,payment,pay_0034001595,70621,0,0,70621
setl_003400023,payment,pay_0034001619,189399,3599,648,185152
setl_003400023,payment,pay_0034001636,90094,0,0,90094
setl_003400023,payment,pay_0034001744,51853,0,0,51853
setl_003400023,payment,pay_0034001806,63330,1267,228,61835
setl_003400023,payment,pay_0034001839,73241,0,0,73241
setl_003400023,payment,pay_0034001917,94577,426,77,94074
setl_003400023,payment,pay_0034001980,148977,2980,536,145461
setl_003400023,payment,pay_0034001996,34407,0,0,34407
setl_003400023,payment,pay_0034002004,53698,0,0,53698
setl_003400023,payment,pay_0034002042,86980,1653,298,85029
setl_003400023,payment,pay_0034002047,165329,3141,565,161623
setl_003400023,payment,pay_0034002059,38940,0,0,38940
setl_003400023,payment,pay_0034002074,53663,0,0,53663
setl_003400023,payment,pay_0034002089,153948,0,0,153948
setl_003400023,payment,pay_0034002113,180821,0,0,180821
setl_003400023,payment,pay_0034002202,46308,463,83,45762
setl_003400023,payment,pay_0034002284,73139,0,0,73139
setl_003400023,payment,pay_0034002303,178884,0,0,178884
setl_003400023,payment,pay_0034002323,65508,0,0,65508
setl_003400023,payment,pay_0034002429,122936,0,0,122936
setl_003400023,payment,pay_0034002430,129975,2600,468,126907
setl_003400023,payment,pay_0034002443,70153,1333,12628,56192
setl_003400023,payment,pay_0034002583,715407,14308,2575,698524
setl_003400023,payment,pay_0034002601,96946,0,0,96946
setl_003400023,payment,pay_0034002605,81793,1636,294,79863
setl_003400023,payment,pay_0034002624,45744,0,0,45744
setl_003400023,payment,pay_0034002666,57509,0,0,57509
setl_003400023,payment,pay_0034002687,108964,0,0,108964
setl_003400023,payment,pay_0034002693,90841,0,0,90841
setl_003400023,payment,pay_0034002696,41885,0,0,41885
setl_003400023,payment,pay_0034002714,50562,0,0,50562
setl_003400023,payment,pay_0034002729,31260,0,0,31260
setl_003400023,payment,pay_0034002768,79349,0,0,79349
setl_003400023,payment,pay_0034002796,523867,10477,1886,511504
setl_003400023,payment,pay_0034002821,110088,0,0,110088
setl_003400023,payment,pay_0034002967,470407,8938,1609,459860
setl_003400023,payment,pay_0034002974,119653,0,0,119653
setl_003400023,payment,pay_0034002976,618899,12378,2228,604293
setl_003400023,payment,pay_0034003001,6163,0,0,6163
setl_003400023,payment,pay_0034003012,342676,6511,1172,334993
setl_003400023,payment,pay_0034003118,61261,0,0,61261
setl_003400023,payment,pay_0034003191,30881,0,0,30881
setl_003400023,payment,pay_0034003248,94389,0,0,94389
setl_003400023,payment,pay_0034003309,39116,0,0,39116
setl_003400023,payment,pay_0034003337,61168,612,110,60446
setl_003400023,payment,pay_0034003346,16333,0,0,16333
setl_003400023,payment,pay_0034003373,141258,0,0,141258
setl_003400023,payment,pay_0034003402,32878,0,0,32878
setl_003400023,payment,pay_0034003430,109597,0,0,109597
setl_003400023,payment,pay_0034003610,27831,0,0,27831
setl_003400023,payment,pay_0034003611,90938,1728,311,88899
setl_003400023,payment,pay_0034003627,68655,0,0,68655
setl_003400023,payment,pay_0034003646,57867,1099,198,56570
setl_003400023,payment,pay_0034003680,147809,0,0,147809
setl_003400023,payment,pay_0034003715,86419,0,0,86419
setl_003400023,payment,pay_0034003734,149315,0,0,149315
setl_003400023,payment,pay_0034003766,511637,0,0,511637
setl_003400023,payment,pay_0034003777,151071,0,0,151071
setl_003400023,payment,pay_0034003814,43171,0,0,43171
setl_003400023,payment,pay_0034003819,32364,647,116,31601
setl_003400023,payment,pay_0034003842,542103,10842,1952,529309
setl_003400023,payment,pay_0034003881,29232,585,105,28542
setl_003400023,payment,pay_0034003891,32969,659,119,32191
setl_003400023,payment,pay_0034003929,29954,0,0,29954
setl_003400023,payment,pay_0034003936,78335,1567,282,76486
setl_003400023,payment,pay_0034003947,223133,0,0,223133
setl_003400023,payment,pay_0034003960,117504,0,0,117504
setl_003400023,payment,pay_0034003973,440186,8804,1585,429797
setl_003400023,refund,rfnd_0034000012,-13398,0,0,-13398
setl_003400023,refund,rfnd_0034000073,-33126,0,0,-33126
setl_003400023,refund,rfnd_0034000324,-18929,0,0,-18929
setl_003400023,refund,rfnd_0034003312,-31696,0,0,-31696
setl_003400023,dispute,disp_0034003600,-4900,0,0,-4900
setl_003400024,payment,pay_0034000074,67114,1342,242,65530
setl_003400024,payment,pay_0034000136,109897,2088,376,107433
setl_003400024,payment,pay_0034000145,36706,734,132,35840
setl_003400024,payment,pay_0034000237,9410,0,0,9410
setl_003400024,payment,pay_0034000251,78925,1579,284,77062
setl_003400024,payment,pay_0034000261,415029,0,0,415029
setl_003400024,payment,pay_0034000297,70595,0,0,70595
setl_003400024,payment,pay_0034000441,92559,1759,317,90483
setl_003400024,payment,pay_0034000516,42851,0,0,42851
setl_003400024,payment,pay_0034000528,42159,843,152,41164
setl_003400024,payment,pay_0034000564,138203,0,0,138203
setl_003400024,payment,pay_0034000594,24155,0,0,24155
setl_003400024,payment,pay_0034000601,257734,0,0,257734
setl_003400024,payment,pay_0034000627,77651,0,0,77651
setl_003400024,payment,pay_0034000656,25543,0,0,25543
setl_003400024,payment,pay_0034000675,80695,0,0,80695
setl_003400024,payment,pay_0034000693,158373,3009,542,154822
setl_003400024,payment,pay_0034000788,70158,0,0,70158
setl_003400024,payment,pay_0034000791,27166,0,0,27166
setl_003400024,payment,pay_0034000796,78997,1580,284,77133
setl_003400024,payment,pay_0034000875,1312939,0,0,1312939
setl_003400024,payment,pay_0034000920,10976,0,0,10976
setl_003400024,payment,pay_0034000922,77096,0,0,77096
setl_003400024,payment,pay_0034000968,43309,866,156,42287
setl_003400024,payment,pay_0034000978,122125,0,0,122125
setl_003400024,payment,pay_0034001106,91104,0,0,91104
setl_003400024,payment,pay_0034001133,69066,1381,249,67436
setl_003400024,payment,pay_0034001157,408884,0,0,408884
setl_003400024,payment,pay_0034001160,271241,0,0,271241
setl_003400024,payment,pay_0034001207,70898,2340,421,68137
setl_003400024,payment,pay_0034001216,57866,1157,208,56501
setl_003400024,payment,pay_0034001233,212580,0,0,212580
setl_003400024,payment,pay_0034001257,72637,0,0,72637
setl_003400024,payment,pay_0034001271,100730,0,0,100730
setl_003400024,payment,pay_0034001328,85605,0,0,85605
setl_003400024,payment,pay_0034001332,293915,5584,1005,287326
setl_003400024,payment,pay_0034001447,34123,682,123,33318
setl_003400024,payment,pay_0034001458,101918,0,0,101918
setl_003400024,payment,pay_0034001501,283559,5388,970,277201
setl_003400024,payment,pay_0034001511,96152,0,0,96152
setl_003400024,payment,pay_0034001559,29075,582,105,28388
setl_003400024,payment,pay_0034001577,34505,690,124,33691
setl_003400024,payment,pay_0034001665,12971,0,0,12971
setl_003400024,payment,pay_0034001675,148435,0,0,148435
setl_003400024,payment,pay_0034001695,72659,0,0,72659
setl_003400024,payment,pay_0034001755,21030,0,0,21030
setl_003400024,payment,pay_0034001804,42660,0,0,42660
setl_003400024,payment,pay_0034001902,62284,1246,224,60814
setl_003400024,payment,pay_0034001912,33524,335,60,33129
setl_003400024,payment,pay_0034001925,57088,1142,206,55740
setl_003400024,payment,pay_0034001928,154828,0,0,154828
setl_003400024,payment,pay_0034001929,66541,1331,240,64970
setl_003400024,payment,pay_0034001974,49198,0,0,49198
setl_003400024,payment,pay_0034001981,53860,0,0,53860
setl_003400024,payment,pay_0034002100,69210,1384,249,67577
setl_003400024,payment,pay_0034002152,31161,312,56,30793
setl_003400024,payment,pay_0034002305,32546,0,0,32546
setl_003400024,payment,pay_0034002348,112542,2138,385,110019
setl_003400024,payment,pay_0034002367,67287,0,0,67287
setl_003400024,payment,pay_0034002369,90525,0,0,90525
setl_003400024,payment,pay_0034002379,40377,0,0,40377
setl_003400024,payment,pay_0034002466,67795,0,0,67795
setl_003400024,payment,pay_0034002492,27462,0,0,27462
setl_003400024,payment,pay_0034002549,521356,17205,3097,501054
setl_003400024,payment,pay_0034002587,113525,0,0,113525
setl_003400024,payment,pay_0034002630,49895,0,0,49895
setl_003400024,payment,pay_0034002663,13169,250,45,12874
setl_003400024,payment,pay_0034002723,33831,677,122,33032
setl_003400024,payment,pay_0034002740,27200,517,93,26590
setl_003400024,payment,pay_0034002809,20424,0,0,20424
setl_003400024,payment,pay_0034002814,192902,0,0,192902
setl_003400024,payment,pay_0034002870,18789,0,0,18789
setl_003400024,payment,pay_0034002886,89632,1703,307,87622
setl_003400024,payment,pay_0034002887,47514,0,0,47514
setl_003400024,payment,pay_0034002897,295057,5901,1062,288094
setl_003400024,payment,pay_0034002902,13979,280,50,13649
setl_003400024,payment,pay_0034002908,140172,0,0,140172
setl_003400024,payment,pay_0034002931,38177,0,0,38177
setl_003400024,payment,pay_0034003007,52068,1041,187,50840
setl_003400024,payment,pay_0034003030,256081,0,0,256081
setl_003400024,payment,pay_0034003104,116536,2331,420,113785
setl_003400024,payment,pay_0034003140,90684,0,0,90684
setl_003400024,payment,pay_0034003195,20064,0,0,20064
setl_003400024,payment,pay_0034003201,60618,0,0,60618
setl_003400024,payment,pay_0034003215,163970,0,0,163970
setl_003400024,payment,pay_0034003222,26731,0,0,26731
setl_003400024,payment,pay_0034003303,33144,0,0,33144
setl_003400024,payment,pay_0034003327,35045,0,0,35045
setl_003400024,payment,pay_0034003358,40915,0,0,40915
setl_003400024,payment,pay_0034003360,22207,0,0,22207
setl_003400024,payment,pay_0034003411,36636,733,132,35771
setl_003400024,payment,pay_0034003442,26203,0,0,26203
setl_003400024,payment,pay_0034003534,66600,0,0,66600
setl_003400024,payment,pay_0034003570,118308,2366,426,115516
setl_003400024,payment,pay_0034003579,791779,0,0,791779
setl_003400024,payment,pay_0034003582,53505,0,0,53505
setl_003400024,payment,pay_0034003622,76760,0,0,76760
setl_003400024,payment,pay_0034003629,39429,789,142,38498
setl_003400024,payment,pay_0034003677,387959,0,0,387959
setl_003400024,payment,pay_0034003683,430972,0,0,430972
setl_003400024,payment,pay_0034003695,106478,0,0,106478
setl_003400024,payment,pay_0034003700,174582,0,0,174582
setl_003400024,payment,pay_0034003710,79251,1585,285,77381
setl_003400024,payment,pay_0034003735,80479,805,145,79529
setl_003400024,payment,pay_0034003773,67995,1360,245,66390
setl_003400024,payment,pay_0034003823,64250,0,0,64250
setl_003400024,payment,pay_0034003856,172638,0,0,172638
setl_003400024,payment,pay_0034003882,359198,0,0,359198
setl_003400024,payment,pay_0034003956,14016,0,0,14016
setl_003400024,payment,pay_0034003987,70778,708,127,69943
setl_003400024,payment,pay_0034003989,70342,1407,253,68682
setl_003400024,refund,rfnd_0034000288,-40009,0,0,-40009
setl_003400024,refund,rfnd_0034000599,-9487,0,0,-9487
setl_003400024,refund,rfnd_0034001323,-65884,0,0,-65884
setl_003400024,refund,rfnd_0034002660,-165271,0,0,-165271
setl_003400024,refund,rfnd_0034003210,-109441,0,0,-109441
setl_003400024,dispute,disp_0034001570,-54452,0,0,-54452
setl_003400025,payment,pay_0034000049,115742,0,0,115742
setl_003400025,payment,pay_0034000088,85915,0,0,85915
setl_003400025,payment,pay_0034000167,124487,2490,448,121549
setl_003400025,payment,pay_0034000220,71416,0,0,71416
setl_003400025,payment,pay_0034000236,66835,0,0,66835
setl_003400025,payment,pay_0034000253,24447,0,0,24447
setl_003400025,payment,pay_0034000264,91087,0,0,91087
setl_003400025,payment,pay_0034000286,143952,0,0,143952
setl_003400025,payment,pay_0034000294,62418,0,0,62418
setl_003400025,payment,pay_0034000304,30291,576,104,29611
setl_003400025,payment,pay_0034000314,35120,351,63,34706
setl_003400025,payment,pay_0034000316,27650,553,100,26997
setl_003400025,payment,pay_0034000342,25700,514,93,25093
setl_003400025,payment,pay_0034000389,21631,433,78,21120
setl_003400025,payment,pay_0034000390,30169,0,0,30169
setl_003400025,payment,pay_0034000478,38125,0,0,38125
setl_003400025,payment,pay_0034000481,218280,0,0,218280
setl_003400025,payment,pay_0034000520,169858,1699,306,167853
setl_003400025,payment,pay_0034000562,45732,0,0,45732
setl_003400025,payment,pay_0034000574,63501,0,0,63501
setl_003400025,payment,pay_0034000617,12968,0,0,12968
setl_003400025,payment,pay_0034000679,41920,838,151,40931
setl_003400025,payment,pay_0034000745,71065,1421,256,69388
setl_003400025,payment,pay_0034000756,38901,389,70,38442
setl_003400025,payment,pay_0034000793,77497,0,0,77497
setl_003400025,payment,pay_0034000795,9045,0,0,9045
setl_003400025,payment,pay_0034000897,10503,105,19,10379
setl_003400025,payment,pay_0034000914,53753,0,0,53753
setl_003400025,payment,pay_0034000923,56971,1139,205,55627
setl_003400025,payment,pay_0034000962,44216,0,0,44216
setl_003400025,payment,pay_0034001053,279188,5584,1005,272599
setl_003400025,payment,pay_0034001058,84707,1694,305,82708
setl_003400025,payment,pay_0034001091,51850,1037,187,50626
setl_003400025,payment,pay_0034001095,109096,1091,196,107809
setl_003400025,payment,pay_0034001110,57733,1414,255,56064
setl_003400025,payment,pay_0034001118,37256,0,0,37256
setl_003400025,payment,pay_0034001255,230271,0,0,230271
setl_003400025,payment,pay_0034001256,29324,0,0,29324
setl_003400025,payment,pay_0034001333,49819,498,90,49231
setl_003400025,payment,pay_0034001383,1226874,0,0,1226874
setl_003400025,payment,pay_0034001384,374966,0,0,374966
setl_003400025,payment,pay_0034001469,120811,3987,718,116106
setl_003400025,payment,pay_0034001471,58699,0,0,58699
setl_003400025,payment,pay_0034001530,56982,1140,205,55637
setl_003400025,payment,pay_0034001549,57064,0,0,57064
setl_003400025,payment,pay_0034001615,9345,187,34,9124
setl_003400025,payment,pay_0034001700,31957,639,115,31203
setl_003400025,payment,pay_0034001742,55628,1113,200,54315
setl_003400025,payment,pay_0034001766,96336,0,0,96336
setl_003400025,payment,pay_0034001774,48549,0,0,48549
setl_003400025,payment,pay_0034001832,44723,0,0,44723
setl_003400025,payment,pay_0034001875,110543,0,0,110543
setl_003400025,payment,pay_0034001901,138297,0,0,138297
setl_003400025,payment,pay_0034001935,34877,157,28,34692
setl_003400025,payment,pay_0034001955,258844,4918,885,253041
setl_003400025,payment,pay_0034001961,33519,670,121,32728
setl_003400025,payment,pay_0034002011,40788,0,0,40788
setl_003400025,payment,pay_0034002024,44842,0,0,44842
setl_003400025,payment,pay_0034002030,22971,0,0,22971
setl_003400025,payment,pay_0034002039,95310,1906,343,93061
setl_003400025,payment,pay_0034002080,56830,0,0,56830
setl_003400025,payment,pay_0034002142,208566,4171,751,203644
setl_003400025,payment,pay_0034002149,80434,0,0,80434
setl_003400025,payment,pay_0034002219,75847,0,0,75847
setl_003400025,payment,pay_0034002226,38121,0,0,38121
setl_003400025,payment,pay_0034002266,52648,0,0,52648
setl_003400025,payment,pay_0034002294,127110,0,0,127110
setl_003400025,payment,pay_0034002459,88856,1777,320,86759
setl_003400025,payment,pay_0034002460,143764,0,0,143764
setl_003400025,payment,pay_0034002480,12451,0,0,12451
setl_003400025,payment,pay_0034002514,108662,2173,391,106098
setl_003400025,payment,pay_0034002556,106900,2138,385,104377
setl_003400025,payment,pay_0034002635,249329,0,0,249329
setl_003400025,payment,pay_0034002738,32506,0,0,32506
setl_003400025,payment,pay_0034002905,93268,933,168,92167
setl_003400025,payment,pay_0034002923,4900,0,0,4900
setl_003400025,payment,pay_0034002947,40620,0,0,40620
setl_003400025,payment,pay_0034002987,34538,656,118,33764
setl_003400025,payment,pay_0034002988,81474,1629,293,79552
setl_003400025,payment,pay_0034003029,54851,0,0,54851
setl_003400025,payment,pay_0034003035,26509,0,0,26509
setl_003400025,payment,pay_0034003108,28157,563,101,27493
setl_003400025,payment,pay_0034003115,94240,0,0,94240
setl_003400025,payment,pay_0034003164,30126,603,109,29414
setl_003400025,payment,pay_0034003190,36511,0,0,36511
setl_003400025,payment,pay_0034003324,83348,0,0,83348
setl_003400025,payment,pay_0034003347,78355,1567,282,76506
setl_003400025,payment,pay_0034003410,126073,2395,431,123247
setl_003400025,payment,pay_0034003414,24517,0,0,24517
setl_003400025,payment,pay_0034003424,16602,0,0,16602
setl_003400025,payment,pay_0034003480,38577,772,139,37666
setl_003400025,payment,pay_0034003503,31812,636,114,31062
setl_003400025,payment,pay_0034003519,65633,0,0,65633
setl_003400025,payment,pay_0034003532,21990,440,79,21471
setl_003400025,payment,pay_0034003584,270988,0,0,270988
setl_003400025,payment,pay_0034003623,126237,0,0,126237
setl_003400025,payment,pay_0034003682,695735,0,0,695735
setl_003400025,payment,pay_0034003784,55926,0,0,55926
setl_003400025,payment,pay_0034003806,331251,0,0,331251
setl_003400025,payment,pay_0034003812,46712,0,0,46712
setl_003400025,payment,pay_0034003849,52519,998,180,51341
setl_003400025,payment,pay_0034003918,122605,0,0,122605
setl_003400025,payment,pay_0034003980,38091,0,0,38091
setl_003400025,refund,rfnd_0034000069,-20804,0,0,-20804
setl_003400025,refund,rfnd_0034000946,-5608,0,0,-5608
setl_003400025,refund,rfnd_0034001485,-98704,0,0,-98704
setl_003400025,refund,rfnd_0034001549,-13265,0,0,-13265
setl_003400025,refund,rfnd_0034001645,-30088,0,0,-30088
setl_003400025,refund,rfnd_0034002921,-269796,0,0,-269796
setl_003400025,dispute,disp_0034000447,-21093,0,0,-21093
setl_003400026,payment,pay_0034000118,34228,0,0,34228
setl_003400026,payment,pay_0034000151,148205,2964,534,144707
setl_003400026,payment,pay_0034000204,166443,3329,599,162515
setl_003400026,payment,pay_0034000209,143625,0,0,143625
setl_003400026,payment,pay_0034000254,61097,0,0,61097
setl_003400026,payment,pay_0034000336,58114,1104,199,56811
setl_003400026,payment,pay_0034000432,98288,1867,336,96085
setl_003400026,payment,pay_0034000518,85768,2101,378,83289
setl_003400026,payment,pay_0034000570,30707,614,5527,24566
setl_003400026,payment,pay_0034000577,23810,0,0,23810
setl_003400026,payment,pay_0034000597,85877,1632,294,83951
setl_003400026,payment,pay_0034000606,72784,0,0,72784
setl_003400026,payment,pay_0034000652,35657,0,0,35657
setl_003400026,payment,pay_0034000670,14488,275,50,14163
setl_003400026,payment,pay_0034000676,259275,0,0,259275
setl_003400026,payment,pay_0034000723,61749,0,0,61749
setl_003400026,payment,pay_0034000741,9184,0,0,9184
setl_003400026,payment,pay_0034000761,109786,2196,395,107195
setl_003400026,payment,pay_0034000767,714826,0,0,714826
setl_003400026,payment,pay_0034000800,217357,0,0,217357
setl_003400026,payment,pay_0034000802,8343,0,0,8343
setl_003400026,payment,pay_0034000811,175590,0,0,175590
setl_003400026,payment,pay_0034000861,61166,1835,330,59001
setl_003400026,payment,pay_0034000871,19745,0,0,19745
setl_003400026,payment,pay_0034001030,182192,0,0,182192
setl_003400026,payment,pay_0034001049,61015,1220,220,59575
setl_003400026,payment,pay_0034001079,101516,2030,365,99121
setl_003400026,payment,pay_0034001081,56753,1135,204,55414
setl_003400026,payment,pay_0034001103,211988,4240,763,206985
setl_003400026,payment,pay_0034001132,301156,0,0,301156
setl_003400026,payment,pay_0034001136,108743,2175,392,106176
setl_003400026,payment,pay_0034001146,38235,765,6882,30588
setl_003400026,payment,pay_0034001159,288597,0,0,288597
setl_003400026,payment,pay_0034001198,301014,3010,542,297462
setl_003400026,payment,pay_0034001264,73466,1396,251,71819
setl_003400026,payment,pay_0034001278,33341,633,114,32594
setl_003400026,payment,pay_0034001288,28805,0,0,28805
setl_003400026,payment,pay_0034001337,32297,0,0,32297
setl_003400026,payment,pay_0034001342,50572,961,173,49438
setl_003400026,payment,pay_0034001355,115034,0,0,115034
setl_003400026,payment,pay_0034001366,143609,0,0,143609
setl_003400026,payment,pay_0034001451,89347,1787,322,87238
setl_003400026,payment,pay_0034001475,70340,0,0,70340
setl_003400026,payment,pay_0034001500,152628,3053,550,149025
setl_003400026,payment,pay_0034001548,168299,0,0,168299
setl_003400026,payment,pay_0034001562,398510,0,0,398510
setl_003400026,payment,pay_0034001592,54156,0,0,54156
setl_003400026,payment,pay_0034001628,267172,5076,914,261182
setl_003400026,payment,pay_0034001687,132330,2647,476,129207
setl_003400026,payment,pay_0034001692,111543,0,0,111543
setl_003400026,payment,pay_0034001726,22473,0,0,22473
setl_003400026,payment,pay_0034001734,215172,6455,1162,207555
setl_003400026,payment,pay_0034001741,45035,0,0,45035
setl_003400026,payment,pay_0034001759,31859,0,0,31859
setl_003400026,payment,pay_0034001769,78225,0,0,78225
setl_003400026,payment,pay_0034001818,274333,5487,988,267858
setl_003400026,payment,pay_0034001867,27436,549,99,26788
setl_003400026,payment,pay_0034001916,28902,578,104,28220
setl_003400026,payment,pay_0034001948,138808,4581,825,133402
setl_003400026,payment,pay_0034002020,101573,0,0,101573
setl_003400026,payment,pay_0034002111,183560,0,0,183560
setl_003400026,payment,pay_0034002117,10548,211,38,10299
setl_003400026,payment,pay_0034002156,65433,0,0,65433
setl_003400026,payment,pay_0034002160,54034,1081,195,52758
setl_003400026,payment,pay_0034002164,108071,0,0,108071
setl_003400026,payment,pay_0034002166,14851,0,0,14851
setl_003400026,payment,pay_0034002176,107298,0,0,107298
setl_003400026,payment,pay_0034002301,116188,2324,418,113446
setl_003400026,payment,pay_0034002312,37389,748,135,36506
setl_003400026,payment,pay_0034002330,204060,0,0,204060
setl_003400026,payment,pay_0034002508,24144,0,0,24144
setl_003400026,payment,pay_0034002682,162671,0,0,162671
setl_003400026,payment,pay_0034002702,98722,0,0,98722
setl_003400026,payment,pay_0034002708,174552,0,0,174552
setl_003400026,payment,pay_0034002752,549154,0,0,549154
setl_003400026,payment,pay_0034002783,72038,1441,259,70338
setl_003400026,payment,pay_0034002811,24432,489,88,23855
setl_003400026,payment,pay_0034002856,91493,1738,16469,73286
setl_003400026,payment,pay_0034002904,176083,3522,634,171927
setl_003400026,payment,pay_0034002965,29296,586,105,28605
setl_003400026,payment,pay_0034002982,228364,5595,1007,221762
setl_003400026,payment,pay_0034003064,50498,0,0,50498
setl_003400026,payment,pay_0034003170,92371,0,0,92371
setl_003400026,payment,pay_0034003217,73710,0,0,73710
setl_003400026,payment,pay_0034003249,62942,0,0,62942
setl_003400026,payment,pay_0034003250,583862,0,0,583862
setl_003400026,payment,pay_0034003262,125916,0,0,125916
setl_003400026,payment,pay_0034003283,90735,1724,310,88701
setl_003400026,payment,pay_0034003285,263771,5275,950,257546
setl_003400026,payment,pay_0034003296,55490,0,0,55490
setl_003400026,payment,pay_0034003354,141424,2828,509,138087
setl_003400026,payment,pay_0034003383,32206,0,0,32206
setl_003400026,payment,pay_0034003389,76483,1530,275,74678
setl_003400026,payment,pay_0034003392,68747,0,0,68747
setl_003400026,payment,pay_0034003495,99558,2987,538,96033
setl_003400026,payment,pay_0034003545,61356,0,0,61356
setl_003400026,payment,pay_0034003558,10263,0,0,10263
setl_003400026,payment,pay_0034003563,117796,2356,424,115016
setl_003400026,payment,pay_0034003625,64402,0,0,64402
setl_003400026,payment,pay_0034003648,37575,0,0,37575
setl_003400026,payment,pay_0034003649,51836,518,93,51225
setl_003400026,payment,pay_0034003703,57871,1157,208,56506
setl_003400026,payment,pay_0034003721,300230,5704,1027,293499
setl_003400026,payment,pay_0034003724,27348,520,94,26734
setl_003400026,payment,pay_0034003802,34762,695,125,33942
setl_003400026,payment,pay_0034003824,54848,0,0,54848
setl_003400026,payment,pay_0034003831,49947,0,0,49947
setl_003400026,payment,pay_0034003875,229981,4600,828,224553
setl_003400026,payment,pay_0034003897,43887,0,0,43887
setl_003400026,payment,pay_0034003900,21349,427,77,20845
setl_003400026,payment,pay_0034003944,178809,0,0,178809
setl_003400026,payment,pay_0034003953,348755,0,0,348755
setl_003400026,payment,pay_0034003955,61572,1231,222,60119
setl_003400026,payment,pay_0034003993,64858,1232,222,63404
setl_003400026,payment,pay_0034003995,453398,0,0,453398
setl_003400026,refund,rfnd_0034000858,-88447,0,0,-88447
setl_003400026,refund,rfnd_0034001774,-36843,0,0,-36843
setl_003400026,refund,rfnd_0034002753,-73356,0,0,-73356
setl_003400026,refund,rfnd_0034002768,-32614,0,0,-32614
setl_003400026,refund,rfnd_0034003061,-68072,0,0,-68072
setl_003400026,refund,rfnd_0034003552,-33500,0,0,-33500
setl_003400026,refund,rfnd_0034003649,-27874,0,0,-27874
setl_003400027,payment,pay_0034000013,106558,0,0,106558
setl_003400027,payment,pay_0034000030,466403,9328,1679,455396
setl_003400027,payment,pay_0034000062,69805,0,0,69805
setl_003400027,payment,pay_0034000104,357190,7144,1286,348760
setl_003400027,payment,pay_0034000119,93998,1880,338,91780
setl_003400027,payment,pay_0034000130,31274,625,113,30536
setl_003400027,payment,pay_0034000168,78666,0,0,78666
setl_003400027,payment,pay_0034000213,108658,0,0,108658
setl_003400027,payment,pay_0034000225,315232,6305,1135,307792
setl_003400027,payment,pay_0034000267,38970,0,0,38970
setl_003400027,payment,pay_0034000315,260685,2607,469,257609
setl_003400027,payment,pay_0034000325,75794,0,0,75794
setl_003400027,payment,pay_0034000340,237295,0,0,237295
setl_003400027,payment,pay_0034000431,148497,0,0,148497
setl_003400027,payment,pay_0034000440,58470,585,105,57780
setl_003400027,payment,pay_0034000445,154389,2933,528,150928
setl_003400027,payment,pay_0034000458,9257,0,0,9257
setl_003400027,payment,pay_0034000467,173219,0,0,173219
setl_003400027,payment,pay_0034000486,130949,2488,448,128013
setl_003400027,payment,pay_0034000496,71297,0,0,71297
setl_003400027,payment,pay_0034000536,143829,0,0,143829
setl_003400027,payment,pay_0034000548,148953,0,0,148953
setl_003400027,payment,pay_0034000551,70038,0,0,70038
setl_003400027,payment,pay_0034000587,130044,2471,445,127128
setl_003400027,payment,pay_0034000770,46868,0,0,46868
setl_003400027,payment,pay_0034000825,245573,4911,884,239778
setl_003400027,payment,pay_0034000830,24429,489,88,23852
setl_003400027,payment,pay_0034000874,26496,0,0,26496
setl_003400027,payment,pay_0034000908,53303,0,0,53303
setl_003400027,payment,pay_0034000973,37838,757,136,36945
setl_003400027,payment,pay_0034000983,47645,953,172,46520
setl_003400027,payment,pay_0034000986,69453,0,0,69453
setl_003400027,payment,pay_0034001031,42244,845,152,41247
setl_003400027,payment,pay_0034001059,77760,0,0,77760
setl_003400027,payment,pay_0034001093,71589,0,0,71589
setl_003400027,payment,pay_0034001116,130825,0,0,130825
setl_003400027,payment,pay_0034001156,84502,0,0,84502
setl_003400027,payment,pay_0034001177,70857,1417,255,69185
setl_003400027,payment,pay_0034001194,74087,1482,267,72338
setl_003400027,payment,pay_0034001201,57976,0,0,57976
setl_003400027,payment,pay_0034001266,69029,2071,373,66585
setl_003400027,payment,pay_0034001275,57079,0,0,57079
setl_003400027,payment,pay_0034001375,63672,0,0,63672
setl_003400027,payment,pay_0034001394,60056,0,0,60056
setl_003400027,payment,pay_0034001423,19142,0,0,19142
setl_003400027,payment,pay_0034001435,13819,0,0,13819
setl_003400027,payment,pay_0034001463,29557,0,0,29557
setl_003400027,payment,pay_0034001510,43713,0,0,43713
setl_003400027,payment,pay_0034001521,30829,617,111,30101
setl_003400027,payment,pay_0034001528,54728,1040,9851,43837
setl_003400027,payment,pay_0034001553,415206,8304,1495,405407
setl_003400027,payment,pay_0034001594,59558,0,0,59558
setl_003400027,payment,pay_0034001599,9393,0,0,9393
setl_003400027,payment,pay_0034001631,74051,1481,267,72303
setl_003400027,payment,pay_0034001684,221160,4423,796,215941
setl_003400027,payment,pay_0034001703,37156,0,0,37156
setl_003400027,payment,pay_0034001704,64932,1299,234,63399
setl_003400027,payment,pay_0034001722,56404,0,0,56404
setl_003400027,payment,pay_0034001735,27973,0,0,27973
setl_003400027,payment,pay_0034001810,55677,0,0,55677
setl_003400027,payment,pay_0034001817,93401,1775,320,91306
setl_003400027,payment,pay_0034001848,123269,0,0,123269
setl_003400027,payment,pay_0034001932,78137,0,0,78137
setl_003400027,payment,pay_0034001944,38097,762,137,37198
setl_003400027,payment,pay_0034002002,105985,0,0,105985
setl_003400027,payment,pay_0034002012,76117,1522,274,74321
setl_003400027,payment,pay_0034002167,18867,377,68,18422
setl_003400027,payment,pay_0034002235,107723,485,87,107151
setl_003400027,payment,pay_0034002248,82804,0,0,82804
setl_003400027,payment,pay_0034002272,100490,2010,362,98118
setl_003400027,payment,pay_0034002293,17800,0,0,17800
setl_003400027,payment,pay_0034002374,186651,840,151,185660
setl_003400027,payment,pay_0034002389,23402,0,0,23402
setl_003400027,payment,pay_0034002491,51096,0,0,51096
setl_003400027,payment,pay_0034002612,59313,0,0,59313
setl_003400027,payment,pay_0034002644,46228,0,0,46228
setl_003400027,payment,pay_0034002653,201150,0,0,201150
setl_003400027,payment,pay_0034002656,48953,979,176,47798
setl_003400027,payment,pay_0034002659,70642,0,0,70642
setl_003400027,payment,pay_0034002672,159413,0,0,159413
setl_003400027,payment,pay_0034002692,107429,2149,387,104893
setl_003400027,payment,pay_0034002716,81472,1629,293,79550
setl_003400027,payment,pay_0034002806,26697,507,91,26099
setl_003400027,payment,pay_0034002857,121153,2423,436,118294
setl_003400027,payment,pay_0034002861,20279,0,0,20279
setl_003400027,payment,pay_0034002932,117153,0,0,117153
setl_003400027,payment,pay_0034002985,89161,0,0,89161
setl_003400027,payment,pay_0034002999,131728,0,0,131728
setl_003400027,payment,pay_0034003000,34093,0,0,34093
setl_003400027,payment,pay_0034003079,73870,0,0,73870
setl_003400027,payment,pay_0034003161,37890,758,136,36996
setl_003400027,payment,pay_0034003202,250248,4755,856,244637
setl_003400027,payment,pay_0034003204,44640,893,161,43586
setl_003400027,payment,pay_0034003236,63504,1207,217,62080
setl_003400027,payment,pay_0034003237,15298,153,28,15117
setl_003400027,payment,pay_0034003267,207322,0,0,207322
setl_003400027,payment,pay_0034003278,55712,0,0,55712
setl_003400027,payment,pay_0034003351,19113,382,69,18662
setl_003400027,payment,pay_0034003372,493483,0,0,493483
setl_003400027,payment,pay_0034003391,95045,0,0,95045
setl_003400027,payment,pay_0034003399,126244,1262,227,124755
setl_003400027,payment,pay_0034003447,95796,958,172,94666
setl_003400027,payment,pay_0034003454,128513,0,0,128513
setl_003400027,payment,pay_0034003471,86282,0,0,86282
setl_003400027,payment,pay_0034003592,69045,1381,249,67415
setl_003400027,payment,pay_0034003595,68468,0,0,68468
setl_003400027,payment,pay_0034003604,68144,681,123,67340
setl_003400027,payment,pay_0034003678,52523,0,0,52523
setl_003400027,payment,pay_0034003719,62252,0,0,62252
setl_003400027,payment,pay_0034003738,53002,0,0,53002
setl_003400027,payment,pay_0034003775,68292,0,0,68292
setl_003400027,payment,pay_0034003798,64589,1227,221,63141
setl_003400027,payment,pay_0034003800,49823,0,0,49823
setl_003400027,payment,pay_0034003801,83487,2505,451,80531
setl_003400027,payment,pay_0034003909,31253,0,0,31253
setl_003400027,payment,pay_0034003948,25399,0,0,25399
setl_003400027,refund,rfnd_0034000745,-71065,0,0,-71065
setl_003400027,refund,rfnd_0034001251,-36652,0,0,-36652
setl_003400027,refund,rfnd_0034002038,-2870,0,0,-2870
setl_003400027,refund,rfnd_0034002816,-109533,0,0,-109533
setl_003400027,refund,rfnd_0034003824,-54848,0,0,-54848
setl_003400027,refund,rfnd_0034003894,-63664,0,0,-63664
setl_003400028,payment,pay_0034000120,52213,0,0,52213
setl_003400028,payment,pay_0034000139,22141,421,76,21644
setl_003400028,payment,pay_0034000223,269031,0,0,269031
setl_003400028,payment,pay_0034000246,65108,0,0,65108
setl_003400028,payment,pay_0034000313,26189,524,94,25571
setl_003400028,payment,pay_0034000331,25019,0,0,25019
setl_003400028,payment,pay_0034000361,152438,0,0,152438
setl_003400028,payment,pay_0034000382,129364,0,0,129364
setl_003400028,payment,pay_0034000391,133100,2662,479,129959
setl_003400028,payment,pay_0034000392,182154,0,0,182154
setl_003400028,payment,pay_0034000418,88439,1769,318,86352
setl_003400028,payment,pay_0034000460,11208,0,0,11208
setl_003400028,payment,pay_0034000473,520279,0,0,520279
setl_003400028,payment,pay_0034000492,32637,0,0,32637
setl_003400028,payment,pay_0034000576,122012,2318,417,119277
setl_003400028,payment,pay_0034000626,19053,0,0,19053
setl_003400028,payment,pay_0034000655,78400,1921,346,76133
setl_003400028,payment,pay_0034000810,49657,0,0,49657
setl_003400028,payment,pay_0034000850,76822,0,0,76822
setl_003400028,payment,pay_0034000886,144265,2885,519,140861
setl_003400028,payment,pay_0034000894,91294,0,0,91294
setl_003400028,payment,pay_0034000943,46623,0,0,46623
setl_003400028,payment,pay_0034001009,64196,0,0,64196
setl_003400028,payment,pay_0034001124,50844,0,0,50844
setl_003400028,payment,pay_0034001197,162874,3095,557,159222
setl_003400028,payment,pay_0034001204,30211,0,0,30211
setl_003400028,payment,pay_0034001209,333073,0,0,333073
setl_003400028,payment,pay_0034001243,26154,523,94,25537
setl_003400028,payment,pay_0034001343,325754,0,0,325754
setl_003400028,payment,pay_0034001360,49090,0,0,49090
setl_003400028,payment,pay_0034001373,81892,0,0,81892
setl_003400028,payment,pay_0034001374,112108,0,0,112108
setl_003400028,payment,pay_0034001376,140355,0,0,140355
setl_003400028,payment,pay_0034001389,44097,0,0,44097
setl_003400028,payment,pay_0034001431,96798,0,0,96798
setl_003400028,payment,pay_0034001514,108690,0,0,108690
setl_003400028,payment,pay_0034001519,215796,0,0,215796
setl_003400028,payment,pay_0034001539,51750,1035,186,50529
setl_003400028,payment,pay_0034001591,248950,0,0,248950
setl_003400028,payment,pay_0034001600,70910,1418,255,69237
setl_003400028,payment,pay_0034001621,127005,0,0,127005
setl_003400028,payment,pay_0034001640,23562,471,85,23006
setl_003400028,payment,pay_0034001662,36951,0,0,36951
setl_003400028,payment,pay_0034001771,127357,0,0,127357
setl_003400028,payment,pay_0034001841,138821,2776,500,135545
setl_003400028,payment,pay_0034001905,60728,0,0,60728
setl_003400028,payment,pay_0034001919,57920,0,0,57920
setl_003400028,payment,pay_0034001931,8286,0,0,8286
setl_003400028,payment,pay_0034001938,124093,2482,447,121164
setl_003400028,payment,pay_0034001970,36703,0,0,36703
setl_003400028,payment,pay_0034002010,527193,15816,2847,508530
setl_003400028,payment,pay_0034002040,81486,1548,279,79659
setl_003400028,payment,pay_0034002078,109814,0,0,109814
setl_003400028,payment,pay_0034002084,20455,0,0,20455
setl_003400028,payment,pay_0034002094,95946,0,0,95946
setl_003400028,payment,pay_0034002099,48663,0,0,48663
setl_003400028,payment,pay_0034002119,39426,0,0,39426
setl_003400028,payment,pay_0034002143,67527,0,0,67527
setl_003400028,payment,pay_0034002154,254957,0,0,254957
setl_003400028,payment,pay_0034002177,234511,0,0,234511
setl_003400028,payment,pay_0034002184,55857,1117,201,54539
setl_003400028,payment,pay_0034002201,38685,174,31,38480
setl_003400028,payment,pay_0034002213,26068,521,94,25453
setl_003400028,payment,pay_0034002289,28423,568,102,27753
setl_003400028,payment,pay_0034002295,30596,0,0,30596
setl_003400028,payment,pay_0034002333,120398,0,0,120398
setl_003400028,payment,pay_0034002356,37116,742,134,36240
setl_003400028,payment,pay_0034002465,131853,2637,475,128741
setl_003400028,payment,pay_0034002499,43314,0,0,43314
setl_003400028,payment,pay_0034002509,135727,2715,489,132523
setl_003400028,payment,pay_0034002526,37059,0,0,37059
setl_003400028,payment,pay_0034002542,98493,0,0,98493
setl_003400028,payment,pay_0034002543,52071,0,0,52071
setl_003400028,payment,pay_0034002552,65983,1320,238,64425
setl_003400028,payment,pay_0034002652,28165,563,101,27501
setl_003400028,payment,pay_0034002688,252205,0,0,252205
setl_003400028,payment,pay_0034002717,54417,1088,196,53133
setl_003400028,payment,pay_0034002755,105688,0,0,105688
setl_003400028,payment,pay_0034002760,150599,0,0,150599
setl_003400028,payment,pay_0034002912,105652,0,0,105652
setl_003400028,payment,pay_0034002972,98683,1875,338,96470
setl_003400028,payment,pay_0034002973,67086,0,0,67086
setl_003400028,payment,pay_0034003028,107824,0,0,107824
setl_003400028,payment,pay_0034003044,10110,0,0,10110
setl_003400028,payment,pay_0034003060,95026,0,0,95026
setl_003400028,payment,pay_0034003073,84226,0,0,84226
setl_003400028,payment,pay_0034003094,65151,1498,270,63383
setl_003400028,payment,pay_0034003111,70516,1410,254,68852
setl_003400028,payment,pay_0034003158,169370,0,0,169370
setl_003400028,payment,pay_0034003212,210935,0,0,210935
setl_003400028,payment,pay_0034003226,200566,0,0,200566
setl_003400028,payment,pay_0034003245,9306,0,0,9306
setl_003400028,payment,pay_0034003280,105253,2105,379,102769
setl_003400028,payment,pay_0034003287,91323,0,0,91323
setl_003400028,payment,pay_0034003290,283681,0,0,283681
setl_003400028,payment,pay_0034003315,365086,0,0,365086
setl_003400028,payment,pay_0034003330,48817,0,0,48817
setl_003400028,payment,pay_0034003355,54228,1030,185,53013
setl_003400028,payment,pay_0034003397,54778,0,0,54778
setl_003400028,payment,pay_0034003421,45179,858,154,44167
setl_003400028,payment,pay_0034003444,36321,726,131,35464
setl_003400028,payment,pay_0034003452,125844,0,0,125844
setl_003400028,payment,pay_0034003524,44665,893,161,43611
setl_003400028,payment,pay_0034003638,181741,1817,327,179597
setl_003400028,payment,pay_0034003655,49322,986,177,48159
setl_003400028,payment,pay_0034003656,182406,3648,657,178101
setl_003400028,payment,pay_0034003662,38819,0,0,38819
setl_003400028,payment,pay_0034003673,12711,0,0,12711
setl_003400028,payment,pay_0034003709,45118,0,0,45118
setl_003400028,payment,pay_0034003758,165451,0,0,165451
setl_003400028,payment,pay_0034003763,45501,0,0,45501
setl_003400028,payment,pay_0034003768,151693,0,0,151693
setl_003400028,payment,pay_0034003835,35581,356,64,35161
setl_003400028,payment,pay_0034003863,16255,309,56,15890
setl_003400028,payment,pay_0034003873,51952,1039,187,50726
setl_003400028,payment,pay_0034003927,70528,1340,241,68947
setl_003400028,payment,pay_0034003961,42784,0,0,42784
setl_003400028,payment,pay_0034003963,69311,1386,249,67676
setl_003400028,refund,rfnd_0034000899,-18183,0,0,-18183
setl_003400028,refund,rfnd_0034001801,-52231,0,0,-52231
setl_003400028,refund,rfnd_0034001902,-62284,0,0,-62284
setl_003400028,refund,rfnd_0034003545,-61356,0,0,-61356
setl_003400028,refund,rfnd_0034003750,-18074,0,0,-18074
setl_003400028,refund,rfnd_0034003849,-52519,0,0,-52519
setl_003400029,payment,pay_0034000044,246949,7408,1333,238208
setl_003400029,payment,pay_0034000046,113864,2277,410,111177
setl_003400029,payment,pay_0034000064,99036,1882,339,96815
setl_003400029,payment,pay_0034000079,70852,0,0,70852
setl_003400029,payment,pay_0034000086,27521,0,0,27521
setl_003400029,payment,pay_0034000089,115470,2309,416,112745
setl_003400029,payment,pay_0034000115,62897,1195,215,61487
setl_003400029,payment,pay_0034000152,103566,0,0,103566
setl_003400029,payment,pay_0034000163,54620,0,0,54620
setl_003400029,payment,pay_0034000207,350996,0,0,350996
setl_003400029,payment,pay_0034000262,164456,0,0,164456
setl_003400029,payment,pay_0034000298,490126,0,0,490126
setl_003400029,payment,pay_0034000299,47987,960,173,46854
setl_003400029,payment,pay_0034000305,103040,0,0,103040
setl_003400029,payment,pay_0034000362,249983,0,0,249983
setl_003400029,payment,pay_0034000380,10834,0,0,10834
setl_003400029,payment,pay_0034000420,128797,0,0,128797
setl_003400029,payment,pay_0034000443,25587,512,92,24983
setl_003400029,payment,pay_0034000462,49386,0,0,49386
setl_003400029,payment,pay_0034000485,131300,0,0,131300
setl_003400029,payment,pay_0034000508,149118,0,0,149118
setl_003400029,payment,pay_0034000535,36651,0,0,36651
setl_003400029,payment,pay_0034000566,35874,0,0,35874
setl_003400029,payment,pay_0034000718,301076,0,0,301076
setl_003400029,payment,pay_0034000734,232130,0,0,232130
setl_003400029,payment,pay_0034000779,294929,5899,53087,235943
setl_003400029,payment,pay_0034000816,39158,0,0,39158
setl_003400029,payment,pay_0034000846,395573,7911,1424,386238
setl_003400029,payment,pay_0034000895,40071,0,0,40071
setl_003400029,payment,pay_0034000932,106591,0,0,106591
setl_003400029,payment,pay_0034000935,19399,0,0,19399
setl_003400029,payment,pay_0034000971,97090,0,0,97090
setl_003400029,payment,pay_0034000979,532774,10655,1918,520201
setl_003400029,payment,pay_0034001054,29857,0,0,29857
setl_003400029,payment,pay_0034001107,85177,1618,291,83268
setl_003400029,payment,pay_0034001176,25657,0,0,25657
setl_003400029,payment,pay_0034001225,102838,463,83,102292
setl_003400029,payment,pay_0034001242,423682,0,0,423682
setl_003400029,payment,pay_0034001284,733156,14663,2639,715854
setl_003400029,payment,pay_0034001309,181076,1811,326,178939
setl_003400029,payment,pay_0034001327,40407,0,0,40407
setl_003400029,payment,pay_0034001344,108119,1081,195,106843
setl_003400029,payment,pay_0034001363,126774,2535,456,123783
setl_003400029,payment,pay_0034001378,107895,1079,194,106622
setl_003400029,payment,pay_0034001400,71203,0,0,71203
setl_003400029,payment,pay_0034001428,146378,0,0,146378
setl_003400029,payment,pay_0034001429,65821,1316,237,64268
setl_003400029,payment,pay_0034001526,27120,0,0,27120
setl_003400029,payment,pay_0034001556,63421,0,0,63421
setl_003400029,payment,pay_0034001601,9808,0,0,9808
setl_003400029,payment,pay_0034001625,1091867,0,0,1091867
setl_003400029,payment,pay_0034001637,88650,1773,319,86558
setl_003400029,payment,pay_0034001641,25905,518,93,25294
setl_003400029,payment,pay_0034001666,100620,0,0,100620
setl_003400029,payment,pay_0034001678,135433,0,0,135433
setl_003400029,payment,pay_0034001701,179261,0,0,179261
setl_003400029,payment,pay_0034001711,243373,0,0,243373
setl_003400029,payment,pay_0034001822,110451,0,0,110451
setl_003400029,payment,pay_0034001853,332312,0,0,332312
setl_003400029,payment,pay_0034001962,86248,0,0,86248
setl_003400029,payment,pay_0034001969,21820,436,78,21306
setl_003400029,payment,pay_0034002008,49800,498,90,49212
setl_003400029,payment,pay_0034002091,64510,1226,221,63063
setl_003400029,payment,pay_0034002127,122721,0,0,122721
setl_003400029,payment,pay_0034002134,196281,3729,671,191881
setl_003400029,payment,pay_0034002135,46393,0,0,46393
setl_003400029,payment,pay_0034002161,23803,0,0,23803
setl_003400029,payment,pay_0034002175,27082,0,0,27082
setl_003400029,payment,pay_0034002207,12174,0,0,12174
setl_003400029,payment,pay_0034002285,62897,0,0,62897
setl_003400029,payment,pay_0034002304,30464,305,55,30104
setl_003400029,payment,pay_0034002306,70635,0,0,70635
setl_003400029,payment,pay_0034002346,53424,0,0,53424
setl_003400029,payment,pay_0034002353,352339,7047,1268,344024
setl_003400029,payment,pay_0034002398,54775,0,0,54775
setl_003400029,payment,pay_0034002446,111087,0,0,111087
setl_003400029,payment,pay_0034002463,19968,0,0,19968
setl_003400029,payment,pay_0034002495,79442,0,0,79442
setl_003400029,payment,pay_0034002510,94459,0,0,94459
setl_003400029,payment,pay_0034002525,62371,0,0,62371
setl_003400029,payment,pay_0034002558,127534,2551,459,124524
setl_003400029,payment,pay_0034002638,136596,0,0,136596
setl_003400029,payment,pay_0034002650,141974,2839,511,138624
setl_003400029,payment,pay_0034002677,15712,314,57,15341
setl_003400029,payment,pay_0034002697,289606,0,0,289606
setl_003400029,payment,pay_0034002737,182177,3644,32792,145741
setl_003400029,payment,pay_0034002785,90176,0,0,90176
setl_003400029,payment,pay_0034002853,210825,0,0,210825
setl_003400029,payment,pay_0034002854,23265,465,84,22716
setl_003400029,payment,pay_0034002915,64200,0,0,64200
setl_003400029,payment,pay_0034002952,25274,480,86,24708
setl_003400029,payment,pay_0034002954,258699,0,0,258699
setl_003400029,payment,pay_0034002960,38808,0,0,38808
setl_003400029,payment,pay_0034003005,39495,0,0,39495
setl_003400029,payment,pay_0034003084,86039,0,0,86039
setl_003400029,payment,pay_0034003102,15781,0,0,15781
setl_003400029,payment,pay_0034003112,27143,0,0,27143
setl_003400029,payment,pay_0034003114,56578,0,0,56578
setl_003400029,payment,pay_0034003126,9685,0,0,9685
setl_003400029,payment,pay_0034003154,15929,303,55,15571
setl_003400029,payment,pay_0034003206,45546,911,164,44471
setl_003400029,payment,pay_0034003234,43055,0,0,43055
setl_003400029,payment,pay_0034003253,239475,0,0,239475
setl_003400029,payment,pay_0034003273,141322,0,0,141322
setl_003400029,payment,pay_0034003314,767461,15349,2763,749349
setl_003400029,payment,pay_0034003406,89210,1784,321,87105
setl_003400029,payment,pay_0034003459,55450,555,100,54795
setl_003400029,payment,pay_0034003488,440032,14521,2614,422897
setl_003400029,payment,pay_0034003525,39348,0,0,39348
setl_003400029,payment,pay_0034003626,538093,0,0,538093
setl_003400029,payment,pay_0034003657,104369,0,0,104369
setl_003400029,payment,pay_0034003748,15895,302,54,15539
setl_003400029,payment,pay_0034003761,174043,0,0,174043
setl_003400029,payment,pay_0034003889,50425,958,172,49295
setl_003400029,payment,pay_0034003925,166682,0,0,166682
setl_003400029,payment,pay_0034003964,13343,0,0,13343
setl_003400029,payment,pay_0034003982,90675,1814,327,88534
setl_003400029,refund,rfnd_0034000331,-17998,0,0,-17998
setl_003400029,refund,rfnd_0034000434,-154767,0,0,-154767
setl_003400029,refund,rfnd_0034000734,-232130,0,0,-232130
setl_003400029,refund,rfnd_0034001701,-179261,0,0,-179261
setl_003400029,refund,rfnd_0034001827,-98068,0,0,-98068
setl_003400030,payment,pay_0034000001,39447,0,0,39447
setl_003400030,payment,pay_0034000015,64903,1298,234,63371
setl_003400030,payment,pay_0034000017,216830,0,0,216830
setl_003400030,payment,pay_0034000018,51449,0,0,51449
setl_003400030,payment,pay_0034000020,119007,2380,428,116199
setl_003400030,payment,pay_0034000058,15965,319,57,15589
setl_003400030,payment,pay_0034000071,59084,0,0,59084
setl_003400030,payment,pay_0034000106,13352,0,0,13352
setl_003400030,payment,pay_0034000121,153916,2924,526,150466
setl_003400030,payment,pay_0034000206,61653,1233,222,60198
setl_003400030,payment,pay_0034000250,38575,0,0,38575
setl_003400030,payment,pay_0034000306,94286,0,0,94286
setl_003400030,payment,pay_0034000354,84734,1610,290,82834
setl_003400030,payment,pay_0034000370,39201,784,141,38276
setl_003400030,payment,pay_0034000411,61144,611,11006,49527
setl_003400030,payment,pay_0034000444,57184,1086,195,55903
setl_003400030,payment,pay_0034000559,189770,3795,683,185292
setl_003400030,payment,pay_0034000567,96010,0,0,96010
setl_003400030,payment,pay_0034000582,170863,0,0,170863
setl_003400030,payment,pay_0034000595,45852,917,165,44770
setl_003400030,payment,pay_0034000614,32173,0,0,32173
setl_003400030,payment,pay_0034000672,106063,2015,363,103685
setl_003400030,payment,pay_0034000735,31688,634,114,30940
setl_003400030,payment,pay_0034000757,38260,0,0,38260
setl_003400030,payment,pay_0034000763,109733,0,0,109733
setl_003400030,payment,pay_0034000774,32831,657,118,32056
setl_003400030,payment,pay_0034000836,185914,1859,335,183720
setl_003400030,payment,pay_0034000887,51396,0,0,51396
setl_003400030,payment,pay_0034000945,20847,0,0,20847
setl_003400030,payment,pay_0034001012,24670,493,89,24088
setl_003400030,payment,pay_0034001052,53994,0,0,53994
setl_003400030,payment,pay_0034001067,153231,0,0,153231
setl_003400030,payment,pay_0034001082,26457,0,0,26457
setl_003400030,payment,pay_0034001134,87459,0,0,87459
setl_003400030,payment,pay_0034001158,582987,0,0,582987
setl_003400030,payment,pay_0034001184,118783,0,0,118783
setl_003400030,payment,pay_0034001191,55304,0,0,55304
setl_003400030,payment,pay_0034001231,127007,2540,457,124010
setl_003400030,payment,pay_0034001315,305788,0,0,305788
setl_003400030,payment,pay_0034001320,149278,0,0,149278
setl_003400030,payment,pay_0034001402,185188,1852,333,183003
setl_003400030,payment,pay_0034001405,45399,863,155,44381
setl_003400030,payment,pay_0034001473,145267,0,0,145267
setl_003400030,payment,pay_0034001552,180102,0,0,180102
setl_003400030,payment,pay_0034001596,436185,0,0,436185
setl_003400030,payment,pay_0034001670,36885,738,133,36014
setl_003400030,payment,pay_0034001731,36207,362,65,35780
setl_003400030,payment,pay_0034001799,22504,0,0,22504
setl_003400030,payment,pay_0034001876,87018,0,0,87018
setl_003400030,payment,pay_0034001878,48419,0,0,48419
setl_003400030,payment,pay_0034001890,4900,0,0,4900
setl_003400030,payment,pay_0034001922,61794,0,0,61794
setl_003400030,payment,pay_0034002079,253101,0,0,253101
setl_003400030,payment,pay_0034002093,79230,0,0,79230
setl_003400030,payment,pay_0034002131,124417,2364,426,121627
setl_003400030,payment,pay_0034002141,137880,2758,496,134626
setl_003400030,payment,pay_0034002153,107443,2041,367,105035
setl_003400030,payment,pay_0034002190,15300,0,0,15300
setl_003400030,payment,pay_0034002197,13787,138,25,13624
setl_003400030,payment,pay_0034002216,167578,3184,573,163821
setl_003400030,payment,pay_0034002217,108096,0,0,108096
setl_003400030,payment,pay_0034002252,221638,0,0,221638
setl_003400030,payment,pay_0034002254,24925,474,85,24366
setl_003400030,payment,pay_0034002327,105822,2011,362,103449
setl_003400030,payment,pay_0034002351,81157,0,0,81157
setl_003400030,payment,pay_0034002384,109409,0,0,109409
setl_003400030,payment,pay_0034002386,186050,5582,33489,146979
setl_003400030,payment,pay_0034002407,46455,0,0,46455
setl_003400030,payment,pay_0034002435,136323,0,0,136323
setl_003400030,payment,pay_0034002533,101987,2040,367,99580
setl_003400030,payment,pay_0034002540,23647,0,0,23647
setl_003400030,payment,pay_0034002586,126232,2525,455,123252
setl_003400030,payment,pay_0034002642,90618,1812,326,88480
setl_003400030,payment,pay_0034002664,175755,0,0,175755
setl_003400030,payment,pay_0034002705,59355,1128,203,58024
setl_003400030,payment,pay_0034002728,155386,0,0,155386
setl_003400030,payment,pay_0034002758,44182,0,0,44182
setl_003400030,payment,pay_0034002761,88198,0,0,88198
setl_003400030,payment,pay_0034002763,46735,888,160,45687
setl_003400030,payment,pay_0034002804,28944,0,0,28944
setl_003400030,payment,pay_0034002825,58194,1164,210,56820
setl_003400030,payment,pay_0034002828,171432,0,0,171432
setl_003400030,payment,pay_0034002859,60726,1215,219,59292
setl_003400030,payment,pay_0034002892,107047,0,0,107047
setl_003400030,payment,pay_0034002895,155124,0,0,155124
setl_003400030,payment,pay_0034003002,88692,0,0,88692
setl_003400030,payment,pay_0034003004,47363,947,170,46246
setl_003400030,payment,pay_0034003027,15520,0,0,15520
setl_003400030,payment,pay_0034003075,61473,1229,221,60023
setl_003400030,payment,pay_0034003105,264259,0,0,264259
setl_003400030,payment,pay_0034003128,29769,0,0,29769
setl_003400030,payment,pay_0034003152,4900,0,0,4900
setl_003400030,payment,pay_0034003199,128566,2571,463,125532
setl_003400030,payment,pay_0034003216,101003,0,0,101003
setl_003400030,payment,pay_0034003223,20150,383,69,19698
setl_003400030,payment,pay_0034003229,34898,0,0,34898
setl_003400030,payment,pay_0034003243,38590,0,0,38590
setl_003400030,payment,pay_0034003284,72367,0,0,72367
setl_003400030,payment,pay_0034003376,80504,1610,290,78604
setl_003400030,payment,pay_0034003453,283140,0,0,283140
setl_003400030,payment,pay_0034003458,381276,0,0,381276
setl_003400030,payment,pay_0034003484,141747,0,0,141747
setl_003400030,payment,pay_0034003537,37112,0,0,37112
setl_003400030,payment,pay_0034003565,160014,0,0,160014
setl_003400030,payment,pay_0034003571,116432,2329,419,113684
setl_003400030,payment,pay_0034003591,63949,0,0,63949
setl_003400030,payment,pay_0034003601,53997,0,0,53997
setl_003400030,payment,pay_0034003603,29392,0,0,29392
setl_003400030,payment,pay_0034003621,71457,0,0,71457
setl_003400030,payment,pay_0034003650,18577,0,0,18577
setl_003400030,payment,pay_0034003664,41505,789,142,40574
setl_003400030,payment,pay_0034003697,23377,468,84,22825
setl_003400030,payment,pay_0034003727,14602,277,50,14275
setl_003400030,payment,pay_0034003731,19546,0,0,19546
setl_003400030,payment,pay_0034003767,34289,0,0,34289
setl_003400030,payment,pay_0034003786,40180,804,145,39231
setl_003400030,payment,pay_0034003791,65934,659,119,65156
setl_003400030,payment,pay_0034003792,202161,4043,728,197390
setl_003400030,payment,pay_0034003829,143539,0,0,143539
setl_003400030,payment,pay_0034003883,42299,0,0,42299
setl_003400030,payment,pay_0034003896,108833,0,0,108833
setl_003400030,payment,pay_0034003932,422516,8450,1521,412545
setl_003400030,payment,pay_0034003949,204016,0,0,204016
setl_003400030,payment,pay_0034003957,206690,0,0,206690
setl_003400030,refund,rfnd_0034000133,-124656,0,0,-124656
setl_003400030,refund,rfnd_0034000492,-32637,0,0,-32637
setl_003400030,refund,rfnd_0034000551,-70038,0,0,-70038
setl_003400030,refund,rfnd_0034001315,-305788,0,0,-305788
setl_003400030,refund,rfnd_0034002183,-154259,0,0,-154259
setl_003400030,refund,rfnd_0034002546,-8842,0,0,-8842
setl_003400030,refund,rfnd_0034002999,-131728,0,0,-131728
setl_003400030,refund,rfnd_0034003626,-538093,0,0,-538093
setl_003400030,refund,rfnd_0034003768,-151693,0,0,-151693
setl_003400030,refund,rfnd_0034003814,-33534,0,0,-33534
setl_003400031,payment,pay_0034003062,69875,0,0,69875
setl_003400031,refund,rfnd_0034000314,-35120,0,0,-35120
setl_003400031,refund,rfnd_0034000741,-9184,0,0,-9184
setl_003400031,refund,rfnd_0034000886,-144265,0,0,-144265
setl_003400031,refund,rfnd_0034001561,-138708,0,0,-138708
setl_003400031,refund,rfnd_0034003444,-16016,0,0,-16016
setl_003400031,refund,rfnd_0034003766,-511637,0,0,-511637
setl_003400031,dispute,disp_0034000572,-120045,0,0,-120045
setl_003400031,dispute,disp_0034001281,-41460,0,0,-41460
setl_003400032,refund,rfnd_0034002008,-49800,0,0,-49800
setl_003400032,refund,rfnd_0034002543,-52071,0,0,-52071
setl_003400032,refund,rfnd_0034002886,-69076,0,0,-69076
setl_003400032,refund,rfnd_0034003360,-22207,0,0,-22207
setl_003400032,dispute,disp_0034000154,-61868,0,0,-61868
setl_003400032,dispute,disp_0034003866,-66112,0,0,-66112
setl_003400033,refund,rfnd_0034001938,-52342,0,0,-52342
setl_003400033,refund,rfnd_0034002111,-77094,0,0,-77094
setl_003400033,refund,rfnd_0034002134,-196281,0,0,-196281
setl_003400033,refund,rfnd_0034003128,-18836,0,0,-18836
setl_003400033,dispute,disp_0034003245,-9306,0,0,-9306
setl_003400034,refund,rfnd_0034000570,-30707,0,0,-30707
setl_003400034,refund,rfnd_0034002161,-23803,0,0,-23803
setl_003400034,refund,rfnd_0034003202,-125578,0,0,-125578
setl_003400035,refund,rfnd_0034000220,-71416,0,0,-71416
setl_003400035,refund,rfnd_0034000340,-237295,0,0,-237295
setl_003400035,refund,rfnd_0034000535,-36651,0,0,-36651
setl_003400035,refund,rfnd_0034000718,-301076,0,0,-301076
setl_003400035,refund,rfnd_0034000779,-294929,0,0,-294929
setl_003400035,refund,rfnd_0034001256,-29324,0,0,-29324
setl_003400035,refund,rfnd_0034002785,-90176,0,0,-90176
setl_003400035,refund,rfnd_0034003273,-141322,0,0,-141322
setl_003400035,refund,rfnd_0034003835,-35581,0,0,-35581
setl_003400036,refund,rfnd_0034000325,-33586,0,0,-33586
setl_003400036,refund,rfnd_0034001355,-115034,0,0,-115034
setl_003400036,refund,rfnd_0034001876,-42217,0,0,-42217
setl_003400036,refund,rfnd_0034002248,-82804,0,0,-82804
setl_003400036,refund,rfnd_0034003953,-199206,0,0,-199206
setl_003400036,dispute,disp_0034000300,-54722,0,0,-54722
setl_003400036,dispute,disp_0034001944,-38097,0,0,-38097
setl_003400037,refund,rfnd_0034001678,-98801,0,0,-98801
setl_003400037,refund,rfnd_0034002755,-105688,0,0,-105688
setl_003400037,refund,rfnd_0034003206,-29793,0,0,-29793
setl_003400037,dispute,disp_0034003522,-54254,0,0,-54254
setl_003400038,refund,rfnd_0034002859,-60726,0,0,-60726
setl_003400038,refund,rfnd_0034003284,-72367,0,0,-72367
setl_003400039,refund,rfnd_0034000089,-115470,0,0,-115470
setl_003400039,refund,rfnd_0034003152,-1399,0,0,-1399
setl_003400040,dispute,disp_0034002448,-387515,0,0,-387515
setl_003400041,dispute,disp_0034002141,-137880,0,0,-137880
setl_003400026,payment,pay_0034001288d,28805,0,0,28805
setl_003400003,payment,pay_0034001099d,53664,1073,193,52398
setl_003400017,payment,pay_0034003192d,559637,0,0,559637
setl_003400014,payment,pay_0034001432d,131485,2630,473,128382
setl_003400022,payment,pay_0034002836d,165822,0,0,165822
setl_003400020,payment,pay_0034001001d,149716,0,0,149716
setl_003400021,payment,pay_0034003009d,55007,1100,198,53709
setl_003400010,payment,pay_0034003306d,189142,0,0,189142
setl_003400025,payment,pay_0034000236d,66835,0,0,66835
setl_003400026,payment,pay_0034000723d,61749,0,0,61749
setl_003400019,refund,rfnd_0034000051,-333943,0,0,-333943
setl_003400018,refund,rfnd_0034002859,-60726,0,0,-60726
setl_003400011,refund,rfnd_0034002921,-269796,0,0,-269796
setl_003400006,refund,rfnd_0034002816,-109533,0,0,-109533
setl_003400007,refund,rfnd_0034001234,-109259,0,0,-109259
setl_003400016,refund,rfnd_0034001597,-69259,0,0,-69259
setl_003400000,refund,rfnd_0034000492,-32637,0,0,-32637
setl_003400020,refund,rfnd_0034002008,-49800,0,0,-49800
setl_003400025,dispute,disp_0034001281,-41460,0,0,-41460
setl_003400027,dispute,disp_0034003600,-4900,0,0,-4900
